-- MySQL dump 10.13  Distrib 8.0.29, for Win64 (x86_64)
--
-- Host: localhost    Database: 18_project_db
-- ------------------------------------------------------
-- Server version	8.0.29

/*!40101 SET @OLD_CHARACTER_SET_CLIENT=@@CHARACTER_SET_CLIENT */;
/*!40101 SET @OLD_CHARACTER_SET_RESULTS=@@CHARACTER_SET_RESULTS */;
/*!40101 SET @OLD_COLLATION_CONNECTION=@@COLLATION_CONNECTION */;
/*!50503 SET NAMES utf8 */;
/*!40103 SET @OLD_TIME_ZONE=@@TIME_ZONE */;
/*!40103 SET TIME_ZONE='+00:00' */;
/*!40014 SET @OLD_UNIQUE_CHECKS=@@UNIQUE_CHECKS, UNIQUE_CHECKS=0 */;
/*!40014 SET @OLD_FOREIGN_KEY_CHECKS=@@FOREIGN_KEY_CHECKS, FOREIGN_KEY_CHECKS=0 */;
/*!40101 SET @OLD_SQL_MODE=@@SQL_MODE, SQL_MODE='NO_AUTO_VALUE_ON_ZERO' */;
/*!40111 SET @OLD_SQL_NOTES=@@SQL_NOTES, SQL_NOTES=0 */;

--
-- Table structure for table `amount_prod`
--

DROP TABLE IF EXISTS `amount_prod`;
/*!40101 SET @saved_cs_client     = @@character_set_client */;
/*!50503 SET character_set_client = utf8mb4 */;
CREATE TABLE `amount_prod` (
  `id` int NOT NULL AUTO_INCREMENT,
  `size_id` int DEFAULT NULL,
  `color_id` int DEFAULT NULL,
  `amount` int DEFAULT NULL,
  PRIMARY KEY (`id`)
) ENGINE=InnoDB AUTO_INCREMENT=7 DEFAULT CHARSET=utf8mb4 COLLATE=utf8mb4_0900_ai_ci;
/*!40101 SET character_set_client = @saved_cs_client */;

--
-- Dumping data for table `amount_prod`
--

LOCK TABLES `amount_prod` WRITE;
/*!40000 ALTER TABLE `amount_prod` DISABLE KEYS */;
INSERT INTO `amount_prod` VALUES (1,1,3,20),(2,1,5,33),(3,2,2,11),(4,3,1,9),(5,3,1,70),(6,4,5,1);
/*!40000 ALTER TABLE `amount_prod` ENABLE KEYS */;
UNLOCK TABLES;

--
-- Temporary view structure for view `cart_detail_view`
--

DROP TABLE IF EXISTS `cart_detail_view`;
/*!50001 DROP VIEW IF EXISTS `cart_detail_view`*/;
SET @saved_cs_client     = @@character_set_client;
/*!50503 SET character_set_client = utf8mb4 */;
/*!50001 CREATE VIEW `cart_detail_view` AS SELECT 
 1 AS `id`,
 1 AS `cartId`,
 1 AS `productId`,
 1 AS `productQty`,
 1 AS `name`,
 1 AS `price`*/;
SET character_set_client = @saved_cs_client;

--
-- Table structure for table `cloth_category`
--

DROP TABLE IF EXISTS `cloth_category`;
/*!40101 SET @saved_cs_client     = @@character_set_client */;
/*!50503 SET character_set_client = utf8mb4 */;
CREATE TABLE `cloth_category` (
  `id` int NOT NULL AUTO_INCREMENT,
  `category` varchar(255) DEFAULT NULL,
  `parentId` int DEFAULT NULL,
  PRIMARY KEY (`id`)
) ENGINE=InnoDB AUTO_INCREMENT=10 DEFAULT CHARSET=utf8mb3;
/*!40101 SET character_set_client = @saved_cs_client */;

--
-- Dumping data for table `cloth_category`
--

LOCK TABLES `cloth_category` WRITE;
/*!40000 ALTER TABLE `cloth_category` DISABLE KEYS */;
INSERT INTO `cloth_category` VALUES (1,'上衣',NULL),(2,'下著',NULL),(3,'配件',NULL),(4,'T恤',1),(5,'襯衫',1),(6,'褲子',2),(7,'裙子',2),(8,'帽子',3),(9,'耳環',3);
/*!40000 ALTER TABLE `cloth_category` ENABLE KEYS */;
UNLOCK TABLES;

--
-- Table structure for table `color_prod`
--

DROP TABLE IF EXISTS `color_prod`;
/*!40101 SET @saved_cs_client     = @@character_set_client */;
/*!50503 SET character_set_client = utf8mb4 */;
CREATE TABLE `color_prod` (
  `id` int unsigned NOT NULL AUTO_INCREMENT,
  `color_name` varchar(50) CHARACTER SET utf8mb4 COLLATE utf8mb4_0900_ai_ci DEFAULT NULL,
  `prod_id` int DEFAULT NULL,
  PRIMARY KEY (`id`)
) ENGINE=InnoDB AUTO_INCREMENT=7 DEFAULT CHARSET=utf8mb4 COLLATE=utf8mb4_0900_ai_ci;
/*!40101 SET character_set_client = @saved_cs_client */;

--
-- Dumping data for table `color_prod`
--

LOCK TABLES `color_prod` WRITE;
/*!40000 ALTER TABLE `color_prod` DISABLE KEYS */;
INSERT INTO `color_prod` VALUES (1,'black',1),(2,'white',1),(3,'gray',2),(4,'red',3),(5,'green',3),(6,'yellow',5);
/*!40000 ALTER TABLE `color_prod` ENABLE KEYS */;
UNLOCK TABLES;

--
-- Table structure for table `item`
--

DROP TABLE IF EXISTS `item`;
/*!40101 SET @saved_cs_client     = @@character_set_client */;
/*!50503 SET character_set_client = utf8mb4 */;
CREATE TABLE `item` (
  `id` int NOT NULL AUTO_INCREMENT,
  `ord_id` int DEFAULT NULL,
  `prod_id` int DEFAULT NULL,
  `quantity` int DEFAULT NULL,
  PRIMARY KEY (`id`)
) ENGINE=InnoDB AUTO_INCREMENT=6 DEFAULT CHARSET=utf8mb4 COLLATE=utf8mb4_0900_ai_ci;
/*!40101 SET character_set_client = @saved_cs_client */;

--
-- Dumping data for table `item`
--

LOCK TABLES `item` WRITE;
/*!40000 ALTER TABLE `item` DISABLE KEYS */;
INSERT INTO `item` VALUES (1,1,1,2),(2,1,2,4),(3,1,3,1),(4,2,2,1),(5,2,3,5);
/*!40000 ALTER TABLE `item` ENABLE KEYS */;
UNLOCK TABLES;

--
-- Table structure for table `members`
--

DROP TABLE IF EXISTS `members`;
/*!40101 SET @saved_cs_client     = @@character_set_client */;
/*!50503 SET character_set_client = utf8mb4 */;
CREATE TABLE `members` (
  `id` int NOT NULL AUTO_INCREMENT,
  `name` varchar(255) NOT NULL,
  `password` varchar(255) NOT NULL,
  `email` varchar(255) NOT NULL,
  `phone` varchar(255) NOT NULL,
  `address` varchar(255) NOT NULL,
  PRIMARY KEY (`id`)
) ENGINE=InnoDB AUTO_INCREMENT=11 DEFAULT CHARSET=utf8mb4 COLLATE=utf8mb4_0900_ai_ci;
/*!40101 SET character_set_client = @saved_cs_client */;

--
-- Dumping data for table `members`
--

LOCK TABLES `members` WRITE;
/*!40000 ALTER TABLE `members` DISABLE KEYS */;
INSERT INTO `members` VALUES (1,'石一惟','9f5d55a37973c822837f46763ef0719e','tarokun@gmail.com','0956781264','台北市大安區忠孝東路三段1號'),(2,'葉宸','27dcc1fdad8bdc3720f0b9509a6e8c12','jjiro264@gmail.com','0968524462','新北市林口區粉寮路一段101號'),(3,'丁巧巧','c078ebdb28e3be554ab2cbc1a40c0b90','sanrooo@gmail.com','0984273132','台中市沙鹿區台灣大道七段200號'),(4,'李晚晚','9f5d55a37973c822837f46763ef0719e','white164@gmail.com','0965852221','台南市中西區樹林街二段33號'),(7,'李威廉','27dcc1fdad8bdc3720f0b9509a6e8c12','abc@gmail.com','0965852221','台南市中西區樹林街二段33號'),(8,'李霖霖','c078ebdb28e3be554ab2cbc1a40c0b90','bbb@gmail.com','0900880665','新北市林口區粉寮路一段101號'),(9,'李婉琳','9f5d55a37973c822837f46763ef0719e','wendy@gmail.com','0937088775','台北市大安區忠孝東路三段1號'),(10,'丁蘋蘋','4a2dcac44b91ba8a56e661de671ca443','ccc@gmail.com','0966888777','新北市林口區粉寮路一段101號');
/*!40000 ALTER TABLE `members` ENABLE KEYS */;
UNLOCK TABLES;

--
-- Table structure for table `my_closet`
--

DROP TABLE IF EXISTS `my_closet`;
/*!40101 SET @saved_cs_client     = @@character_set_client */;
/*!50503 SET character_set_client = utf8mb4 */;
CREATE TABLE `my_closet` (
  `closet_id` int NOT NULL AUTO_INCREMENT,
  `member_id` int DEFAULT NULL,
  `prod_id` int DEFAULT NULL,
  PRIMARY KEY (`closet_id`)
) ENGINE=InnoDB AUTO_INCREMENT=8 DEFAULT CHARSET=utf8mb4 COLLATE=utf8mb4_0900_ai_ci;
/*!40101 SET character_set_client = @saved_cs_client */;

--
-- Dumping data for table `my_closet`
--

LOCK TABLES `my_closet` WRITE;
/*!40000 ALTER TABLE `my_closet` DISABLE KEYS */;
INSERT INTO `my_closet` VALUES (1,1,2),(2,1,1),(3,1,4),(4,2,3),(5,2,4),(6,3,4),(7,3,5);
/*!40000 ALTER TABLE `my_closet` ENABLE KEYS */;
UNLOCK TABLES;

--
-- Temporary view structure for view `order_detail_view`
--

DROP TABLE IF EXISTS `order_detail_view`;
/*!50001 DROP VIEW IF EXISTS `order_detail_view`*/;
SET @saved_cs_client     = @@character_set_client;
/*!50503 SET character_set_client = utf8mb4 */;
/*!50001 CREATE VIEW `order_detail_view` AS SELECT 
 1 AS `id`,
 1 AS `orderId`,
 1 AS `productId`,
 1 AS `productQty`,
 1 AS `name`,
 1 AS `price`*/;
SET character_set_client = @saved_cs_client;

--
-- Table structure for table `orderitems2`
--

DROP TABLE IF EXISTS `orderitems2`;
/*!40101 SET @saved_cs_client     = @@character_set_client */;
/*!50503 SET character_set_client = utf8mb4 */;
CREATE TABLE `orderitems2` (
  `seqno` int NOT NULL AUTO_INCREMENT,
  `highlight` varchar(255) DEFAULT NULL,
  `id` int DEFAULT NULL,
  `clothcategoryName` varchar(255) DEFAULT NULL,
  `descrip` varchar(255) DEFAULT NULL,
  `orderNo` int DEFAULT NULL,
  `quantity` int DEFAULT NULL,
  `name` varchar(255) DEFAULT NULL,
  `actualPrice` double DEFAULT NULL,
  `orderId` int DEFAULT NULL,
  PRIMARY KEY (`seqno`),
  KEY `FkC_Order2Bean` (`orderId`),
  CONSTRAINT `FkC_Order2Bean` FOREIGN KEY (`orderId`) REFERENCES `orders` (`id`)
) ENGINE=InnoDB AUTO_INCREMENT=6 DEFAULT CHARSET=utf8mb4 COLLATE=utf8mb4_0900_ai_ci;
/*!40101 SET character_set_client = @saved_cs_client */;

--
-- Dumping data for table `orderitems2`
--

LOCK TABLES `orderitems2` WRITE;
/*!40000 ALTER TABLE `orderitems2` DISABLE KEYS */;
INSERT INTO `orderitems2` VALUES (4,'這件上衣是最棒的',1,'上衣','海恩斯莫里斯服飾是瑞典的跨國時裝公司，總部位於斯德哥爾摩，於亞洲歐洲和美國等多個國家均設有分店，產品以平價聞名。H&M由埃林·佩爾森於1947年於瑞典韋斯特羅斯成立。',NULL,2,'潮上衣',1000,4),(5,'這件上衣是最棒的',1,'上衣','海恩斯莫里斯服飾是瑞典的跨國時裝公司，總部位於斯德哥爾摩，於亞洲歐洲和美國等多個國家均設有分店，產品以平價聞名。H&M由埃林·佩爾森於1947年於瑞典韋斯特羅斯成立。',NULL,1,'潮上衣',1000,5);
/*!40000 ALTER TABLE `orderitems2` ENABLE KEYS */;
UNLOCK TABLES;

--
-- Table structure for table `orders`
--

DROP TABLE IF EXISTS `orders`;
/*!40101 SET @saved_cs_client     = @@character_set_client */;
/*!50503 SET character_set_client = utf8mb4 */;
CREATE TABLE `orders` (
  `id` int NOT NULL AUTO_INCREMENT,
  `member_id` int NOT NULL,
  `order_date` datetime DEFAULT NULL,
  `shipping_address` varchar(64) NOT NULL,
  `shipping_date` datetime DEFAULT NULL,
  `recipient` varchar(32) NOT NULL,
  `total_amount` decimal(11,1) NOT NULL,
  `invoice_title` varchar(72) DEFAULT NULL,
  `cancel_tag` tinyint DEFAULT NULL,
  `recip_phone` varchar(20) NOT NULL,
  `shipping_method` int unsigned NOT NULL,
  `ok_tag` tinyint DEFAULT '0',
  PRIMARY KEY (`id`)
) ENGINE=InnoDB AUTO_INCREMENT=4 DEFAULT CHARSET=utf8mb4 COLLATE=utf8mb4_0900_ai_ci;
/*!40101 SET character_set_client = @saved_cs_client */;

--
-- Dumping data for table `orders`
--

LOCK TABLES `orders` WRITE;
/*!40000 ALTER TABLE `orders` DISABLE KEYS */;
INSERT INTO `orders` VALUES (1,1,'2022-09-24 00:00:00','新北市XX區XX路OO號',NULL,'多米羅',3000.0,NULL,1,'987654321',1,0),(2,2,'2022-09-24 00:00:00','台中市MM區TT路OO號',NULL,'多羅米',150.0,NULL,1,'987444333',1,0),(3,2,'2022-09-24 00:00:00','新北市MM區TT路LL號',NULL,'多羅米奇',2466.0,NULL,1,'912345678',2,0);
/*!40000 ALTER TABLE `orders` ENABLE KEYS */;
UNLOCK TABLES;

--
-- Table structure for table `photo`
--

DROP TABLE IF EXISTS `photo`;
/*!40101 SET @saved_cs_client     = @@character_set_client */;
/*!50503 SET character_set_client = utf8mb4 */;
CREATE TABLE `photo` (
  `photo_id` int NOT NULL AUTO_INCREMENT,
  `data` blob,
  `prod_id` int DEFAULT NULL,
  PRIMARY KEY (`photo_id`)
) ENGINE=InnoDB DEFAULT CHARSET=utf8mb4 COLLATE=utf8mb4_0900_ai_ci;
/*!40101 SET character_set_client = @saved_cs_client */;

--
-- Dumping data for table `photo`
--

LOCK TABLES `photo` WRITE;
/*!40000 ALTER TABLE `photo` DISABLE KEYS */;
/*!40000 ALTER TABLE `photo` ENABLE KEYS */;
UNLOCK TABLES;

--
-- Table structure for table `product`
--

DROP TABLE IF EXISTS `product`;
/*!40101 SET @saved_cs_client     = @@character_set_client */;
/*!50503 SET character_set_client = utf8mb4 */;
CREATE TABLE `product` (
  `id` int unsigned NOT NULL AUTO_INCREMENT,
  `product_no` int unsigned DEFAULT NULL,
  `name` varchar(255) CHARACTER SET utf8mb4 COLLATE utf8mb4_0900_ai_ci DEFAULT NULL,
  `descrip` varchar(255) CHARACTER SET utf8mb4 COLLATE utf8mb4_0900_ai_ci DEFAULT NULL,
  `highlight` varchar(255) CHARACTER SET utf8mb4 COLLATE utf8mb4_0900_ai_ci DEFAULT NULL,
  `actual_price` int unsigned DEFAULT NULL,
  `photo` longblob,
  `file_name` varchar(255) DEFAULT NULL,
  `mime_type` varchar(255) DEFAULT NULL,
  `colorId` int DEFAULT NULL,
  `sizeId` int DEFAULT NULL,
  `category` varchar(250) CHARACTER SET utf8mb4 COLLATE utf8mb4_0900_ai_ci DEFAULT NULL,
  `stock` int unsigned DEFAULT NULL,
  `FK_ClothCategoryBean_Id` int DEFAULT NULL,
  PRIMARY KEY (`id`)
) ENGINE=InnoDB AUTO_INCREMENT=13 DEFAULT CHARSET=utf8mb4 COLLATE=utf8mb4_0900_ai_ci;
/*!40101 SET character_set_client = @saved_cs_client */;

--
-- Dumping data for table `product`
--

LOCK TABLES `product` WRITE;
/*!40000 ALTER TABLE `product` DISABLE KEYS */;
INSERT INTO `product` VALUES (1,1,'潮上衣','海恩斯莫里斯服飾是瑞典的跨國時裝公司，總部位於斯德哥爾摩，於亞洲歐洲和美國等多個國家均設有分店，產品以平價聞名。H&M由埃林·佩爾森於1947年於瑞典韋斯特羅斯成立。','這件上衣是最棒的',1000,_binary 'PNG\r\n\Z\n\0\0\0\rIHDR\0\0d\0\0\0\0\0\C\0\0%iCCPICC Profile\0\0xc``2ptqre``\\+)\nrwRR`?\\\\0\\> v^~^**`d`v\rD20\\\\@\Z\J.(*\\(%8h]^R\0gd$e\@좐 g ͗a_ \\' v\@t0l-bV\ep\/,\L\(Q0TpL\OJU,.I\-V\K\/*\/J,IM!\nA!\hI	P<@X\\(v!\0ɥEeP&#1a>9KX \Lz\00OE20\30\\0³OC0\0\0\0	pHYs\0\0\\0\0\+\0\0\0IDATx^\\fWU5~Of2%m&}2\$BXD?\\' \_XAP\M\`H!R^HL\\{\s\睒Lg\>ｧ\s\\뮽\>]\>MMMMMMMMMMMMMMMMMMMMMMMMMMMMMMMMMMMMMMMMMMMMMMMMMMMMMMMMMMMMMMMMMMMMMMMMMMMMMMMMMMMMMMMMMMMMMMMMMMMMMMMMMMMMMMMMMMMMMMMMMMMMMMMMMMMMMMMMMMMMMMMMMMMMMMMMMMMMMMMMMMMMMMMMMMMMMMMMMMM<n%+	\{\3W\\9mŊk,Yzj|kl@@v.ȶl\ox\K\3Ϛ5k\ٳ:u\\)S,C\_nݲGy\\oC9d\\khhhذ\Z ۰Z&Nw\}V: \\˗Pv @\\\4q\֬Ys5\\\;\#W\py\\s\=sz衙\W^=\\[o\=\c=\P|\\$\$Hd[7(\k0_͜9g̘L0dG\\޻\ج\0aC\8<\`\nf\\\[v\ڵk\v?\=LCoLA_g|\~\\0\\s@\\0cA.C&AB.\0\(N;\o\M\8 \}=m\=!Z\	4@8\$-J\[n\\]v\\\0ϙ6m\h\e˖u\\\\0\:L_[P0!\\Hs=~ߊt7\{ʸ\\\%\J?\\orؘ6\q\S\\Ǯ\0Q \\\< \0\0(\\{\\0\!G$>f\~ջ!\ny\wP\\O}j3ò4M;\Z \	uq\y\7}\=\{\w&L?t08Dus\\\\0&BPI\i\o\\\i\Xy\e8O@F\=\0&\}Hs3ނ:\C:ID\5\0wkq}\r\0N]\\?~͖3\8c\2/5\rmN@P:ml\;\0/9w7s.튿wȝI\|b)<\)Ұk+P\*\u?+!ב\<o<\\ߒou5	4	lhl\֪&\\"\f\9\y\$Wd<X!svk\\\\\n\*eFV\܃\!8ȴ|<ss(\k-h\\nc~d[ˏ<\E\<AG 3LE)F\0<>4G^3	\,䝋:\s\!\l\\4pmO\\\qs\c3p\rXg\0U\ƿ\&0\w\}ګt\\g\VA\\|6\\ŋ/\n0\n\\2Y[!M;\Z \\\'@\+\\\tԜ9s0B#\\9\r\@lM\02_dyx\?e:4	\P\Z&\Z\r\/\ӴI0$#\ְوh\w:\4։\:2o[0OД\0흃\3QnĦ\1\1\\\+W̚6m#\Wʆu\:\tl\\\#?LCq`V\#Ӹr\vP\\Onlǽ-[Ϛ&@dmr4	\`9A\\0\'y@p~8\\#M\!FP%s%9\\߅\n(cm\d>\'Q\<l)-iȀ|bl2d\pTۍ&N\LzA%#Æ|M#\@ק$ml\|r}ߔ&+&0\2\7\yxdǘ@v	\hL\F\bE+\_q:\8e^6\ֽ\lj\4	4	Gih&&\^0{=X~4@i\8\Z``w!豈\H !L\Y\'\#@#Ve<V}h\Ï\\+$M\W\\B\'6Je\lXB\c\zee\\Q\\Zn~Fe\r[\7A\\\p@)O\\Ŗ!\H\\n,\\\\\\H\C|Lg_{\\\\\O@.\vn\\%\o~3K\P\@?x\0=p\Y1\".\r	@Q:1gxbw|bxM`G\L?K>\\b\.o\\\\p#%`&\O\E\0\\\zMOu<7}2?4ցs\{°$OG=\\o\qu,{ғD\n4	4	\h&\pP[v	\\{Lv03jN@8\$@\P+bX\1?\\\'Ƽ2\\l Zx)\\\0sP$S8\`93\\U5P 0/~ľ9\S>\g/\_\0_:\Cx0S2=\ӏL\0Ty]wݵC3AseUy\~p\x͙h(\,Z>j-8\\s\$hl\'\\\KW]u|\%$b>{? \͉2\g&Ŗ\o:\h5KS f\\d(#ӟ#qbd6X<4\n$9+\\0ϙ7sP,\>ɷy\\'\Qb^0+v\\\sMb##@UÉo:ˇ_Ȕeq%bdz\N\s.\+pv, hَuk\\\hl\'\\O_~`SB>\ntAO\nu \j?*}I8Ȑ?\PTi;\\\dX$g\\,(\\0 [P\eT?\	n\\5<P[@ #xbF\=4[\Ȉ	TQ2\ґ`\0\0\=\|\C@&Sg1\>sw\\Uh\7q\\*ub\0\\\\Z\$0\"\ڄh\$\03\1L\	`Þe|2+2+;0\k\#XZNL`J\0\\t\'\\"\͙,K@\͗\܏KlS\gĶnf\\W3+;\xQnE:/3/⺅Ȁ1\\9ʎ阆e\h\c<ƕ\uK\Z\.@\\\0f\\>MMۡ\Z \5y\\0P\\@Q?J4(\#4t)\8C%\E@AG@A\'b\iDVG\q\J\_\|USY<ju3~h\ntj\\0}f2L\~\oM,L:*+\	ƔȄaL\\o%\W>{\nw!PǺ\\0W8L\r\\_\E6O\\n\\n\,\\\(^,Zh\~ܑM\Z {d\JnxL\v{\P\ς\=wo{U<A\n\d2Eq\\#\2?Y2\n}ĔU[(-v3\\d\\J<\'Х:\b	X.geu\'}C}ms1\c\r\馛Qn\n*0G\p$ct\\'+&@&M&V\+ \6\0\ԩ\~ܒ\.}\r$\{@\\O\t\M[N\rm9Y6Js\0\nx_%qA\0\'B\\<I>5K栈X\\\M\KLB`L\BF\\,=nbмdyH!9\D	M^7\	\\8\N\_\M41^^#0_e\\\b\> \Z\\\\+b\NNE>e\ـk+q|\r\kh\\USN6(ݨY\5	4	li	4@%\\kD\v\.P	{.T\w%e\\Zb\a\Aҋm\"\  [&K`N@L\s@!s\t\}˜s7ŏG^ɿ\/ǉo\FƎ2!/F\[L\|t\g2	\0:k\\E\O\$[^4Hǭ.\2\%K\\n&&mW\rmc\ZH\0\L(\E0c\POB=\nw/)M.\0!R#Ui\/`\rx]iOEmt \45v\z\>\\	\(&hm6i\.R1\\\wEP\t\\\`&M1~i\$ s\\|1\ڬma?j6Tld\#\\a|o>\o \\0ޅrih\f$\\0\63!;\?#@\ӡO=\b\'\n\\\S\rʤ]\˭\\'1Y\\\'8ZX0er?l\\,-Su2\t\e麳hb\\Z*+AVP \\\#X@+*	\XVus;\'VƲ?q\\Z<k%r|\\{,|\A[\\\\1ihx\\$\\0\\\"\Vh%p饗\0vLVςb?J8(}pqدɦ\\A\0F\0\u\l%	\3l%sЧ8PP~\\\qlY-3K\06\"mOĄNmc(b)\\\EDHY+@G0Ƽqd\X\\ŋ{9\ni&\𕝵RTG)6ʹdΆ\j\0|\\'Cbp#\\K\\L\0Ϋ=\e2Z\&&\G\r=>rm6	\0\Be|\n\\on\0/%\M`\ \"v\0Be/P%`\`Js2ɼ\2\^mY3lnޔ\!\\'p\L\'	U}\\\+GݷJi\\/8cb\2k]\\\b	<\v\\\\\r\]ƒ190Ȏ\\\o\'y\\Qέ\8~\Mt㛵O@V@d[IڝKW\\q\.]?S`\(\\'C	\0+j<V@\o\\Z\2*r7H(\r\nZPk\'P\\Fd\"\֩-\<~2y(\1Hƶȹ_LG\\'\\F\\nU:\	\;\IS\\2\0\\0p4SJvZ)\0\̘T	Κ]\<t5kB	\s\S؏{\ZA3\gf\ܹOۈ\Z \F5cǔe]6F\v,O(\\`HيŨ\*gDTeZT\b\`9#z2Bq<\'`\Z\\	L\G\\۠z\\gC\0K\֙5\c\\.\K \\YLK0\Ր2-\\L#\Wh\0\Ib,Wl\n\	\o1b}.r\>\?\0\Ipŏ\љI֣KF\_\8q\rɼ߯\g\{5̘<\9\7	4	l\Z \4y\M-\\nX{6ĠtB\X9\N[LO\bs1dÁB	Imb^\b#&Iy\鬏@G	6i<\욮`I:jܜ\	\"YŜ\L\\I\s2oMc,bd\\\"\Ur(ͱ\ZVm\X\`K\p֊UQg]2T\-^kl\î<\iOko\6	<6	4@\\\r7	L\0\|\0C\a\\0/\'@\-\7\\\ĸIpcAD\\ B\$]%7SR\[h\\'%6u;p~\n\\	,\oA\\a\6P\>!/I,9AZH\\0\\\Kf>c\i\\WJ\r\\"\g\YZ.\Zߚ1د-q,\\0Ȝ]t\\\=8\r\X%z\\'x\\̯II\I\&I\_<\I|2\0\ОD~(]&c\- r8 (sK\\%|tyGg\Ų	l\&6m}\\0:!\06#xCX0*\0ǔ3\eq<rK$nd\8u`Z\\e#\0\0 +8vMLϕv\eA\oO\{6.ol٣[&@d!I`}\w;\\C\C`Q\n\37m4@\zQu(B\0\\\" 7o-&3&,\S&3\G\\Ϡ\c1̟Z@\E_2y5ڋRfYY.A@ɀ\oϊ	 9p\5(fFDj\Z#K2@\\0j\z:{:O+Lei1\EܾE8\c\Z[)7pK\$	hlՒ6	\j/0:\?\ni~t1ON\\ЦJdS\\	ȧ\+q)j)n^s&\gXgd2\\ \Z/<輛Դ3\rAbdT[\c\4fB\e\`bL\UZ8\fFV\\\\M\LK@\\~;C\Έ\E}\Tϸ9\,[\:]cy>QsO>yզ\喾II`h͐&G!\0ݡ:L\s\0\0E7\N\\\\\0q\\Mb\m΂t0\r\@\x8\nE{\ paF9}Ld\k\0\\)1.EG\lM<\n *\\.z\>Ic\yF9Ҹ\\\2e\I@\r L)\ʄcn9\"n3s99&~mmu|	?p{\|̿II66n\\0*T(g%PTsT\m(7~s3d*[L@b\1\ة?b\L]ISZq\\/`\'3\Zn6z\^#\\ʈ=Bv鷳XN&}XQKd9\"U R\FfHqdy>\ʸ:S.Tfcu95sy*Y=ǌ\\7A.gbN|\\fZAM;\ZCO\\0}\;\n\K{ƕ\\La\b\\$o\Sh	pnR@\#\̌\3A2X\Z\ \2\n:׵7!>)ye\\q\H_M?viLFAO`\\v芜Fc\ J2玛]\5jůe\a\f}Mc\c\\\h\\Y25\\e\7}MM.\\|hXnƩ1Ze(\gC=\dYxf:k}d	\v16ʦ2)^(@\\Il/ߠ[C\0@u \;Өn#(L\<rjY\\\}t֗}\Q?\VU9\\\\]\Z4V:(]`VE\\\5|S+\ \t\`¼lɒ%mO\\z;\Z ۩u~2	\\b#\\\\(AA\Vjȕ|k\\AmSyj{mjt\2~\zՠ\"\ISJ\0\B\6+\)d$&?1\g\8hd _g\F\$\L}}P:\0Pt	2\%\8\-N \\\0\Ĝgsk\(c\-n|׿\^{ݺ9֮7	4	@dmf4	T\{y((&O9\}ࡇFِ&SΘ\&-\lyٛyr\\ZR\3T=\'\v\nܸy\\/\rv\ &i\X\/\0\@3?WLjsq\\#]\|!@\#_4[\m\\6Y&A\\\ՒӦ\\\\\\֌\k|\\|~_*>pe~ѢE-fن\z@%\ڔh(@\yP\9\r\Y8D(-1g2J\\@M\;9o,X׆q\pC	`HpF\`\6LT^`V~W2\\T\>N2&g\og\\ţ\0\ڗKm0$@o.\\/\&\\^w0\`\K@\Ly\\\Xχ\\q\c8w \e\n\y\\V\\u\u\"\\1qv-oC]oh$N\\$K\0\\`z\|(S\\X\\ V*[E͈I1OƔ=pXKu\(\ȁ\c(NA\k@)\"S*\%\#\$1?1+\0]NvY	J6L\̖\0)\J\ J3p\r\$g\r\2)f}~Og.6_r\\\\=:\90m\7ci\̹/\\\\^Pa\M0\xP\\$H1d;\H~\0\\(\r|\pQh\)9W:\&%)i5m26\1d<\[6XPX\\0Za%\Gmc\\sd\"\0$3˟\OM}\\2KJ\,\\;Hkג\\&Xcb\n\\\n\\iT,KB2ЮCgN>\v5#\2k\)?e\	rw!9]\,)\\s;\M?\\oތR+I`fU:;Z\vH	`<8n0#P~ρ:\fL\28Y26+Uo\\\6Z{ԏi4|Z9)ˁ\0\;3%/Eė\\YOG<\%(|._ڟRiVc\A]Ee\I\\0\*\q0)0\\ѽ)}n$kA[\|y\5uP6+\rc\sh2s\户WeM{`\X&n~eA&_\7b\\}\J61vJ	,[lO0&Ba\\\0Alv\0k\S+Jq+\97uW\5k R\B\'\\3NiRL2TВ\\\0}\,s0tIc\\\I \Cf\?\d#8\9\]\˴ٖl\s@\As8\o㓋T\jP\2V-q\\=({8\k\\\:\\<nsM;\Z ۉg\:}\\rf\@~\T(3(7\>`\8S4L\:S\\W\-s\0D\\w6KV,ϧsb|\H\\\p\njX?wp\"pX]ձSl`b\\\OMe?\\\0@U4	RyL\nx\&\\\oj@:\Rܳn\d!/V\\q	\<f\ڨǁa5;i\S]l\\/=0}(\\	\\ZDv6-\\&\v\\0v\0\Y\\eœtv|\k\A7\\\5Ĝ:{SS_5Prpk()\\$\\%\0\\"h s\\1dT|\Xo..\t\̙>FC1q\\\\U98ry9 \_\SsWɹwd\ׇ2\Ve%#\\z\\s\0\\w4\	\<\X|	\\0e>\{\o\\$\\0َ6?J\0a-@)J\d0%RUR_\\0WR&ܔ9C\\9\齼Z׀\W!gTn\^\A\0\Q@ďJ$#]\\\7e\\k&\˗FL\\f\n\3[[Yf^u3i\f-\93GPk\T\=V}n\nUm~?dy\\iy$\\c\E{cL\n\\\؜\h\\&@dm:\@X}`|986\n	0H	l\j\DlLUf\)\r\Z$98P{ԏqiUg\r.\Y@ϣ\〦O\8(\Zg\n\lc(+\n_O\jvȝT\+\2\\^&\\Z=s@r\ZV4\6\\}\5&+\\m蠘8$CvmBW&^%\o\K;7{\aݽRK\$K`;1\\k\$p\w\7g0\Z\)p\T]_\\\]9\\\\)q\Z\r&\9\w\Dy\Z!\\h\\ż@rU\0غ!\TcRn\0aA\\\uv\<\o\Fm\";[\r`K]\b\\d5HvԀ`pyQ>h\f\\2g>bu뾸\\e0>+PĴ%H\k\\C9\M[\&U\r\#\\\\Md^?7	H\\5\0)*/fj\WawK\J\\s\"\69Ȩ\S\'c\&^\K\bG`A@\\\1W\Y1Z-S\W\WM\\,XQρ\f\YC	\Z7G`\M\*\IX<L\ю\\0k\\0jU\\Z7}Ή1˹ύ\Y_\Y/\}vKm9\}\ru@J6vh	;\\\i8.|u@#e\GvV¯II\z\rI\a\\v\\d\\\z=<_n-c\0Y3LkZ^M])\.VLmr]>Z%O@O2\y\@\qL]\W\l4*\\\nШ2\\\\2\Pk]\ׁ\0V҄fM~#z\1us\0_\\\W_\\h\\> \\\/#<\z.v&	4@3N\WD\\o\\\P\b219k\\0G\n\YW\9z\\Q_s\]?S\\\\Z{\Ʊr<\\8v\\o\\\\3׹R&J#UCR]K\fQ)ٿ\RzLj\\\\\\0\\ҏFR<\Gq\>I\e\"\lsCa\Xe\\b27|p\\c,3&(\r\\\)\s\W\\p\Gv\t\\ \`5M2M;\3\n\H(\C\XV1)\\gZ\7\\Z)KP\R;U+;\\\0\\_\U3[5\-oFg`\oW\\EA\\#AbŔWL\\b\ܯ-t*˖Ob\X\\9x0m;FL\ǆ`\S\`LZ\Ru\W/YDy4\:\p9\IӿϝuǴhErT7\\>\\\0at\W\X\ӖI`{@cȶ\\kmT\0c=\d(^Q9@)\r[\\\\)9WnH	<HJi\@\\0f\P0\Z\\W^_\ƍ\l\h4ddsPɁ\0%pPb\\p<\\꾺\\q\\Bw/ot\\-D\4\P\\\0u\r9k\Jl8?X\,&9kZ_@ˏl\`M0.`\ko弶OǞSx\G9o\Ӯ\ph\7C0U\0$(ɧ\A\c+\\ʚH\]\ȉ\-j Q3a\/\M^dm;\\\y?T]j\j\\o1=5\,c!#Ff7,\ȁW\\@i\D%h)/A@v\nH3h\\"\=\&`|<:k6ʞ\r&\\+3^,C\\=ڤ ڳ\'9mZn8\A|\Bh#\AY\'ѿ1e\owh\v7d\\7\<˖HK1*]ٺbv\\ӏcWX+EW\'\<p\\mY\rP\k\ FeJ\*\S3*53\Ğ9p\0\"v\Yo\,\$\a5b\5p\q\M]7>j\89\vf͎\f\\Z\\\\l\A\_JuLt-\\(lV\fOR\ȼ \z(k9\ʼ4a\6\n^bŚ\.삣:\\\k\Y$\\0\\2\;I?\H\O\\$ty\\궃)\\ʖ2MZi{X\1uu^)[\j\;\0s\"\L\y9t\Qy\0\\kbn\t	2r\fbp\>T\\"W7*M9/2WT\\n\ ]\\fgd.F/6l1i\\\\eV|\Wْ=G[],\\\`\\2^\s\UW]u	Ƕ\r\7׃MKmzxZ\6UP\!{2Pn|\\\#o5\P5:\Wg2Y\\\ꮼ\\\\n\lC\C\,\\O}jw\\'w/)z@tT\A\qfL^wV	Ԑ(\'6u\x\r\\\u$ܤ#C68`uQ?.\q\0-\m\@\%;?Ȏk\\L1L0&֐*}\\\ym\3jp\\6WZXA0&\ϟϹ7>f\\\vS-}(ȶ\Qkm+\c8E[L5@p`\ EʷV5C&P\\n\qix\3\8җ\]pQ\#r0 |tp\\kn\=\#\;\\069\&q\\0\'.iWE#-/1s	c\3\\/1͖j[\\\4\)ϑ\ZDOf7|\@dVHFy<\"s\b\ZY\XUX)~\o\Q3~x\"~\0f\\|\E]t	\'\\\V\6\'ȶ!i\rzc\¹O%ٱ\\;2\>W\0\n\\\2:-\\\s\	6L@ʝ˙\\P3YukvF\ks=	\8r!\f/\\M:7\a>\'Yx\M̞nk\T2%(=$k\0\\:[\kj\0tS4]&B\Kcɘ		lZ)\ƌQV\\\\\Ld\\\\\#ѿ\%u4@h-\v#ȶj\r]n\Y0qep\-\\r_+\q\4HKS5/Wę=\sO\\~\}\k\u\]\e*\\IǏ\DR2ٱL_EWHR\\\\\4\80\HVkt}$@R2\n@8[)RNbmؖ]rNa$\ց\\\C\\0L\a\.hL\.j,qVS\\J\0\۩<\H\\j8\\@\m\Px\\rm[+c@d\\дm\00\C<y\C}v\r6,)\'gt{2\\HI\A5@\\\v\}\k\ʒU\y(`ƔFN\Cȁia2ua2\\\}\"MΜ\,\Z|\\C\۫s\\,\0\27\[\}\*K\'H/\\;V@\\bgt\e\r~u\0Z\\sBl\&>lA2:|\%bʖ\I!\'\\]w:\\\ӱb\\0٦>\Z\J\\y\qk\)(\-:\\wlj4.3\\\8P>O!x\}Y_j8\SQqqU\Zw\u\\\\0X<\n-XC\p\\J6o\ϛ772\d5<b\t\\Lq\_\\\Z\;z!\\01K\\*k6Se\й\\#\\rbtEu<%:cd&ti\Z\"j\0\\nP3y\կ{\/\89\"\\E\0\8a0m&T!\Avg\Lw\ \\\ǣ\1k2v69MV\8H\n\/U\(/~Ԙl\ZMc\Ow\q\u\sL׿t\\j\׼\5ʏj 9j\0#@\2\\Y.\\\i4`\$&p\$p\u󺜅\\Z9T3\\9\m\\\\+\7Ny\\i\\n\\4\\Ōq\!4E\CgC\Ԩv\fb\\\L2\\_z\J|[\n\v~@d\@́\0gG*%g>\\\q`DJ\J\1/\*A\z\SL\\\0f<O@\{\Gt\\\0]d̜Ї>{{)\{\\T9x\\Ҋ\Z\'ky\Y=6iej\N`*\L\;2_I\l\u\O \Wy?\r2\nR/7V.\\rHUI\JeX~j\&B_b$*%\\i\\\;{\fdߠ]_ dҤ\ڔ)bIvs|\\6I\\oOhl{\Z\ֱ\@s\n\\<Vq\`j\"sz\\&W\\\)q\\&P7Q16ٍW\#T+\8`\\8@$\\Ձ\\\}:\\Y8\ڠEu?R_\T\\Q\oA\~\\`Bݫ=>/4\PF.fW\\$\"\#aRS\Q_\\\~lۧ\\0,jƌ#1\o\ǘf\ErxeZ,\	_G\0]Q\1hǞ^z\G}t\\h&L͇lН;pt/\㡽ME\rj\Jץ֧\)qmq\a}\@xjfMӉjG\iO\\A\03P\\LTj\*\\P7	\\\:8N2\y9̻\Lh\Sx\E\H\MEw;*/ X3.d]\43\Eʆ\H@JfM\!\%2\Hy_j\X\'\\-\u\/$dy\0^sOC}b\\79\\7	<^h\l+wH\0N\sa69xX\21iR^)i)b9jVǕe\rƁCy\\@&\Z\\g=Vbqj\v04μ8T\AM\r\\Ƶ\\j~~\oaQ1x{xe\&P\\q-\ۨ\?lTٚ\'>G6:Sn\up/Д\E\\\z5fGd\\\$ɾieo2\k!\\\\J:=2\\\I\ ǬWs@p\1ȻYB\l\i\\hlKKշY%\0\|<Џ\"\w<Z\88 96YjUs Q7I\3\r\;\񎎠ʎ\nu;2\\0L}5\\GrR\Z\\\\J\{\Ȥ\\0r\0d\r$k\LgwoꖉM`]\rl\>j`@ Jc\\\#Y:\n\jToaׁY]\0_\6q^9 ꠘeh\.\ SYLO+.y\`\<\VV@\[E\\\%U\:\\\r\\;8\o)\rMmWݟqWj\7f*[2cj\%K\Q~mW48\\\\ZՀp\9c\\\\W}\c\o\\\w\!!\\'\\Z\t#Y*\hL\\c֠Li\ \\W@\T\uMr\\E3#\\'eD0ŏ\@e\їQ\iTj/\\jbi2jk4#7k\0v5S淪I`[@cȶj\TW_},\0]f%D\JtCf\j\@\\Q`L\0ʒJ+\g\\\\\\#C\\"j&\\YQK\\\\T\ZoʬY\C,n,C\:\Z\\L[@d2\|qFO\+\7m\rq\2W\r\\Nx|~\L\\s\"\\N6	\jdE\2\6Cke\W\\ѯLu\,\1-\Cձ\%\\0\ypsI\0Ja<\2\;\\#)ǣ\\ؤ?X\\2yٟ\>p\\`\A\Z\\;q3<.g_t\A\0\HM\`;\O\\}X\97;J\\Ch\8@\r\\ֳTξ鷃B}\6\\\\`\\L1uNDӤ\,_m\2W\\zF\e\\'_>C?̥d\htS,\\6M,~d(\{\\??q+I`S$\L\"v\0\]x\ch:\\rS\*gCms\\0\W^R6\(s04\ ͕\\\>{k*\n|\&\\K{[\\Y9\j`T\Cy,kv̖	w{{\\mwS\	đ\Ё\\N?\\#8q\e^I֭\\  \;\n{;\Jn\\'0x`4!\\W\0\\L}/>hb\ry]q\\n\\\/<\\S:\>\s\A\\QG%\\\&mL\rmcҚC}2<9\R6._\r( 7\\\Պ~Zk\tS\@D?묳\\\}L\8@\U\\7cs\\\`A(\\\ܿR+\\"9`Q\}]v,\Mu\Z\\\\\nٲeC\>d~\~;\Ӣx\\a7A\\\\$\\ʴ@&(K8%@A>\WoY&-C1ƴ\"R}\k\\\\\ft\A\12Vۂ\\%0c9ZPn\\"E\D|/@\rm\㫥\N$\L\\@fJছn\\a	\0A	m\Ǖ\8/Ѧc٤ɼQr\\O}\S2U	\\H\L5Rzdo\oBQx0\'\Y$jsm|j\R3hLMs\c\Mf3\^\\s\\'\gtʇ$K`\7{\{\Y-wj\ܔWOGc=\1{T֌u^y\\Ɖ̖USl2U}_\SV	XN\\K~=/\\Hm\,;e\̖\\\nh\69,Q\0߮xb\'\\,\85ms?\[\r\\\\:ƵMc4]XN0\\\J5\4-\d|_\h(J*ZƧ\\[8qဃ!ձ\16\egt,z\̥#Y\\Ipan\	꬜\t\y\v\gbl㞢6\\?\\Q3[>\\Pa-6W\_>\!{\\/pǱ;\\)4\\\F`Ǎ\Š1?w \_r.,\\ž~ʎ\r\\"\R={\ޕ\\~jyE	4@-Jk\%^P\0οɑ\Pa[]\'j\\ol\fHP\(n&.J\\\dSxd4j\\<\	⇊R\\7\&*c\j`\'dqg.ۧxGY{j0\7ꪫc=6 IP)0\仕\0N\w\n$ѯN\\$r!\L\\`и%֫^Gv\Mu=lC.:\'d\r.\;	Ԧe\P(\0\L]G\\m?\06\'\\J\=\3\\@\ό6\'\s67@1mC\dmCk\&H\0o\3\?PBdd5ns%6	R\<NM=ЍN6֌\\ǡ$dE\\\0\o\\ZW\SqGNe:\\\\"4\A\Av\r\9^l\h\Z=\3A=X\>\=\'\\p.rը>\?=W-\\.6\\-s\6\o줓N\nyЏm\\\=\ꕠ*W4\7۰\s5\=\OY5ɔu	(\x\j,\_m\\rĔ(\'\\k,^J2~	\.\\Q2pFe.K\q\y\t\F?IZ\m]!\\Go\0\0v <\i:X13\3\\F*~}=C\Jٙ3L\c2\G\v^Ϗ8g\j`\l~\[\\nA\l:jS.\_(Q\KJP\uL.Ϛբg\\\@@fX\Nv/\'\\Zq0C\ l\r_Lw\*_\A\\>X1(s}\.\\\O\Ou_|q崚y\0\\\cp@)}\j\\L9R\}9^8\\V~\\\R\±\\\w-)3y(ŰϚV\\bf\#ex<hZ[E\\bUX$\b\"\'c`p\׆\\n\mL:pc\*M\^\\XNTlj\}\#\C7s\ޝ\\ʝadΒO>\\0G\2\t</2\@y\\96^)v\'A\\\//C\g\%\\u H!0_RovL\\\X5nJ#6\p\	\_\\0Y2\\\(\>tkX\0\<\08$\=g\f\%%x\\Y&AJ}2@ƙ \	tYNl\?&&\_\\\\	X&{/\'m\}\\6	l\hl[ֶ\$/\R<cb\)\X\\\u\de<|\߈\\PXdJ\,\"\<O\JNJ\\\\LRt\\\6rf\\'>\+_\nѢEQ?Yɋ\+_J\/0\\V\7\\4<Z\y\\Cqr\\\\B\B+N.s{\J\\\h~\e*hnvnX&\;\^N@_1\&3􅏝\\s\_F@y\@\|X\|UTW]\Jm*~\\\n]1~	Ȏpuey1d\\)\,4m!2࿸-7i׷	4@TkgH\03\Q<42AR>R(I\\ʫ_\\0d\\\Ͽe.\\\J	:B\I\*\SCp$fv$\\K\0\\\gd\#\'~\\'z`\GG\w\\f\\wd*<4\\\\18L2{{\\!-dғu\#澡LC\-P&\\|1|8\\jO\\0`y?}\4\|<5}>;&Fpe\\\X\4^ӧs+\\H q_XC/}֬ܠ\\i\\\Q^\n\"g\lM\l\ن\vI`[@d\ڈWx\\h<]\؏@\d)e)U(w\\\\nr\\Y\~{\?\\\E&\\G\\~J\_rGB\bugtA_\0A\nΕ?ύ<|#*&PAfW\룬r(+{\oFoNu3Q&\F\\'<!d~Rtw >\o\z\\	F`C\0`o2{5Hrgs\}L4x:8@\<\\\\e}2\\c%TZ\UXn0x*\\\'T)[s-\<7c\u\&lG\wʚuϚ5\c]\cr\^`\\0	\M^i\Mۢ\Z \GiR	@-ƃ\nHbfZ)Z\5WM\\	,𼔂\Y\\\\\^xa\#(\6i\1 d\h\"0l/\K^	\;\{Dd?\O	K[1ՠ\0\_n}	Y˄Ų~[\,ڠ⊘\\'8\"xAj\N\Y:0BPSw\;\JP\\H\_\\)_4\ﵯ}m\^{\8\ݏȏE\Ƕ\K&\٭\Y+s\.[C\\r\/\/\YHr\ ]\|\eqLrfY2U\n;\MaS\KJ/ي\C\a\<\g\i\\%\\0\v>;S\\R\a<wC̙\r*)(\r\\8@栌\\.E4 y9TJM%sӓ\\;YS|\\\\G\(:\a,XНz\#Nb\j\3\rRwF-x\\y\{^dU[B~\\~-K 1@La\sv\oH\\0&8~bSn\0]q0#\s\~;Y@\0\v\}\6o	bP\	Teԑ\~\\\\eҼ\'#\;h\\',0\& \wmoJy[+)\\k\2\5mο\V\\%\\4\n\Z\bF \\?L@[fK\\%BsA\\\|\0l=/7%۔IKMJmrXZ\I\0\s\\mSeuK\nV\z3\'xM:^\8\MU5h\\n\=Y:1w\=l\`;ČW]yU\8c̀TT/˻Y8f5\* ]ek<><\\<~\\'S%\I\"8# \\uu\Gsӟѽ\\G=C˯m?\\\MBZ!ah	\K2y^WrJs+R$q\\G\\ryLP\ǩz1\"\0\ZKk2m\\\O{$ \2$ \>J\\$ 7̳\\\\T\n]emϛ@3>\\O mKЫ\0\\2e,Q~\0E~z\\P56.{}\')[I7RK\$\rJmpPZ\K\0`f>\d\9[\d\+\Z\-ՠh\U~*W)#B\e\1\\0J\0|r\HpT2?P\'o\\{\\OF\󡳩@\T\5\ՙdܜ1}p\Y\Z\P\TlM@|{`j\\Yѭ`DP\駟)A2\$\\da\Mo?\"\r\\n$\0#n-a9\0r\_\b{9\\K\0\\4\͐i\C3}\Ǉ1\\Fy\Z֧A5K!@0\{V\?So#I6\~fbe!\\EY\Z\\\\\k\bZʈ\3\\\}a,{rWF_\K\7kn*ĄVA:{&R^`b&\<\ZL\~P4\s̐HSL\\Zu\rĘV/PdlV\\\np\tdl&\X-0\v<x;S\(Mx?<ăمR̡ٯb\"S2lT2\I\\Knh\\_\n\\r\ZhSN\Va\\5R&$J9,j0)lcII\\ARX\"\}\\\B^fuybܪ\rw\ev0<Ogo)\\N\\\1G\+u7\f39V[;\y?0<;.:8SvJ\\O\\?Ӓ\#G̞K\8L_c[\tY7Yb\\,?\?#T\SH@(ʊ0!q(,Kz\\wO~򓻯\׺3g`o#}\\wu\?\λ\\AZz\Ӱb\!Ǆ_ΦɄ\B1\62]\Q+\zb{%;\<*[l\ZA\\\IU/,c1v1E\nk}v.A}K\2}hCd\$JmudZF$\\\<\	\\9K\ZƤ\0瑊Eo\j<OŠXK|\3]\R\"Fg\T\nH˯Ca1\D\Z7I\\\}\_\r%89<S&_Rx`ƒu\\pg~g<\\E+\"\p#pe9u ?{˛\<\O\hm33\e/\"\M2a%;\'\\\\͍\0\Z\\,Ӛn\\K7\\rh*I\%F|0㌯\\0r[-|\~!\\T8\\d\^\\_j\p\\\0@ӟtw\Au\T\ժ\ \=\>\usV\\0\\\)\s \rc̗\R Py\iNӴ<W}*LZ\]^=\;e6@\Op[@d\ڈ\0\\\E|\sȴz9)\"¨/grbv88il\wٯ0X\0GȤ0\h37w?i=ؼ\= 0U&܀\z#\V2\P\,\a(X \\C\\/ua\8@\n-(Ni\g\Z\OK\+_rlLW\#\'\\\P֣QB/.X_q:/\H+\\?{\+_\\|\%Ov/#\?\\{GP\L\	N+ep:%Ä~Lje^ʟO\b]`\\\\}\\kg|-V\~\GY`a\&\,\0Ct\\rp\\=,C0s*&\QvKU\jU\\\Ա\\Pp	ʸx )C#U<2\\pL1n:ǣ\)\-rBl9\"\[\#I`{@!\^Gn\'k7\{\{$ڔ\'Q 	8(\|GLʴ%#샔+n]NT\,蛵)\\[o\\[Va-\bTzb\\\__\`2\\I_/ɇ\X\(qO|2}q\7`q\EKF ꫮ\JE h\A\\ٳgO\\}\/48jw0\\\\\78\c)6DVQ/+%\|`c_7\dfA[\'~9\\td\\n3J>ٱ\:;\-?8G\/KS\T\0) _n77ݏďw\uo\?ݥXq{_\\r\L G\/\`\\\.=@ka\\?\\ZG-\n\}\f\\\|8W	\Z	|\)VsxW/	\\bZQ\r|mkE@\'zB^z.\]?\0nRo\\$J1d\\\lMFܮx@<\\ln\se\\˛uS\.-\'=\I_Jc\\7ޘMa\߈Jb2Nx\	\\\\'fJP\7Lfy\ {wu\BѮ\\2b=\\\un`gXORő\ː)-}\\KFk:h\(Lyg\k֬ɘU7#\m◾\Ҝ9t\z\3{&k\`\\\\rb>(su \cZ\.ΰ\G:}97@0͘\0Nl\"\A\n\Hb7#G_fFn`%+\uGx\tM	\^!T2\X][LC[	Ɛ |Ŵx289g\#\\c\\29\\0Q\b|\^s?4Mۚ\Z \\Fg!x\\@\\\-6,\Þ\nFobTL9?˓\Y\ru~\~{׻\ʄ\*o:\\\o\\!\.\\\37Q()VaUdXކ}!%7\\a}g\\\Y=V\\$&=\\\:\FԔ#}\\϶]O~U\g.&\\\_ux_\\1SJ~\w\D6\M\6\k0S\\\rJ\'x$n\TlJL׿\tg}v0\o\0S4@\/|{ w\uO\0O|\\\7\$Xʲ\ /YЂ\\6m-P\43#\3n\a]\溏\L1Q\B/\n\ߒ\~8\\i\xWib\.D\/R~ZQ89}\o\\~4	lGhl;\ZP\vq3!FKu>\	d\ϿTdsM\\vfC\\=\#J\"k2ް\}s\{\\	@\oY˿|ww|\&-\Ip\r\AЮ\X>\f\\}\:B\0|Js?sX\w\{U\\m\\\\U4)\\\\\\n\}TO\\n\d\n{W\Z/٫/j\⤓N\Y\" \ִ\k\\hJ\\0m>70\<*lמ{/\Z{/Ұʒ\\\/\1\01l/~bq$\\\\rħb)eSn\0w_	n\OG&f_~\%{l3\Ac\\\6U\Z\s2d\`e\̧\%B\\nO\a>>~grߥ(rcV$_\\x\#`d\}>_`# +\\x@Yтř\\!͖=v?\\7t_\Mۚ\Z \\Fg\0\-\&l\"\\K\U\P\P4]\\_o\b\nq(S>942$Q\HsS\\|s%٥=\\?_%\[\\\\(\\\LlL\0JD2y\n\\Su\޼\(0h#r\\gu\\w\7Jf9,\r\A\\+W\ L/|\\W\Q¶O\'UmҪϲ\\FMӺDDx\0\z.]^`\	\\\C)\0\0;\\\\~bcIEF_\\1Ւm#3Jp\{\\\\\_r\=\\<묎Q_f\\o.0#Sl?A\ԩBX\U\Z\\aM\\<\f樉9\!0<\G4ּϸ\ZT\\\v&b\i޲1\9\,.\2\i_\h\8m\i\2$mlSP-\6!ȶahLp0<ؗ M.>\c\xMf4	)=d\n\-\\|Ģ\r|\n\n\}|6f\\\F\v\}-:\sW\\t\\\sudяL릒#4ʘG?~\\~_&8H%Ԙ8 8[\\>Q\?S \ \׳iE!\p^)^_xJ\L\P\}1¾\\/	2\08\1c]\6Ed7ZfmdJR`\1mZ+ʽcqB[!6F\]q\(<\\=\iQ%$H^pA\c[c\l11\յuV\0Ylˡh\\9cO}~\lk^2\T\vb\\3)ƋlA\\'/71\n4i\$\&c2toilT;6(3-P\<\n#n\\\`Y7Ƶ;7\li%	4@-Fk\	\Xep<\{\@k\\\r`\Y2-\z1\rVxILXz#8{\җ\B_**\e\\\\/ʗ\rBE88\s_J(\+J\̝e\\>\\ƍ\Om~L\rFEର \n\\nGWJl˒`V?UL#a)L}\Me<5\i\	a;¡I\W(\ڤuR\]L͏ڪ}\\\%>\`::d_\}f\0.$ƿ+\Zmf^\O}\n|\>:\VJ\I[T\\Ozrկ~1g.B\U\˘jO~S%-×\ɼ(P*\#\\\\\2Q&X=\!#d~{L\\\ȴZ)p\:\Xc*4\+8KV<m;\tk&\L-\\v6`;[sP\\\yfnR\\_o\4S\L)2\%\A\'\Qh)\\\:\0[\<G%EV\nETP8N4\ExX83\\/2|\j&P\\\Y&זIƐ\\*2\Ux\s\\ P\a\*&@s^\L\n\*@ɘf[\H*\\\nxBH@G`W\yfMd?\G}ާ\\n[\v\w~M#~s\\d{#,L/n~\\г$\\\{c\w!6Cse٣	\d,\ɝh\\68\\y,0rkS\\b\fi$*|8}nk7\j\wLI;\\5/&\\a!\\rQ\"L_4i\\Zs\i؎$\\0\v4X;[S8jR<ԩF=ދ0\\2W\R\$x)*7?\lCe$@N\,\\\x~\\~\y\\&\IVʒ\s\!\lb=T^t\\4\\m\\EB\\ҔBcaN\\")G*:\~o`@K~=闅w\0SY\z\n\{\*`AH-̼\\\g;af\v}X\,Wr\s$.9pI8\\A[{	5\\\\0^&^6b)\ò\\s\\eJ=U1\ޠaF\\,U\=ƿd\[\\Ώ;\\\Z(\"8?oE0Y\uF\\Ƨ\oLLߺx82̃bS\Xŗessw1f<\9{`e>bĈ\\E\0qΆ\]_~h\^\\~4	l\'hl;05\\!x`Gq?/\\\,5T0d\\YVH@\\ȟ\n@JNeo}\E\ZWb%X1q*90RPM`D#?\ݿ\?߇\0\ \\?,`r\\)Oyj:OF\#ނ\_Xݗ\UBҩ\ۢMft\@\XUm+\62t. >&l`<\nJ\\\uL\cge\Fl;\la-)\\;\\n!֨,\H~\j93%;b&@\"=1[\'?\<gVpSV{_\P\f\0\*\G\n\.s\1\n\v)\<\<Z}\>\ob\Ms3\\\\\\fa\,z 3,N>>W\E\	T\6\0\0\0\o}\\l}޾%\\0\=~;t\\ߍ\J<l\mLG\'m\+?1\IufA\n\n@\A:\?Om2ƙǵ\\\g\CY\6*\'*HnNoo\\'?\#H?}G?;R3_^\\D\\R\z\a\SPN=48?#_\\OTyH\cP\l&\JA_qy&\f\\8\~,\<\RK\#M\\JG,\\\YL6Vgm\o\\\;\\n\\\\\0\`\\5\%/|bse\\!m*l]\)\S)\\\_dR\S4\l΃ſvX`\n\\:\,)`F\\˔@\`GXgY\p#\P\\>\K6\c\\]e\L\~|E/u\E2\\\:\ac#-M֒@s\\ZoW\\^\qmzc\)\@fop\2GN&\nAN\\n!@E#@g^@a\\\\\Y\Z\lI]\8P\4d\g\طrH1F7C\\\B7\~w\03\Ym\\ʤ7\Zk&@(\n\=P\\̽s@{k3\Re#Z\g?;ݿ-o~xwԑG\3X,:@Z\'Cɝ+\.!:\o20?\\\\\Z\\Iч\@\nD	\Ze\Nǧ\WTx\\\\g2W.T\ <d\8\֘V\Xa\^x\|l˥^ڛ*3E:\\'\\Z\reb)\\l[,\)p\]N\\\ax:\\ߘgCK\$-HmaZ&H\0\9x\x\w: qT\p\nUVR\T<d\:yH\!ZiĘ<\\t \\,K]\d\LhR䇼O2D\\n+\"~\)׳Gnlo`{Dq-8JU&yet\\Y\G\λ\l\-%\\i0ć>p\ia7\^\\8s\\D\'?\}\㟌\'P\\V@{\P\\T\//RA>\1,\,\vL#[A\c,,;\J	c{jH^\e\YY.\r\D?\P\\vu\1vOs(6g\i|j\\B@#e\04|\y\+\\\5	li	4喖xo$\<<Џ\w\FehP\\\.\W(W\\hMj@i\Ȇp8蒒q,g}m05\OlQ\0\|*\\0\dY\\>\ǚ\0\d]bX\\`\\\rg\\\]f\ULT\̱ʓx+Vc\:/=я\r\\+̛\b*[c \-\{q+0~a9\~{\3\=\Yώ\r\\YaK#2ӹ\\0⏱\C\001NS \0PUO}\S#fE\9묗&&\\\\`%\\G1M\0Ƽ\'4_%YCzb\\\cL\Y\tv+FSL\0Yu0jA\0p|l&\G\rm?cSi1K\\YB\\\ʇx\GKCʅ\]f2**m\v\ƶS\FTJT\d\(\_/y](h5x\ȗD\ c !F/\\n;.\5\n\SNI\pX`a\0SO=N\KL\\Ų\wu֯Dأ\\\X؉\sKdhZ澣|\0ڴtO\)gl}<{,dcbg(qL+S!\-.^\\< `]`sږ)U\VQ\"\\\fa\,|\\\\&\19}n\\83,M3d>u\1g:\\\\!pǦޛ-}@d[JҭM7\4\Ã~Fg,	\;SG\v,\Z\tH\\@LqK\X\Zmj{mvPgZ\\;\+o#\\ӪMa,@GK)\0\\O\\/\&\Gm\P1>/G!*\qð\b\\N;\4J\C\@c}e}LFX=\A_^\\Y\Z\Z\'1Ge\\nKw\0ӵr\ӗrƸ\wd|փa;Bɒ\>g\\\i^W\\5\})~q/hU\`\M\0L@\U\z \(\D6*l_X\|z-V\\n\}\"v\A[\GÏ9?R˳U$\\0\V{t}R2ٱ=֗ށ\o=\\	Ȩt\he\ExBM-b\\\o\ʑ{\\\\	a\0H\>\l\kb9\\D\	K\+CmuP;\!.>0F\	X24Dn{b\n(]ʰa5\'\2\\'{\S\-\\09nfK\.e\@u8h\MC?-\\ZdJ\2C\mb\aCr\:-+\i\R\<Ξ5їhn`\'\~Ӻs\=jE#fd\e/V\\XˉI\\d~.aycz\Qx\n9\kN\r[e\B\\\I/[\y\w\nP\`\ٴ\wE9G~\\c\\ɖI`\J+V	\\0\\`\Z\#[R9\:Y/\6\\\"9\-}[TGȲ\ޗ\&C\0&3ۍK\'\_3:bh\\WJ\J03҇pˮ;c\şe \\\Ŵ%\0e]|.Bjd\yb\}LK}R\ضV\\\\<ʄerU\`\Mg=U?!_Z#\h\}\Za2\e\\\Gmu\\GלTo!3%A0\<edl\EFX`yN\\)aW\\qEw\I\'E\M\n	\Ĕ\|\jQL	`*sxh\\6\nK%\\.\{ \gy\\U\\\\$ImmDZ{ǃ]\S+53.]0\ݠs\{\\Cw\\s\#Y8c2	ՠlS@ҺX\rԜ=\"S>4I&	\n$\\'@\\\X^	\n`c\=)E	\%7)\pe\rJ\%^;\,YgjvO\0=e\\L0+M\\D{;\\\:t\:/\\!|\(0`-\\\.֛\&r\r\\dȍ\\rq\3?a\\2d՜b^\i$\\n\\~Q\'\	Ȥ\L)`\nrg\\\}>\	0\%I,\p\-\\r\B?Aߛ?$\\mV-\\6;4;g\\h.\\x.\F4wq\!sJ\ip7˔\r\E]\!dĚi\̸g\\W_J\qFf\F,\\\̔o\\\F\0G(Q_*	\t\Z=Y˗\dڴD!7E\ҨKb^\ˋ>\	<\\Z\wyĒ\~\\\fw\\:\\u\\\\^9\ww/\r\WDaF\%ص+%\\ܰ\\]+Z8\\K\r\SnSKL\'	\Ȋ)2\T|!6`\#Xbn|Q\\U\n*\oh\\&F<\E*6S#8E?\\{,y\شn\hl\˼ո	@\ǃ8<ww\cPzA\8HUզM2\r|pwR`RT:<\ST4[r\ܬkTN\#\Y\˚L\i\\X\]5\eTp\$F2 Nfsl\^PF=O*7l[e\\DY3m\2\rU]>\\'c\>\nyճV\\Tf\ C7\\Pw\(V\YR\Y\A\,\k%\%\m\A\J+	~d^\6_t\/\h\0A\542\\'\-\&\1?w&0\\:-L\Hd\\ׁΊ?\99\ǻ\-~\o\uW}(\κ\N[\M۲\Z ۖGg\'l\{\a}0&X&3bV֬PAp#j*~Gi\h\B\0*,\]2)y\ѕd\0,8L6-%\Z|ĔgWG@QF\{L/-Xz\A\\0E|\\0S%LgɒRC2T;{S!M\oe3o\\Z4eyc++\r\بlYG#\\Zx-\q\N\Nf,`1\<`,+\"\Ua[\\\~k̏b\$+PLK0ƿ\p\+q#Md\n[!Ų[\\a\?_#Fm\Z\\9E9\\Z\r:9 )3\'\3ΜsSgo\\ R4PlO]n>d\\h\\m3\Az\0\\.jF\=\Ŀ(\o\n2\u2cTDeb\,\`n\]3\D\\,kCe;͸( \\+7\*aQ_ſ+\	4\K@\\R3f_~b\2\\cH\O5&\\䡱yRX:3ԣ)MQc|uߧ\\P\q\\l+Kg\.\\\r*+\\\͖r\'\6I) #\" \ߜsl\\EM\\r1=\  #h<Ūs0\\L\ة!H\\v\\\\ֽ@\r\\0tx8/\\t\q\Xtp$kGJ\ϻb\[5d\C#[\A\D\T\\\mR[t\YљUeNƮ\\0-&\d2ԕ\Z\6F}y4\>4`\`z\k\rm)l<5$Y\I\\+`\f\d$\e\W_\\g`k%2\[\r\\[	\)/b\5a\"\􌧧y\a[\\\[\\\s\\\\ՖdxN,/\\\Bs>,\+>e&P&\6I\;\nƆE6~;릗\G!6t\\s<͡e\<G<\'[?v\\	4@\\v\3Q/ăp<H\ml\k\0\\06_\IY\MF\\m\O&K<\\PɼB\J\A+N7րlu&G\O\6<T\\\\\\%ZɀY\Z}<Dz[\\\<d.cu1@\X\\&\btU\^fNe\J&|?ΔɎ\`NG\_XC\tߛٺ\q\0DԱHϲl裶z\\\g\9k`\̧<b\\X}\~详M\\˯R/5N\\Z${\ސ\۞\\ASGNs(ӧ`bO\[a)ߴ\\\Al\\>WZ&!ȶ\[$p\O\|?<X\\ͲL6uR>\\\\\NćҥK\횡0d\q	\\\0>*VpSڣj9&\?L3t\5q{URAne(`-\\rh\5+\,P87\Q\	GWo:pK#kʠoZf\r͚0\sVLbĲ\0\VGƥ\ۦ\	7\*\	~f\%R\	L= \4Ȏ\o X-Z[A=\|gyO\\yȈK\F\\N`f;\nc9Uyb\dj,X@\\\";L\{\=\n\X8q\3Mێ\Z \v\bn	sh\C@<PmW\A,Yj2\Jx\\:)e*+.,Wuj.*\')Z\ Dmp\Jm\b:\nv#\}9ث5KEA&<ڙxs2*\'\r/\\_\\W}#ײ\c\M 6\\`5s:	Mb7Ř@\'~RZ\'P\LM\P	2Ě3\\\01Qaʆ>Ջ@֛B\Lheա5)&{呹y.\\\/`Qu\T-X$\'p\\\ĺfΜQ̎zI\\r\Fy~l\\nf\i\f%\\0\6;4;W\_\0ex>4\[3P\$\Y\˕+I\&Es_QIIoˢb\\\z\w	lNnx\8pS;ļ\\rL#\	WN`+\\{R;\np=\nb\bꙬf\)(\7b\M\42\'	\0\A\Ӕ6\0#\Wi\+\=!땦\~]ڨv\\\6\xe\\\11mi}\9_(\l\'_2\ɞ繺Xa5h~\}!Jl⎱^\tL9Q\\N9\\\vd,\\&Щ@\\a\r蛃<Kў\\\dmݞ$\\0\4Z;p[KC\?V3QrTkA\ \R\V\"K&ր\\C^.4m*\"0)\OQ\m\\ݷ\\\Y\\0Wi\U\RՕ6ʿ\d\'PB3؜hc؋,\>\I>G\\\\-I\\j[LFy:%O5\ Ƥ߿l\Z\S`3%MV)\\\\L`1\%\u68N^\G2\\hq\W^\ Kb\oM\1\_x<>\Evk./+\X\'X\\~c\Z[;\\\\1(sSw\\m\\6*ȶсٙS\3C\.ƾ2dM)=\\(P\ql\4J/#*2dW]uU(qmr\`JoJU3%\3^5\f\8\0[;9\eU\e\\ns_\\F\h	چՠs?+&}\Y@v\\d}\H\nPZ\!sc\r\\G\\\G\O-^ӟ\g\\-3\PZ}\[\42U6׾@#2\n{L\H@F9,\p\Z(d;\VyU[\NE\Qf,\qGwۙۗ\Z ۾\kl-\\w\@<0ǆP7\d9\7\\ŏ\aϏ|M2/oS]\f1du0\qL7xRPR\#\\\\i~\dry?\\\؝\Zm\F#3#\ڍPdXʖj\0UϑYX\0\"9\\\6q\!\%@pz\`\-\"XD\\E##r1\rɦ~cB6KlXhsv\6\0\aD\\)\r_\ÒQ8 @\"k;%m%8\=C0\\\r\\'(cߕ~\0\\TZ\ug\9;\\"\\\_n.\;\qk\$\\0ٶ0\n;y@͕7$\n7Ɍ\0Ţ\86_2VɁʁ[&%HSYAet\go\T^rV[\\'G\lr\Z\\e:c\\\8bN.^~\ST\\ߧ/a^.;\\7\P m(/\\;˖Br8\R9\t\wmX\\̌I\\\\/&6+\z&h̘ˋLd(&3s\'\\LS-R\0kV\kd\yK\'|\\o$w \\ιs\Тɑ!_^ȎS%\J9svy\30yrqJc\Я|Κi,\}=y\\\`\\г]o\T	4@k\7\\Qzj29h\2\\\z-PTDdx]\nL5Tpܠ\\Lk+˟Jq`;F\wԗ\ZBae\n<S6\mςʄ\4U~(AB\\KJlC\\>Xa%˰w\p\2\\\\fܜ	T\0\Pŀ+\"N_=\03^dC]\>,o\"WYE\\2DxER_d;բo\\0e,#VLc[\0s\\\R QpA\w`9p\=\n	\L\\J?\2j.K\ 6\\{\W\\b&\ \6[^]v\\\<\\s)c\]tW5S\-pHk\0\암5\p\Gp\\R`\pL\y\ׇ	r];\0V\+\yT\\\w@#KZk\'u;\nD\J,\\\\\6\c\78\\i\}\Zi\\\rR8 !W*^Ivw`)%\\<\rũ&\(\m\\49\Z\rNx@~1\fYLC E\Ev\eƌV\\ϏE/\\OYPdƴM\˜\M^\x\1}z\y\=\N\TXwNQk\\\\nyv\\g\q~\q@d`[\'D\\<9jcrw\\nց;=\\WģTd\7\OPƭ\7ü\#Ev	T8S#dP3@\gN(\QU؈U9rׂт\2XDH7n|;\`#{&\M\r\\Jlϑ66\Z\\\<I9$26\S\zc\\_,#\b\\\(~`2r\p\s\Ǵ/\\Yn^T\夲\+\/\\\\\)9i?\\7\\MdZQ)Ŵ>P\%pp!u\^\\"l7({\\4\\	\n\B_ \\\\̖\h		4@M\\\<\\\\3Dj\g\\:g\\K+\Rfz1@&ĨԨ<\\\/\\;\0PY\\'F`F`\\r\8t*\\RP\TrHpTLuݾw\\\rG\ \(?p\Dv(Q\2\VN:\o\:] W 7`Z׭YW*Pu@\\\\li=7<,\b\rè\^[cj\p}\|\r\L\*d;\Y4r\:\9C`pU.^#pi\ό\\\^\*!Һ\t	}\\#p#7@6\\\mU	4\v\K.x\!puaz\c\tM}(-K$\\i\f\\q_ʄ&M1=ˡbǎs-}5R\tL6؞\AM\3\0\Ť\+ҴYfָ6\XA\\ԁ\0_Uڠr\.(e\\OW(>ө/\\;\Nw\}|̉O:$,\\7Y@(Mѣ\PI6ʐ֚q\rV2&PKȵ\V\_b\\\"\z\\9\ҊQ\S!b\}\d	01?}G!%Fc,C`@L	\\\\\.1\\\OSv\\\\"\<h\kw\\&)ȶwa.e\=\Ƥ`f2U?k5\sQAQ\Pi]{\Q91n\\_\\L\nE=Dl>\0(ͅg?B\1T^:\8\B\l\d\VўlPȲ\0	h\TfF1\ZX,ƀ͒<\Sj/{\4\\Z0f\0nK\ǻ}\\\ULπOӂ\\^\`\M>gM !4;qq\%^D۔y\\3\`izQdMj5\]\sfH=4y@Y潑\A\\tt\\/\&\ܼ]\\,K\.X\\\K\Z$~<Ʉ9\V\ˇ\\7\W\\O\\-ȶ\\\;\\\\E>\+%\\̆8\ri>C3Z.\!c\~:D\\,o+ir2\h\\R\j%foh)F6g\q:6\n6\Y#J\0e`ޢ\\\\HG͏\0\nx-!\\\?\\oo\\0	YN?4&\w\\?\?w]zYGGM@c\0h\\Ӝ3?d_<\-~y8\\}ô\\W\9,vHИ\'`Y]\{$\0\'\D}&y;\-XV])lf\ͿlVH4\_g\dT[2`nʏ\\_Xy\b\d	\e\}\M[S\rmM\\\u\M|<Bs8\\;h,\8fJ,\rQϲ	\\\饗\oWlT\\nlCì%&\[(\9`seYc\r\0\'Q \"DL\"n)Γs\0Đ\\b#M1\p\rρ^VQbe\@y{ٝ\?\?w?ӷl\\5\\D+(\0\g0|\\s7ow\_\rIuȔ0\3\\;%,6gc\XM}~)z,{`i1Y1mOcIS\uC\c9HVK,Oy\\\џW?͉\\"IAc	\%,\#,_P\C\ 0s2G\\2Mȹ_.g\#v\ru/@{F\\rdz@\[LͩU\io.\K`]\lp֒Ŋ\\M?;1\^o\`hNhPs*:\x\/ɝ\D\ĉ\\*:@H\\\\]u:1(\Z0SD	F㧍/\"\HSI)0p\0Kw<A4\J;\\\vXo~\\/\\\}=`?ܭX\"}VF\\Zʕ+\l|%wo~\[k`֢\N:`UP.d^tPsN\\r=#hH+9cq\^X\!(\%ţ/8\|\IR~\\\t@M+Y@\\v\m\]w\efع\XF\\K!\\M\1%\2MřO̬\\Ze\\2ga4F\\;G\\\m\ñ\bhlU\CtW|\~o)\VY\L8I\8gJj\D\]\|v	%E\Qa)\\ѿ\\\x\\Z\q3ڮdF\Q4\rU\0\\W]jR\b]\kd;tt\Nن̋i.	W\nfc%C\\0\Fӎ\ z\\\&\U\\n\",V!\x\\\\QG\\^˭\08`\W\<\l6]\8%Kj0\\\"\i;)q\0\\pЮy%\War\\\ZVC\TIvT|ĨRsRJy:\L\693C\jJib{vu\Uv\,u ڿ\}Uσ\֓@[O;u\P}0\\\ށ0]+cg\WN\\\Q\ɟF\\F\\u\]oR\4\\\ZDJa\r&q}r`\\'\K2NO068\Q4~{ߋ7\rsL:fΚ\}\ݫ^\\Oz(G\*lVi[Rk\Mt\0V\0I(eKQK\AtQ\Z\{ӔKr\o\\@z5\}]n%\:qg=+\zg>/\iʜdG\\\WaQb_o\Z\\0rG M`Si\U(b\K2\hZA\[D_Nxdz$/Wl檮sn+\p\\iqQ\Zw\\y.`*S%$几2Is&s\}\=\\(L}r\0,\\'r\w>\߶gC\$$\\0ٖt\0X<G폷\%8\D\\A~\pFEb)g)\r\\($\|ytePY\<C\Eօ&**/8@\r\kco\*B8]2\Yd\Zx:\\\\0\>\^\}\#\\=\\\A(ZJ`\^C\\\K\K_\;ŝŵax\/﮺\*l\sDei\z\2F\^c-9=pת|4\LwHW#\ꕫ©\/\/v\x\3z`{c9{_UC\vA|+\\ŋOdr}\\\јw\+\0+2T	\1̕ֆ9t\'\a\7L\l\\\\@),M	\0,i\o\{_ZʹQg\ր$HX\Z@l\"\v[\r\w2\ɰ\9O\47\O7ys\0\a\\\(\|dM?mh&\mbvF\9\a7\1bp@6AqWf-\lR\rd\\\\\p6By?Md\ m9&ERƚ\r^(q\\ }b\˻\9;X;ֵ@Y\9}\\JSt_\0\"0P=\tnk\)\E_\}ⓟ\\8\\IBCIsp\\w)M\0\\(_\\\"\/0W\!\+q\\g5\e?\\\g\\Gl*Bb\ݳ,\exka}\"G3ŰՑ~\m_\h#?EYZ:yN\;@M[\\L-\\^,%8>\4s.w3̅$+\ՙ2M\+Ь6ɜXQ\[l9\n%\\q,\4{VS#]&P\!hۢs\9G\\ n\\$\\0\67$;~\0njo\Z_^gU<	L\!.E& \"%tQa:\jb\L\gk3B\\)Eq}n7}o\\\B\];5\7Λ,֤\\ٳfy*\0\r*\3\:\3Mi.G\Cmp\\\2o\ޥ\XͨOdVq<\@cqd\Z\(`j[c\\'?\\\Ow{r\\oxcȈ\\-d>ߟ\.\\wB>e3g\oy\\Z0b}n	\ҩ_M\)\\\\ xDzW9۳d~Ā]1\\-Z*\7Ɂ\Tb\nA&\_~\tOOlA\̾V6N\_\nw,a\\Y\'\p\\n\ZhlkI~\'~\'S0`\5S?L\ZR>H\<4\nPhޑ\r\i\z\ɴH\1\!}`\'\ߗAfߟlwʩ\00w\K\\\\F\\)2ycRj\PZ\闿\\_r\0(aN$\\0F\\w_by\*L~+`\|\nXQ3+r\\'X)n<e\q.\H^|\L	\e/\~\\lƑ\0@\\)#ta&\"Edx_向Zؚdb\*~3\*\Lk}\r\0WVjů\\XEx9G	|tZm\t2\nH#sJ`Df2>A`1\S\\'ZY5\|.p)=M\,\9\_r>/\\\hlc-\\.\CU\v\<87\T \9\MRbp2=)8O\0\R~<RミA\o\\l\\u]f&\\\\Ja$By?H\j\'tRC\\)OyJ[=\c+|\\\]h?\cY\'\_bU\\\\v=T\\bB\O~\\`9cn!\\4.[\eδS\T2P\?#\+\~S|pƫ\2,\uW\\yEo\\\tM\/\~ЏP.\\ Q\"p&l\qɔ(@\"`\\djU\y\58N\0@`syBLVj\w\̈́CWVa.Ȣ|WL\\\&\YʁY\]KL\G\9\'\0t\ٖlW~_9\`\#\-\I\$%\=;Yx\\px8ҙv<=4Lv>QJ1H3\8R\#U\'\\_<nzѹ\ӷ \\\O՗wp^+^\\\ncbt\\\0&*\=ph	\\?~swВ%}\t9y~f\`7~\Z|\4RjS\\p\;\S=\0\D{(C6~\ԸIlR\\ҹh<\(K\{\\^쓟d$\\ͮ\G\o\\\~Ȇc+&2d:\A\b`\dJk\ o\\8N|<\KF\*8^\Q̕\G\rNX\b\ɌK\09o		s\\\\r\ܳ\B`7Q(>Xa=\{H@|\*:b?Ӧe\\\/N\0,{g\'\C \:묍~9\\\M\.6	<	4@ײn\X=\Pd2A+3+(W^\~\-7\q \r\4\2	I\*13a*;b\H#0\.\i2\\ׇ?\\Q/%\#aJa{C\\N~\\R^\\\'~\\'\\ʐ\9Cx\w4Y7-a6\0쮹Xe)@g\\@>Va	9D\\A]eX\)t069fW\\4k6)9[\\}\?>4\\Dph}\\~_A/G9/R/0_*\ɴm\r\=\\xk\\S\$`J\\Zf\\:P\90%\GL$UVk\\o#W3T\Ԛq\8PzRG\N_ncxc_&qn^)|S\)@\\ܡH\`\\$U%\\0\V\U9\0>^\z\]d\T5\X)\r6\\(s\-`92wF*(:7\*0\\\\El_hh\;<\x?\a\"ȃ\o\\\<{\\w\;\{Mo\'?\\0I٥\}\a2\m\\01Ip-\\\`\R\[|֊Pg\n\Z\r7\iֽ\03}\\b$yn\]6ܦ׻\ݽ\\\20[T`@g\Ӟ\ܐy6͟-\\\ŌI\"\I\w\C\X\\Jz~\\>h\0>ZX]lO\\/p(P\"\	aKLAXy\t`\RDS%Lϕ\\I!3e䗦</S*ATTfjڒKJ\[@yB=\\\]o<č}ƴtME\r=鵼$<\\C\&mY\"夷m\G#lՊ\+\V B(\c\\5xm\Zڔ[.\\\ {q>Cm@s=g.蟿ݛ\.`\ˁ\[o\!\C<D\'\03fu7\tS\Wfnq\rk\BuŖ\mt!\2QBäY\Ѹ\/2_>KhzȈ\[X%\?yk+\Cim\"0Z\er\rd~j\RX\0,4(\\\i~\8?+GfڛRQ9Z\"ƿ!L<Osv\qp\\;3x`(n|7\G\ \ZSɁuL\G\JL#\'@\\z|Me6\\ӏ}\Z ۪\߹*\\x_:\I\JWZ \o\ZVƝ\\FBH\=^\S>:|+WZ3լW\0\rd=*NOVAm\"Oػ\]\\\'0I\s\rf\S$(\3\/;\\\r$W)Z\\\0nAFLsK}*	Sh\k\\n\2S+\#\Hk\\o>\3g=i˜\0c/~\K	pD_;꒠\0\\~gß\娞[\08b\2gbN2`\s!a\j\&gss\r0\S\5g\n\7MoaZ֭#\0c*\	(9Lin~d\6\0\'\\bu\n\!`*F U30\'7\:S\\,\fJ֣Y/Q\$\w\@d[\0\0\'\{ Li&[Ϡ_2%Rr\D\j!g̔1mkR|\gs/\\0fR<^W&왑XИ\K\\~]T\$-\E6㇞\\\\hx\\\^(,?\O;~\\\"^ۊ\אM~P=#F\~@9r\\\i-Sg?\\\\\l\CeM0C_9~+X\&f\կzUC[Fڜ}>\~\nU\}~\H2MzbĚ	`\O/3c2\\@ꐃ?\n-P\n*%\i76m`l0\G\kn]Z\\u1Z 4Ei>\`Q4\V|\f\0\\W\\\&- ȶ[@`g\zK^&R䩓\\\'$\\\j\\lǁ2W,*)\0%S\\4t\2\\B1[<\,a} f\\9\(ڌ&9b5U\k\v~\7Ų\G?\0+5пd%<o`+>vOχ2esn[(Q+V6B\>\'u;ƾi\g`*pG	\~o\03x\_0_2_2-+e1\Q5+\_hC\V<L0\\𕓜\3A;\"\q\\\\uM\c\ lc흙S-m{)\0\u\\~.\\"3\\\;\\\t7\0\7Ab;4\[\χt6?\ޢhl{\,UyK\\'Impe,`\M c\pIL\8\'\\!죫\d\nqs?\gGwƩ\ٜ|oW6J\ߟ\\dƚbLj\}dum\,d\\A\oF\ʑ\\\w\LVDl/\CCP\E!\\\t\"\(w̉\{mj=Mty\s\"~\7k|\n\"H\[AX9V\\N\0B\\^ӛ\>V)s*Ī@Y\,\'`\-X\nݝ\\W\0F\"\#\J\} 1\!\99׳Ls &ZsӣP<fu\MX\1U<fMbjx]`pߵ5Y.H\<{\4\#\ri\Jhl+	~gx>/\Q+]I\7z\_s>\rWk\c,_Icʿ\H\PQ?\r&T 5;Vͷ/b;\"u\q\\ABRRab+*\\!\lC#C0\U|\3	\"\c&\6N\\\\g,r\\\\IJ9\qUJv6\?e?c:̶!\p/2]\\ӟ\\`$sܢE{u\ǻ׼&>J\\b\xQܱuzY|	+m\$\=Q^\J\\0\\\	9+L\L4Q+4$0#\6Jd\W\\\v\9\e֥k)a\N_]GSGȼ:H\{C\J=4Y\'\\eGsp\hԿ?3\\&--ȶ\w\(\yzIqcyƉF\0\'@E:\`FpW\^\8P\ H\\Y\\S4r)l7IAS\\\TjZ6I8\\?ޗZv]tQ\\f,cWAx\	T\L&ce_\\png?\\dtf]\9\\\\!M\*Bl-\\(\QBŐi\\"ZӯB5@V?\\'/g\s\v}_\ͪ\,\\\\s\>^X\'pd*\0hebKp8-\c\'Vim}bS\ܴLh\=\:d4\D;	B{;0/\\50[\V$S&s)\&Y\?~\s/\xd\0\u/0V\?\0HO\+\Z(h綈\Z \\"b\y+ws`9\\\=WJHIȕ\88Rs3\d\\0Q)衬\#\2}\&RbN9\cUb\\\f}\\\᠇\oG|g\q\%[\'gWpu:&\\n\\\\}.{fD\\Z\\'%c=\\r6l]b\1rR\R-n\s^\pde)y>ϟ7{MP@AP\\}\;\\Y*\Mm \"\cxU:wS\\DcflKV:\2\rbx\1f\\n},y \0Lc\K@{Fm򗘔\du\S;][[9v8\\l@Lπd5Wd>\JNUg鞆Uч}\\\\O\\C\r=Rmer\\⁾Ӵ-\و=VZ=5}sn{{,KbL\'%SbFϽ,L\n\Q ~K\xB\"8\\w0\[O8	h68s\o}$Tꊾ1\Ё=c\r\\\0p\\\\n\诖#R\\\ \S\h\a\\N\rf˜SsqN3b\Z\93FdP\O\ޯAc\@`l6\sKcS\02/©~0\lV\F\\9h\t{f#*s\jz\i\$3\:3MsZ&Fmw\>tڎ*v.\{9fG\\\N\\/&0\2w>\n<%85ۙ- ȶw\*\\Л\mJ3ވ];H\yv\0SqO+\P\E\|&㔔\\C{	MM\\T豚\]\r\|t\3ǁS2^d0,XL)S\G%d\{tuT\ba\0\\0\Yg5\0~[o\rŞ*c\5G`\\"Xa8Gm,,\h4RU\E\.eZƐ#\q̵\\A0ľ\\~~t3>r\Ϟlv$q\;Ĳx׵C׽=*e֬/\\T6e*y\Y~\-\X\  \\~S\d\8a\\N9~y\\'\6r\nɏu\G\?XZ	>ٽ\\7	<\Z	4@h\l\g<(\O\+\fƃo\z;#\\\w\\o#`ZY\J\Y9\x\%gdJR,z:B+Ҍc\\R\Xv\rt\Ѿ\Z\Zky\)${\\,ATl\c\n>d0MXiAl\\c[\m\l@PuAc\Z\0;\|\\\y\0n0[	/VqLG!h\\*q\s|7!V(\/XYM9%C6+m\rĲ2\k4O8ZO=uu^\@e#.\g\|t/{r.LꟘ6\\\/@l\Bx\\03Eʄ\1\,.\3\Ifgh\\\<c\\խ\lx\%\\0\\.❻<\V\{ /)>xeBvaJ\_o^\Z\'ug)6\<\\(B9\-^\nH>6]W(\Yq}\e2:hi8IA }e+\4:5\'c=&J1q `\\栘`wߝ{V\Ӈ\9=\\\\9^Sc\\ &K~<4G\v\`Y[\nde8^\<\\0c\0a96G\'\q>\\_\~7~-\\%)\ώ9\Zɶɍ=@\_:;	\>Qi\|z\HiK^>5gy\\a\\rG\\4Nw\x\~\\`Ɔ\P|\\w\YrJ&kuq\)_\Pt~hLӗl#R<N\D\2e\\5\\\rPLȥm\߭\ǖ@d[J\;i=xHއ޷\K.\n>``d#\Ò?\\\'(\bc9\L\\\\1\̥DXWnZa\ZC%\"s\ZS(=UecI2T\&\T(.d_/\"-uT뮻\fQ-Pr\VZW\ٿcwg1FX)\@/$+E\`;=}4N>/~fo6;ޥ\\>Ÿ\F``\0#~\\>c\-l[?`T\C\lW\\\L\J0NCؓQs|\0P!Ǫ:@\Al\^4db\\\X\X9\(@\@P/6\jr,\d\\|q`h\r1\/z~ h\6\>\rW\2,[\JiCvY&\vѢE\ҥKg \^x\x\y\\6\\Rn	4@؊\\K,Ye\0\xH^\\\\މ%\vfM\r|>\hvtnN՛\o\9Tdu0\>cv\&\TM2\My%.\\\F.j3KC<X2\\=묳p\\ZɎI{9c_\\~G\"w\j\\\n;f~8f`Jy\s \\oyKxNlݴ\\]P\2_s?\x\\ַ87Cux\\\y\{\\?\\W\.\\0Lm\ia\st/Pk<}G\\rLy4Y\إ\\ZH\n\J9U\\/y\/=\>$\ҋ/\gd(ou~LSfbU\Q!u+2\-ǓWy2ٸx9+C\p\\QG\q%\m\ƽgg$\<ρ\\=خ7	lN	4@9\\\Z+\xgJx\Ô\\\\&\Z	pFF\nN_+E鋭\u>\\\Ml\\U+\\>\hJMA5g0PkРz\Z\'X)C2~e\"\\}~ t0ߟ\g.0bēN\Y/\SfM\\J\0B0\%I:%VDk]u(y!q\v\\`]\\\=C48~\\\+^~\>{\ӽ\0\0u%W\a|)\\Ro7㏍7\r\\"\\/21\Ӳ8h\\\m\9\t\̝Ϸ\/\{@}׈UV\GTԼr|=\>P\"dي\'59Uh,K,\\\r\	\/^\}\ݓKr\e\g\0cݲe˦1\\\"ywɦ\Z \Rnut{\\=x\[6|o_\JgxΦ|*\\֙*)\'nΩ++g 7I+#`WTWi\\'ƴdjg\\7sW\gsj\\ӄid:\E$\\\̘\]BN5\(/u\?py8̕A\wf\0\h\>\\b9|\\f\\nPH_YM\r\\\\N\?\V:\^\u]zYن\Kgr\o{[@E\\'\C=\/v^Y\"\O9M\\\xAO\ͮ6Lpuea\ʧl\\\Q\-\/s(y\\9u<w\5ܧ\\'\ڙ_u-\otp	\U^\ZsI2VrO\u߯ҝu\\r}\}CYOK\=6\;\cY%\⋻\\x\	\\\h\*\]\\M[R\rmIi\\uz;\0\\0dwP\0_ă\Z<\\C|\\-%@\Mp\\'!p󦔓3cbѤ\0FW2TY\;=SA\IHiE\0O<	!\뚌p\\0\\RTrd`\r\o{t9\(k3N\uo~E5Rr|+_\;ī\\f	j\\rOg\e\7l0\z\*+\@\Fld̴\0@u\b5\\";gn\\~w*	T~\=La;\ɰ\\?Cs\q@\\,\0c\M~o\&N0#\\˃&S \|Hºd[$tߨ.36֙upH\\0#\0\m\nuAv\\\\Z\\Z^\n+O\X\\=)_N_	\\xO\mLBZC\\a\q\Q7Aحh\Ր\;#uK\0ɵO\0ʨo\\6<P<\x0/\\]qL3!+ć4\fî\\\nr\\TTb\49\!E\'Jo\T v׭%G6f4\c\=\+2\^^\͜23\}\\?xZ	saq\﭂PKZ\\r-ݝP7\t#\={l\1\T^	c\Od\8\>\2Aku\Hzl8gK\@L@g\JZ\4ʩt\wCaڈ\r[\\u#>K߯ؼ:v\r\r2|\+_ٽ:V8\0,\\\-\\\祟\>e?3\\\\\H\\R\ԘG}W;\(sj\X陟^$M\h\\\^#f\8zb\d\Te*#\\\Wpm\ryz]99\~\瘗R\\nA	nƨsAp\|\na>\\{\R-wc\ŖI`sI\%\V\&K\0a깻\Cz<\\\x>\Cvo(x&v(\d!(#8\CffTtG$s\$vKJVR8R\\"\TB\\ׂ!\Ѫ\\ty{%[\	6\ՊV\eN\-旌.,\j\2KTrȟ\\\\\9\w\0yP\\K\\2B\Sؾ0(:zK?Q.LԶn3>\v9`l\7\e\\o\\| 6z\x\WOw}\\h,\\I3*\=,\ E/\>\ُaΣu`a\v7XacX:\ p{)ã\0iHK\u\4n4o\;I\"{\r£96\\=&]G\'|\Fmg\\&^-2#&M!\$\/:?eYӒ\dz-F)u=ޅ{r\bYt\\$E%\\0\wl2	\w\7\{\0`n\x0>\\0>yB\O~U(2\\0x6$iK?\\ۺ\$$ãϫLԤ8\cz\n\_⡿\\PC\'Mena!گ\_\]\W\\b\00-+\d0+p\\\dF\0:2@d8u=\\o\>8ƁիPf+`	\0	.¦0{aH⾎ɤ%;Np꼀\"\\bNq\q\?\ᐯ\ȈhJ6\(Aw\5\N0t\\uv\Ȉ	X!/c\1Nڸl4\\n(\XX-`W4~,W\\|$>\\\̼dl/Ǟ\*@XmZwט/f>[gXYJ1mA&N\]jf@&I	h%ƿY.͑\\\W\\7=\\\ڧI`J-(\V\%OʾϿ\\{\/|ĵ\q\\%ڛN\"e{^\\\\6JVN\\|k\')2\W\\01pT,C	<ԧ>\0d\CA\^\>\\nh\OP(ebܬ0\4\n(ذ6\31J4\`j\\\\'\6_ʓL(\0\h\)Ω˕ń\l\;J$\'(B\xC(\\0\?kLI{\\Z \0\)J?/\;QOGK=]n`\׃\V9\k~x9\ \0WYr\]k/K\0Nfx\D\(\'g\\@K@=\\'\?{\\\k\cr^\\>\ߌ3hpF\\\M 0;\\9GN6g\bw\"KaF\/\P\9~{l^\\'Lƾ}\Z \*boOO|\	\n\rF܆\0}>3B\\\q߂\\ȹW+\\?T2z_\az1\{+?\\N\bA\r_<\n\.?\\z8=*k {e!孺j\>\ؗ\ۺ_}\>\u/V2\ٴ\ʍ\\x:7\{+a\n.\)3ʄ,Ƈ>!՜\K\Z\Z\N\%\0lڰbO f\$7\\s\=DfbGut^%c?т\\֮*f\Rف\\@X̭Tʁ@\0P\[z\0\XЛtxve0Q.\0UDruƋ\\K1ҊJerz9\Q\\l9\\I^wM\#\ҘL^h6\\\L\,}8s7\\Y2(*F~a4}(S\'Ke_>>\n\huHs1d5̇o[\r[ILvM\Z {ۊ~lS-u\\.0f\,<<\x\J`\\\g2\\gH@DoT\0R6z;\J\\Ph\\(֑L)\\Ŷ\\\-8\'\+V\ڳ\\#&1ghhRW\"hL,x\\zV\'oyk\'o[*]\G(\Jg{}BA\LH%@\4SO9\N\	`hVܟH\d/Ɋ\\nI$	^\\V,Fc\s!7\2\\\\PaUgC\;%\;K$I1v\4+tHpK+\̦;w,徖ٖ\ٮ,w\ߚ\>\A\'2I;-\n<1-o\g\\`~#\#G+U2;\Ip\\0T\\ec\Е/\s\\\-%\#\2ɩw\ܵ\#Xk|e܂*CV@d[U\0@:f݅ExX?\'\ܑxH\F\b2a \c!\\u7E\f9P}M<\\eu\i\\ͻ\r\n6	4g;^j\\H[s8\Bf;^tK^\}\\W_կrLPPTaR\22T\sLw\au\o)Ɏ,&Kfzd\<#NY1\V.Y\R\\d?\\ &\FRV@\oD\W$\n	\\žr)\\D\Ln\ aY,̞\^\\<\y\\\+2T\ !\zI`9cm=M\r\3<9r}\G@ofeg{bd\\x@Ӳ<x[[qj\K\X?>i^r\A}\\ư:\?ףMww}cӮ5	li	4@%\\{\\0cv\'b\w\!\\0\p\3\0\Nb<\+)3*\Z2evѾ\!\\z\v%\Df-@\0G*(H\n\0\ߏ\j]/G6Yw\*\`M+]\9MO<)pM^\+{\(̒jUa5\\GZ\	SbPJ!\,\\\\c\\1Q>΍{3\:;\\ r\\Av	\Z\"=\A\>яvwb%W4\ĖL\'x\\\(\\\\t᫶v\ZB`͗}c|̈́\/Xb1\,S̮3gj/\>\2ց \-\03+p\\Yw\\rd\t \>l,Ka_\dIl\[P\Z%M \0<~|e,\\\L/O\ZcgѮGp=e4K\\r|\A[Rt+\pg	C-c\%\/ɶr	zꩰu\mN<\6CK\ݸ\"\$<y	\\2{%{A\QfJ+򾜙\m\\A\r(І\`\^pkЬۂj6_0\\{gpOS\Ϛ~\\0Kr@f\؉4d\Z\EK<\~\U\Z(\L\(w,8Y\\\I\'c@hiAB\\x _w\V2ܬ\%)\:\\| \\|8\\Sb+&\\r\\Xg\\\Z7YC\`<\Z]v┇3\\\r\\Md>d2e\oEї>=?]&\\n93\|A\JFʅA\\gds\I%b~\C?_\\t>\\ \>\K)@ew\'\0\uh\wp\݂}+ɲO6-ȶ\\iL\08f\\\V<7\\\\\\>\E>\\C[pǿ\#ؒi\\]LC\J5U.\@[B\>c&Sܒ9S:gIx/7\ZQϊ\\\[96\Hf\Qߵq\`~*\a\,8\(>1\|Ɛ\=!Y9	\0\C؎\\{G\iO}js\MTbk\ޚLy_Ɋ\\s\6Ч%cM3zu7lJ\\M`\a;*>d\`C\0+˸lX+2z\%Ӌ\K\*\0Q\7^\UλY~\Z\j|\R/\"b\\\,~	Y.1L\\\t\\q1j>\\x10}\*\n\^.\h}խX]&\]\\\m07 \7yMKmzxZ\6$]t\r\\r\0lN8{\"\\Up?37ARɤI%B\\/VyI1S	2=4*\'gڠBu\\0ԇk\񼀖8L\nx\\bY4%\ٞ`}*+5\XO#\$\駟\p&@&\=,kS\F*T\r\r(\JY\ؠ\\_ Yv\iر\\ެ\ ,[9W`\N)zHp\O\e~\s\b\\nA8\!S.1s\\Z7)2WEcܸ\\3a%25~8\\\s]Z\Z3^#x\"[@\!<\\p\\\\կ~[\|ً/+|)qSP(f\#?v*\\bx\c|1\Gܶ@Ls(J~ʔ\\5\-\\l݂]\\#vނ\(s\=fSl\&%\\0\69,Q*\t7\\q\߃*\K\}:\G\\(\Ps<f\l\ R\\<W\QR!Ѭ\V)>;ʧҸu܁\d\cyt\yk3[\O\E0vH\03\\r\\oGb%\\\\\\}OA8\/>ZVX;\o&VɰfȢ>%F`dN\\Ñm\?gx\3\G/\b&\?1\Q\<V\״m\\\;Abĺ\r\;\'n,\|b\Ca\pg\n\Zn9PH\Z \+@\G֮9%v0Q\ַ.8\0\\4\$rZebY\<\sg4G2b>\)22\N<Ĩ_\\\\hzȮ\e\n7\~\\jInp]60x\\G\b\v%ȶ\jݐ\'#Ň\\\s͕x k_(g\}2\\V\\B(db+T|)\Y-\Av\N\`\\\-P<hr4#\E)>ہJ{9wQ_\5K)\G2)i7ҷ\a~\P-虱^J\k\Z7	@\ZKDos^\0\\u\7~\7t}\\0\n8Ћ\\5h\ɴ\-o\\7CF\\d\\rb*}\\OfWsB1r%h#\\at\\ߜ$ϻc\i\po\\\yfX}|*\\|\\`x\\|*\|N\{ G\C,W\0 _a\\\\KVy2VݰLn\ռw F\Fm\o\*In\\O\Z\mך	4@Tk\&K\01ɚ-\\\\`\0\\\b;#L\w(8t)N퓩o76-ùzʁ\\\N(~9aQ\\\BVf#杭*^H\as8!J1P(,\n	ľc\̋\Ll\N\d]P1ʒROl\}O\\\\\ސ\\`rJlmD\e\\\\p6ST.GxMW^yEw\rb=\`\\&Y\lX\;\"G\$`b\\ϗȳls	\Xa\0e;V\\\\0t\Z/,\4fV_⑲0: {\;߹\}j]\\~R*\&se%c/>lB)\n\6\a1\\\b9ʼ\\D\#\5G\Z܊w!\n֫\0ĚYr\\r\\mhl\\0Vf-\̮cvʞPw\ix\>x\\<\\nA-\"QX7\7\\\O\őuAT\YQ9DňIIn?s\0\(ed]\\\\0%v(ñ%w*ap\j\'rL4\\H&\`\rKwyf\0l\Ÿh~xw\GtzZ^\\\'ͺi\\`nbK_6k\n >l)K\\\\2cmߚ`ES9\X@\>OY+\\\\@\\\\2禟,\\\+\\0\i*c\/-\fi	\PF\j9܇\\\ףE(\&|\\N,+[$}\tۥ\Z \.5\J\0\V\"/\v饗^\rs\7\}\<\n\c%D5$fSYQyм\"\\'*9|W\\;qEeB\\\ `t*\\e^)xg./S\0V7Zp\\:0m\楯NI5S\2a\\<D\'Ռ|ML\~Y߀$\(ÒX6U5Uْ\\\@@[*\0$+W\B%\pT>P~ejO\\\$g0Vܾ*\" \\i\\M\e\ESG\0pj;yo\pM^|\C}\\\|\ʲ\>E\?%Av\\Xn2qQq<\K\\}5dm|Gf/3Hw/\\\\M\vI`@d;\@nl\L\oŲ\PB\EǥP\n\'B)\{OY\f@0fسuP4+\/b,^Er\\"I,Z\\p Z+\'\c\\Z9ʸ\0\3s\\\~&XV\̒R\I\\o\g嬯\n\\_vvGm\P]7,\\Z\s\L\\ꯙ\\ \'\ǿ\b\T\\8r<\"dN\\&\0\S&$Ɖq\\ޣs\`\Z{LZxB<.$4uz޾\E/\`~<\!\0]S\O|\\S&\\ۆ4k!Sޅ\dіo\\ݸ\Bȋ=\\&U\r\#\IO\\ì	\\\\\,(5dBp#ǹ0̀\re3l\TtXZs7>\5r\%b5RgNxPǱY5\Z)؇&\\0DW6\\0k\?j\ڼ޺}\ gX\\L\\+qP8I\\XT	e\#*%\0#se\ȇ\6[\0\\OmJ	k1-\2\\nt\,\Is\TE\\Ͳ\=ȍ\Kv\oӖm\\\\o0H\\]\8\F(-,\0żҏlƕW^9\:/}\=\M\{\0\F?00r\%\E\|ay\e;0鮇nsލrJ3In\S%\\$\\0َ6?YWb\3\<c\r%\t\LRPh85e\n\0\#P@+q<\)4 WY\օmMp\W^\H!t`x\0Sey@\\+xm\ZO\*\	\\0Ԍ]\\\0\r9\>I\̏\0M`\\tH,٦\/\A\}$\@\\a)\HL{^D:0^\͸5Vc{v\"\ưWX\>F\jh>\yށtj΅z&Џl\|+\0\Hs/\M!\#(2\\O\={L\utOq+X\'l9#Fc\He$[?	`%Y\|,\\\P	T ^oϰ@\" !\e\e|=b\F\\\\$IWI{jtZ0D\1y(\Z}(`% P˅\Z%0\n\jL\\N3a-S\զuk=`\\O\ځlGA\\\\"7n\u# -T+\Ǧv	9*\M\\\\V\\\+@\X@W\V:\=eJ\\8-\\\P\r@FϿ|\\y}X\ÖI`[@d\\ȴv\p%\7Ʌdje*E\>n\ :׀/X\4\g0|\\\j@pl_\"5ʩ|\6׾dцr1%Y(~\\ļ\\^h\r)i1e#fV\[,7@M<EfzL3Ny.dxNЕ+|\,B\u\٩Mg~l\t+,\M(\YS\ M.\\oҽ\2\n7o|\D\'Z/\'J\\'|)> \.,\/V\"\E y[6\Z \Ll\4	lHa\\0vJf\V8\@\AI	Z\Z)b}\Gd\M\0u:\\HPRv.O\n\\\\J\UnT\Ђ\\nPc\nȦm4E\Y8e+Sc\%Q\obY\91cұu\Ϛs\"\Biz2w)==M\\̵؄<u\09\a+[3)QHԸXs@ml\~w;\u\\%6\'\	\{\\\\0y\ʥ\r`þ\\7݋\R\UII`\Z k3I`I\0\n:t\*){\o7\'I\\\'PQ3#5詁\\0LpbTnh\\\0\n(Q{\\E[\m{(\Ι2P\Z5q\n\\\[\Sj\\0+A\ڲe\0p\\\i\dK֩\I\\\`ĉ\0;WU2\ je*bǘ%\\0&Z\U_C]bŘ>\#\P+q{\77\G?-\Ns\Փ\1\cuqb[\yҪ\$\\0َ7G۰({\0S79X\\f5W\i\d-G\\lt\d¡D9Q\0\\\^\#6\fLt݀|f8\G{(\@k%I(D_\Z}Cr\6E%pk\rFȯr\J׭\.X\_xȩ^Fgt~s~\\c3\\-1\PeO~\\OߴRF#\}$7ՠr(\'\ d囄\!?w\\\/9[˰.Bl(o\$\$0&\|ۤ\$\$H&!&z\vW:]L$#2\VU&Sw=CGuz;#)w-rg:wꏽ\Z{\~Ln$JD؆NCT\\d\Q_u\\:V]\\\{\HX\cW\03pE2^]b,Z\n\̫\\0DGɧ_n\M09\t U\/X\a\\Z_\\&&\$\\0YM[Hh		&\"8\n	x\|\D\~D〆|̏/N?%\Q\=\줯?q\ܟy\<K0\0\\\J\\\Y6\"7G\0Js0\\M\.gz#ʢ\&Ieܾu\>\=,e\\s&6\;KC%sx\nM6\\ZD\k֥E\\BσVM@-\ڜh\B@ L2*\8-QؕUG|\\\߱acT:\fM\"\0z}s7	\gE(VL\nGʄh\qء6\:sy\0!o.F(Q\ֿd.M6}.`Y6Gb\]-bu&+f,\1\M\'s\\їl>\\踗Quϱ-\nua\ӓ]\\rm\AI6&K-79\LՈטL/\*^3gfXRX%8\Z\c\/d\d+\$(>g\\&\y^\ s\6\0A.\0\\0j|Ʊ\_ʊU\Zm\70\Ħ\\'\F\0\m(d]L4֏stqp\wED}\h&c_\H~o:\*Ks\rރٜ\U\$\6\\\\0\f\L\\\5\n\'\'3u%(ʺF(\X@\9\WI\nӃN-ߚ\$\rhh1\Y;ɳfB_Q\\\\+I{P\\^\9\^WÌ\\9J\r@d\A:|\\"m}\\VX\\i5,®Fڇ\Z \BVM	UmZ4	l!	@EDXMVDz\j1\5>\@0y\fͻ]*4`0S\\}S\\\\\<\\r W4r\H\\r&>?r\oXci \P\!?*$ 0\\}N	n׳d^o\L`V\f,Ai\"ǆOQ&\PҀ\h\~\A\r ,\Yկ>e	Cy\o\0\0wh\_\\Ɛm\AI@dmN4	l!	@qt<45ii)\ jș8#V\M5c\G\\*\HQ\0S4\ȴW\jb[T}HLPӷ幬3qktsGW\i@[=\m\"noRy\\ b~zgDx\d?`D!Q.M ^\븕R0\\L`\(!R`\2\'\*N\ٮ3{JHVu\*KmmN+P\r\˺nVM@@%\ڔh\B\W\N\\|\ސ٨cKb\\^l\\0X-of6\Z	N\n%PPDmW4l4\TD%\,A1z슯eHey%s\QQM%)CVjl/\6Jx\Zf\r\#\\\?G\\d\6ɶr\q\p\.ꛢ\L\\\'VV\"\Z~\4S\\\	\0`kN[\yЪi%\|\ڜh\B\0+A2sUǘ޷\Y*L\\C\Zs߾*0ύ\'?\*7\r\'у\u〝Xhj\\hܵq׃f:K3{\'G͓\\N,_ʭWa$OA+\\\#\{]/\\c蠄`\!14\(\\Ӻ3\2CmЯMnݏPfU>9Ⱦo^\CV\\wll=Z5M\r9\$$\0P|8hM69r\f3gM&\\c\V	-\\*&ghS^LlVh\Չ\Ǹ!Q\Zw؋\hxE\W0\jN4YrUhกܬ\\,?D`\\X\\ 6BDU_\05\&\JŸn	\ʘh\\ \sk)o5.CYm[U\$\$\0	4M&-$2(Ù~\I\l\N޴\r\]\rj\M+N\\dg[uRd4Wj%\0ToF\\7Aw\~	x,*\00\%\쑯F-\r\\\"pj\\ְ5\-ƬcK\ZRu-k~g=f\kA͛9&\7J\eS\Gu\\L\ +n\r\;{\[\Vh\4	4	@!kӢI`I\0Jzo\,(ȑQs̏\R0B\"An>/LXRȱ\Z2\#D\08\\\3/\SIYL.]\3R\3\P#b\\^\B\\raB988\\\'kUtM@L[?\UR*iLW\\m\nX+CRc\@G,{ir\re\+pD8,dE[2\0Jsȴb&}&2\3\\\U[\Vh\4	4	@dmZ4	lA	ȱW\zIl@1O\;\b56\\6>\¨\\ء\0\Y0f<j~hX\Hf\M\_Lj;\0 KpɺSdt$\0\ћl9Qu`e\\\\q=\\\"4҇_gPA,\\\\0fY\nsh2o[\v\\\\<=u6L}V?\\=~c\\\\[VhU5	4	ThM&-$(̠\Ϫ\QȶXeRΈP8\\Lxr\u;󃹳̫P\p(˯3V6X2\\Z\\r\\\)Yp\ZI\r\GZp4\ZbԄ\\c\,\07\\G	3̏?\µZicK\,\ I?/O\Ws</-\"\ @\.tta\\Z{,Yd[\YЪi\'\C\\E\0\0*g\\6FL渞Ȱ\Z\\y\L9\nF@D\r**9<R~\_#[n\\̘mr\O`\LM041o\\lme\\\\V\\'0\\rq\&\`FW^2?T\n6P\HYP꦳?CY\\0\0(9\\_\i\ݚ\\Aa\Vm\zj&@dmn4	l!	Ї\nq:d\g`\/h\0\'	.j_/gh>7\\_J\|	u\L;\#\%Zt*[\\K^2WMg\'ko>`\$:0_!\Hg\֬\2~\+*Jp}\7VA1\\&#\XjeGP\=%iͅqc=F1}ly\3&e\P&\¸\[/L@1d[\YЪi\'flI`I\0o\,4]9\앀\'<\n\Rڞ\*\$\U9ӷX\Q\BC|S\zJ\SLjc\8n?D\'d(jZ\\tYDP\?\dɯ|\q(}`21=`\H[-\\\p>ga_ٶi\YedYdI\y~ɒ1=\\v\IV\Φ,\ay7,\\\\\MM[T\rmQq\vf	@Q\΀(\̎\ 3H\\XV\drtR`Q	0ԑi\nÔdX?bK\\0\Zx+sgxD\_G\\Zp\n<}{p\\8sm##*ʲS0d&G\6\1ʖs{n\\r\n\\y \Hv!\+=u\\\L_2|UpWʽ.	}+{J[\0#\\\mݖp\	v\fm}o\\nh&˭ V\\)2c!#0\S\0LT2?	l%\ZsRؓڜ|n\nsP>)\\\#03u+L8/\=,%.Q>d@H\:\s\.&9K@Τq L\\6 .8J?\Z	x\t$\\qҏȤb)V{v4`Tc[+\wmd[,w\\\\"b)0XbX:2ДԢsC{,XЂ\\\mH!ۆ5eǖ\0j\02ziH\ůHf,$\(\+/KJ7Nҵɴ6eJɞ96#\dq&\:\]\Z!\iՠ3=u9\'@\V	~hB,sm\\[2\'0*I\N\0GLF`\'C~\\\V\njaBÏג>dᳶnu7\[d|<_\Hb[$\7OWL[\'q*\"߲\/߱\ֻ&m_\rmc\ZHI\r,\hj`oLXqbjeyO-irV%	\U~1YW~\7,h\\B\Sa),,@|b\\dIn\\- 3܆ɢ.3fش\\D:`[w\w\HsNo\\Z\#P.L\\8FSd\\ٮ\0{0OʧLA`e\cz#wXX#\bg4	4	lM	4\֔~{\01\t\\n\ ,\"C@\\p \ᙏ\\#ɏ\0\Z)jS_\r\rڪ\ҿ+#`Q\^h\G\\\3?`\C1\lf\\ -\W̖E#/fQ\$Yxie{\?\T\\Z;\\Fvd#Lu\:\-,[i.\&%\\u\u\[6H\\\lc;+W2K4	4	lE	4l+\nUsI 1\Wȷ\"惕\0KߢyxK1;\\~T\<\±%\@Ũ\Zgܜr\1eY\\9\\GYaD\\^\\n|\G݌wF 4\H~\>\r؂˞5&)K\\US!B?VPN_6I2\ð\Zڈ_\\|\$=2-{\pEU%͜	-\ysaX\p\\rў[w;I`ے@cȶhف%\0\`\G\ɐy\͙^L+\(\'ȪN\q\0/M80a-JyZ\\a]	\0P\\\a\0K}u\HzMW2r2\~	h+cyX.\\)0I-R\4Cs#\O%(F\'ʕ+\p\\'E߳\\\\\-KfG2e\\r\j\\*C\\\q\\fm\Yg\^\w\\O\ڶ/ȶ1j-\A$@$mV\\ܸ\\X2gɢ\(y\7L\0́P8\\`g\nCA#\9h\\l!;JC\3DP./,&?&\}\,#\g`S\Dr\	F\чr*ٺ\\U&g8±J	|g͘	,\YT\k֮-֮O\\\f2)\:\\"\9Ϛ5+\:Mb(\'z_|\$\\\\\\klyִnlhl\\\PPS#W\\\,Qzh٫7Rqs\\"\Ջ\\'\՛lKV\;חK#>^R\p\[\o^j\ D*\\|\\u\\\0㑦ܤ\8\l\\]FmB\\4b)YY\\՝iB͞2׬/X2\\9\,0\G\s2d\\\Zܶ\5I`{@{#\\GVYBY&\\\Ԍ\ɏJ\nx+J>n?\"\\\, _3\,6AR\Qi\0\\Z9S猏$@VTՉ\0#\H@]\Pa\_>VXp5f,|@ړdWa\B\0Վ0}&3M\K\jBl\\\j\)k\底Ѯ\\剠\\Y\0\jD|E0k	<sL\\gV:s\\\\'\^CZ2\\`\H:\&&\_\r=2n54	t\]w\n\Dhr\\Y1bjFMIC\u\Z\\r\)l^Btbd4\Q\k#\0\n8t@\ >G\Y>-Y\B\r@7%mW\M\ܱ߱SAъ\\r&1\GlPW\0\\g\VS\\\HB\m\rv8x\\\3\(M\k*\S<O`Ȫ\]t\\mh\\nhl+UIʐϙq,\#A\\\\ɌZ\nI\\J3*\\\0$#\0)X%qp8Y\_\#Z,}CI侖iSK\0.Ad\f[\՗}\\1e$b/\7\)줩ub5#\WUzAI\40\d2麟ꔳ\ne\)\[̀\t\\rիM\\\6e\XKb\n\\\\{\%BkY\|\\mD\rm#њ\K\\Ò-QP@iOΈ\K\{ɲ\lo|\9C\rI%ن\WD	K_\\>W C\04-Y$Ms\\9q\\\'ǻb={k4\TuWWF\\;\\oĊ\\\,\n4*\\ɐ\H6Ԁy\[7qQ\X,\^\\\v΂ynҒ\ƑL~\vjڰQ\l\\myn\+w\AƝ\\;p8VQJ\\fO&t:L\e2w6K\w\\X\\0\\\{g\lR4\\\:[we+\"]rq_3+\\,\z\2|\G\\\\;ZNp&˽\\"A! %D1xt\/\"TՓP<\E\[BiL\.\޸N\C{W\\ 7	\\=7xuGZ7ƭ{\?VDR~K=\1y\h}b]^*#̵q\8_\W\\g\ףi<;\U\ν\>\hiC\2_\\d\\\2\$S\̶\\8b 8\\\\	.{0iGћyZw\+v\\+w\H;٪wS\\P\\g\n#mx,\nWU)\\\a5A\T\V\\l,\Zmpe.;;!+W{\3\-\P,\\\\}\W\?ҟ\3\g\\{\_G`?.K\\\\b24l\\\ǘQǖIz\pBZul\\K-C\Qp\Tuef)\Hh\']W*R7\d=\h\E];p\m\\0\0IDAT9գ\XrU就z5ʅ|mR?vϺ\'eZ|\nncE\\\@mȋwub\\\\<xnC\Sz|*\{F-cUf\j\\\n\P\=V\\\\^}\'\\\y-g\g\\l)4\ك9:&,9O;f\ \BpBʢ\4\KZ\f%;-`;nj\\Zd2vL헭|\\\\V\\1%NI)\0E\\\EJf\LK\J;F\0C\\50F\%-\\\FljWwѪ\"9\\&\΂\\\].\T0m-mc7y?\)1,\b^~w\ hʾR\>=uiđQg\iC\:\h ;ӷwZ, \ZKn\Zd2S\D=\'`&\t\e\}ZƼ_rC-qȎT n	\$6>m\ЬT\\ZB\)\\[bd۩~s\\0qRi,-&,\.`\0@\`\@)x\04s%&\\cos0ب\\P5(\[D~\F\\nMuT*ٽ\毇Q\|\\2\)V\r\3P6\\~\z9N\i\t?\d!ۧ\c}j\O0v\'\!p\\	9Gd\\$[\H\\nkU=\\Q%\3K+aXTǈqC\8R\\8-{Y͹a+\)6\v%I{A,	Lf\F\\Վ`*<Kc~d\PG\-\\+ݍ(\\3\QҲ\\ ] \\\/eE~Vb=l\\=#SħEY>\\SK\\r\\w\$-(ϓ\^,@\00\+(\/\04\և\03A\a\c\\\\nL\0\c%d2\0MMA}U\=#1at\Օ\m*idbklB@h\\K܅c\M\g\)\pqIGHhKp\8es\%-n\PGh_Auq\\r*\+܍\|AdU6\\UM\s@S\0\H\g|\dG\\×\o\j\\Q\\O\\m\m	[ &`\\\c\w䀃\NIT\\Ǝ9<P\ڌ\[\Z\\-\Z?jp\OH30S&6&\\\\r]\/(\\V_\|L#:^F\6\@[\\fϒ\v@\PTqՒ\l\jG\%\;ǧc[\\=8\\\;N\T /\!\\r2 Eg,\+\u݌{\'?\O\l \*[]\'n\n-0&b\\\\?6Q.\\\í\\zx\\dnWcӥ*(\\\\ʔg\\K\l2\U	\BQ76b\\+\ͽ#K2I4ݓ\0>\ՅA\0\M8+#+]0p;T,O1xAv\F\ꡒF,V۸>锫eĂIE=o:<y`X;+\r\Zp[~\Џ@[\	Z\'h\nj-1!*[0Du/\01\ts#\f\0Jx;6LdSD\qꚷ\\j\n\:*+@1C\B3nkq\N\HbJڭ9}$kSԷ\N\\\{\<eR\P#Q	c5dƅ\x5\"vO\l\\\q1\2W\\x\4\\\n	d?\\nq0>	j׸X\\ЯsYs:Ԟ\) \j\qg=@ٓy1`#K;2|\4@瀱Lr\[N[f]\\rl*Lampb`K\\\\ZSe\"VK\\n\\5؟\l4V{RτTw]\'CFEzrS*H\ELP9r\e/-3vK%q.\C=k\K6\LF;\\ƯV?g|yp\\Y	Y0:\0sB-\#O\ZLY_\[2d\\裏)^\\ßj-\,\@\L\\r\B&ul2+W<x}MӐ\0\j\tC\\n\\T <R`MUp\\r+\\j\p\\t\:B^\@/>\'04\Ts%ӪBI@v\r[\>[5Mk\.7YHx4\rUk*ec	e\܀]6\nƐemR\CR[|\\&	\\\Iʖ\({p|\êy\t^v$_@\'EM嵉y\JZ(d\\\\\\8\r\\pg\\M4w53\\np\0\"z\D!\{E\\vw[\+@\V\;j܈0\\\ʮ=\\"T=T\"\{`u\L@\\LE1\\n\\\\l\UKw\bǮf\\SI\\z\F\yw=0\\^I1I^\\}8\w#UEf\0nU\&L01dwJ\\\U7xC#-Q\\\ܹb?\Ak[\	XpO\\D[`p\%e\G\\\\J\ffW?g`=\:#\\nf\\لކą	o\\\1I9ۆiru\\Zb\5(e\"S\\W\&\\ATu,#~}%٣\EG\r\ee\a\\+ɽgi\n\0i\t\,\Z\\l&\s\\"\X\\n\\Em{m~\Z5Rs\^jC\\\o{$ck#UjAmDWbKQ}~!\h\Z\N\\\@[`Ls2lⓦ	r{LnT̋x\0{sU{\4\Ï\M(e2ΉI\bS\s\A\0W]p\qM\\U뾐\j3\>\_܉ԋ5+&\\0ݐ8Uw_l7\\r9\\"ج?-LوQLb\virQ\nG\Y{U\v/_z\\ݼ@ð˧\\;zdΕi	h\K\\mrH\\\V9y՟;Ｃ}-?ߧ\h\Z\NƮ]k[Z@~o#܁haL%FY\w\I0\ʔlb\\0]\Zw%UDA(41>T#8U9ˍ%Q6yMqmA?A\\l@۪d¨퓆\wp0]2dnm\+\Wb\H&\\n8Թ\j.O5{t\\hjRe7\\YѶ\N\rǝȊ{]^\F\\Q6*\ޔ\8w/P3lQJ\tWEM\/\\\\Ziُ@[\	Y\	\o\$.\+^\`ڄ``L\cNUX\\V\XE\"\i\8X%\\'؎(g*ur\qPo4|wq.@\\qd\/Z\ٟť\\r\0?)fAPCI`\8srg\U:ƘX5\G+$*7\ڵ\I\tI\+0  }z3f0\\%7\BU\y\Wj%L\\\҇~xz-\8ytP\۸[hh\@\\UhZ&vXr׶:KRסr@7\Tsv0m\]C18) \m>\Dd|Z\\,\3\}UPpW%mڗ\qN`$Ii\Z3\r\0[WO\\G\m>\#*\1\ﺭ\n\\o#c\u%\Kw)\JJxA\|\}\0ܴօ\r\yoM\Gۦc\\\K\֏c\G[-,\\n\0r7\	O@va(ds\4\0L7\W\M\Zq#\\\cX\^~&\ܐjk\5s\ݘ\	\\\\c\`L*\x8Tj\\S\5)+rST\\&U\\\3)ī\1Y\\'`\r\newvrS\\un1vb\r\ڛ7ݽ\0r\΢.Mco\O\\#\~UJ`Vc\iU&\\5\],@߭f/E\k\/\\nN\\0Af\@`Lc\n\	4K\\PnY>U\:\\3Z\E\Zg]\l5lƖ%.u{U\$z\&\6LסcX\{ru\j\\\8mǘ\sے\#ϡy\koo@\yoMj\\PrscS\nRWSe\ڗ2wO|\0,wS\bM N\F ?6\'\ʾ\+GL[-ph\8\u@LtJ;7LhrUMR%Z\R#j\\Y\05ږgU\1\<?ʭ^C`H\ZN7\'1J\r1X0ă\\N(!8u \\\Xme0uA\093p\P<+>\'\ή+FSSںjj\4xN\v\\f\پ\\2W\H\K/=wp\U\ZP\\=!\LX\׫Jm\؏N\\rd\'c׮-P-~d\g(vb\dne\./]\OUZ\u\"Q\\\0nBbI\4\\0ImA\\ca:\r\>;j\tK\1[m8q\r쪛5\K1\\sܥM\=\tG3\\Rq}\Q	M V_:o0ͅ$\\01\iOnd{l`(5K\H^\4\<6\]\\\\\2\^	b[!\em\'d\'d\nf-fa\mUu=\FػA\rmY8i\\087swc\\ek\\;.EWJT-_-	\߄Q>\bÆå8rn)ldr3jW5\kqI|\;6}\.ER\q`*#\XK\%Q=X\\\0q^g/K-\\\}\7\q\/%\Z\w\H{\\\f\\\Hw!\r@r\0P\l\N쪇Lu\\quP~\\\?At\4v7\P\\nMFl\\'ec^cz<U	x[qL[/\Ԧ\tL\	ʆ\Z\0F}M[ \\	KQh|K\2`)\\Sc\\](\\`gֺ\\'\xi\	@\ç\]yd\\	)\\Å:Uj\e\\v\~^+Ve\񔞶LwxN\&\\ĭ\\I\Ei,ǽbc\ԯ:\02\\\è\j;\\\_s-p2h\d\ڵv,\a<:nvMG\\ݥ\\OОbY]2d\q&\dO\m\\\\2\\Y1`[p\˩]\B-\ԃXeyvNψ%Kk\0OX\\|\\\"Z\re(~Hb+\J\\x0\ռ\(\\_>ӄ^\?\*τ\e\\\r\m4v;<E\\024\\ػ4L\0\\ļ\o|\E&\-oZ[\-\@v\\\\s]R6\ƴ;\Fx\\YXM^\j\\0\/\S!\{q-&.,p\`Y\98\r%g$\_\f<\?\\n3\q梨\\\<\0P)/\\Cܻ/\(:V\T@\[\ ?EP\m8a6U\L\\\\'gn~6\vs\ϸ\0e4\=\6yt!\E\|\t@}AQ\]\\n裏Bk\\*u]2-5O4=\m\@\ڳkklZ &K1q^Rc\ee)s!t\L9Tuk3y\Pf%缮u\\4<AB&Q\l\\,\5LX7Js\0܁sksh3\,wropqU\&)-??\-]\\"TtK\\\O`|sX&\\0ݒC6uőe\~NNd\\(m\r[\09\#U\n\U_H\z\km\'`=#wm\\'b\Z䵘\o\AdRҢP\\\s婺\Po\DY\h`>\ɓ\I2;`>k;t\CSJ[0\\=7x\~\t\/\q/$\P&tfc(ms\d, .c#\ET3k\g\\\FXZv 7\\rnL{RR\iAUt=5?xuBƘy\\{% ܘ\Y\Z\\~	\\?!\	\_Ą&wbqF<k,7\1\Tr͇+n:\4\k5 afoIr\0a#/J\\dr{m\Ī;\ج1^rɎ5\0óA	\z;8\]\nOo`jM;VJfɏSZhlP\r\\\\\*eT\ruJ}\| \F%ӎ\0$\Z\Ɩ&HU\%X\1\0\GS]6]\\r=qd=O\@О@a_\, `\\/\7\\jc\\IS\ t\=7\ncmYN\(5VcC\JS\Z)G\9\\U\\0>\ʹSmr\ל\O6\7d ꙫ(+\\\\*u\\P\\C\Zo\v{O\5LJ-\0\+\rPa%lB\prS[ü.GQ5\0\R!l\9`4\FyO\ٸQ\\:Ŏž\ɹ\\">e\Xz5\\\rd\lЮ-P-1)\<ՙ\\\wcRb3\0Q\\\nayܓsIy\&}pDd\πj6\\\\||\R\ZYm٤\\\\\ǧbC|ʭtZ6=#?l9\\\'P.^0\h{\\\cT)J.\ȱSFI\^Q[\rw\\r\9\"\\n	Ï:\\\y;]\\c\\\著P\}rbwH|p@o6.H\\䝋\i\~\\'j5oW\\"/pɃ\]\rH\-\\\@r\\n\'nW\#\1a]O\\\eY@Xdƍ9$y\0ssoJZ~~\F\\<k\.)\pԷ\qƈ<c#\4MH[KE\i9\#\\\\\ה\'\up	\Ylwcz7T\O\\\}*p0\\vrq\'Ω\tkʦs3\칸\nN\\rd\'eٮ-0-ĕxG\-X\Z\,\04Um 6\\{[v\0s\$\0\@\\^hzx˕Zո\`p\<\-)E(\g=qw\[|7]n\a\)4tkX\K\RR<o%T-	TӳO#m\/\‵T\\m:M\Z\n[\6WY7)\\\\\P+/6\VeЯ\;C).E_@\0r7\ޯ|!pik\#)<W7cj\\\y~U_(O5 Τ[w\o\\ر,\[8\\Ė8ᾛ\Qf\j}^*\\_v>r8ܪJ\*E,Դ5Ţ\rw\$A\t\\h\F{s%nY\n(X3\ƀ=ܟu\hm\Q\';pc\\z	`UJi5\i\%@URRR\\\j|\\0ţzS\2v/l\@\\cmc@\1k\\r;&Ɨb\j\]\\&\'\]\UU+\݅G݁~Ãί\6@!	bp_&Y\͜S\Ke\\0\<	hd?׾.\\SJp\*\\ng\\0cYX1\gS\\\͘{]-6s\\F\n>>\xtk&\ѱsM{Z/\cݼys	\DteR]Er\\ropW(/>\~	nN\\rd\'eٮ-IRLZa%\X8\o>R\0Eau\\1\\e 6ڙ*@bHz\, 0A\NQG;N\cW\\X*\0\\\Z\\sWv\1Ի\K\\\\\\68Ih\8g0~\\(9@\gv*U\>1	c˦\܈;\\`.,>;3U<7(b0~\\\\U\`cr -G4\e@^?\m@ى+\w(?&\\;\\4I\H\0j\ER)\\\\y_@J,\\\%\JF\\\H\\ZM،\ک\ry\x?<#\댵|j@\~J\\ZO@\m9qpQ\sc \ڛ\9m<FIW\\u\Z펅	`\\E\n	Hܷz\r\\\1\\M=1\'\٪_+2G\wײߗ\6\\R)\\\\\:j5iT\\}C\\\"h {\"f\F\3՘\0\i1C\\3\\@|T\k\ex\\\\4:+J,Wp\F##P}*`9m|\r(\,.7w\=\@y\\\rJ\T\3,!Oa(uc\ql\\8R!\n*\n\DzLjı\bܙRRaK\Ed\Y\s\H\\rO\;k?2\\$snӝ\qٵk\\Cmk \\?`=\\'j\'j\nl\,\p#&\y\w`\eQ9$l\c\\7T#W\\K `*܊5IaZM\\\)86\2\[췻2\,\!\n:3\XD\+\qSPTj\'7$\D1]\\TPϰ\PϦ]F,%+b0\\\h#\r\tG&\jJ\\\@w\\)\%\\r{Ϟ\\\e\t-\`}+\|^m]zu\\ty\1W\d7v\0\\U\\5\\\S@\S1{7x\7bn<K1isqsC\\JD\1i(	;k\0\\\\UY\4\\\|\l0%F@\p:5ꐫoB\e#\#UAw\\ޗg- \VdIc1T2\f;RnB\Q\J僙\?i\]S\Z\eM\\*4T,L\Sś\e\\*UĹ-\p\I\3B*J\+J\\ zb{\Mʚ\܍c\\!ۇ?X=Ƨn~g\1)\ū1*\\!mL\%+KiiZݶܜq-\UݓC\ZnIV\"C?\\p˫u\\]dpwΚ8%\X/\Ŗnp\ŪN\6\\SJסm\he-E\\){s5AkM\#\.vM\ga\6|]IɖHR\Xc<Qxu|\1ǛF0̮\{\Ke[1:qTF5\T>\>\j߶\\'d2lW\IN@ZLh\T|(\ZWM{\\r@֢(A\~kO\I|\\n \\qY\K\&ur\,G\\\p\\r\,\\'x\Rסp\r\-\@\xցrܞ86WO\OTu\b^)~;\<	D`PctQ\\PEʦy\q-\1J!cZxT(3UȀC\\dCϬ\	\B@Ֆ`w\\*\\:Q \WGַi\~\\'in׽\+a\\0k\0\\'g\\j\֤\\*;9a{9&q\0k\MX@oB\<\~L\\u\R౤\00\j\\\g\$*\*6?7vmgCӣ6wWd.@+\x0S3G\0װ\\Jѩ\-\e\WBXB\,=\h	\\\,uoJnc\˱S\\\\Vc\pĎo(~\zA.Lro7\/Ś\\\{Y<p\^{m\'hY}vSm=@Lz\\p\Z0X\C|&m4fwϘ-uҼ_\"wY:-`7A\\Z0\p+r;̇\\"\\X+h<(IY_G\\nʸfl\\2%\\\ů\\Z6#\\nN\\vz$,	+WrΫ\&=xVq-;\0ʚj_\\\n\c&,\\j(p\.4\Z\i!\0\\Hס1},*\ ZJ@1\1b\Ա\\T\..\}\\O\8h\T܆\\Y@(7bR{!&KM\Z3/M\#Z*Ak/&՜]p\r\I𖞺\"ܕ\-	\ĥ*7\\\3jƄ6\ۆd7&tuP{:T\gןvjd62NL\W;\RxqϪ<Z\\iL\clơh6WNW\<c\ƕ\-z>\\#\Pf~w$VI{1\\=j\nJAJ*b\\\g]\\H:\\\\y\\\	r\\\_\n[mN\\rd\'hܮz-\_\0_+\\|,&k\}B\0\I&\0\\\QN\\\\r~7j\87td`2a\"\eDe77\nGЙpbR\b\0HL\k:XL\9{juG\՝1\K;kį?JfNa&5k%\WW성i\\TDG>E\xmtP=U\\y\\\rv/*WY**ƪK\R&\ě	Т\\;n\d\=@ٓw\'\Qy\cb⻰\oM\Ҥ\;8d\\.\'v+\a\Ux2P3mD\_\\\ץ D5]rH{,\\P\\0Q1S\$P\rr3F@סrA9ץF\T\u\\.ޡM{ͽ*\\瑮\Gf(\e{#\\,1K+(&\\/N\\\\(\~u\ƍ_\\ϵ\8h ;;q\,6%&\kL\K؄2_@d\Z w&YeUu2\\T\r@HZ\\[\\\HWStW+\\0G.vP9?5\nL\c<6;\0FQ&(1\T11Ø87qᾜ1ޑvh\zӫ<\\nܗ%\T,W:J&WeXL\t MXo߾}\N\Z\N\\=	\Pc1\0m.\0@\\DVMrX\y\\L\VjۖA\0;:dI5W켮ڍxs%5v\p\9;Wc+\\>FW\r+\{B?\\\\\\:*\jh_L\\1	96\2\UIԴS\YmKA\^	rQ\nJe\Z\\\\\\\\\̓h\ZȞ}@Lm݌\ms\!&b^\0-Pڲ-\\\2\p\\6\8JB\r>\0\\:^wAVQ\\\>-0*vJ\c_c2..\o!<^ni\E<m>6ſ.e\໺aӕ\CקR&\;.S\\Į\J\	ަe\Z\\WZ쩚?	Mn\723;\j\࠲>;\\\\\@\\3y;Pw1\x铻U9VA\\v8\0\":\\c\0UU}\\\94\դz)\\Z6\_\r-\Nk_ŖM\Ե\N\T\Z\\m)U\\Ֆ$u\\UIy\\\ŹRvV=@\!;u;t,_	.?M\\*CRb\?/נx[\]lU\\r@\\I:\\B\\b[ -\0Y\\M\\m\P\\}tr`\Zs\FU\?$\l\']ԧ\\x.ɀ<\Zv7[\\YU\\\ӽ{v-p)&\k1\-\nVLU9I\W\a\n>4\\:/_\ۨp\\*\TW\0Z\\tGQS	\"\\h\\\s{!Aǘqn\jC\x W%r-}\\\\Z#6Ɲ\\\X=x9\b-h/76_w&HP\՝Q\b\\)g:Γzun\#;\\\`vtϟA4=7|-╘\\N\0OU\RP\0\0\]G\\*\6\\5\\0\\դfSMzP8<\}ZmA\y\\'ǯM\\}o$\\SU\n^^\g jtr?uۑI9^e\al>^#j/ܜ7o޼ꫯ\D8?\a[\@\3}\?яb\ZO٘\]%\>Q33;>?\\.\Go~Q\\\O\]r\{\( r8r@U\\~\h|,\_֭>p]=U\/>%II\H\\Z\\Jσ\גjOZq\pd\\?\W/Bv\Ztά\Z\\\\=-Lw\՘$\wPT2瘻)+\\TϹYcwu\\k[\W\:W*r@\rG^.\MM\qW\h{\P.]Ŭ\tHt\q\\?N%}Mkm9g[\3\rr\_KC\\rQ\\)G޲x\oAltiݶ>Zl\zD-0ݔ7\ul*\\\\Q\tj\[\us\s^g\0QJHT\n\0ˁ\\\Xw+\j7.\(e\\nJÎ\r\UM\]]Y&c\\`\#h?Kz+\G^\~:NJɕ\1œ{n\KQe/E\X@[`@K\ehb\ZLceջி-\k^OPUw\TT\ގյ\\\u^ʚ`S]^f.\0hK\s\k\u=Oۮ\nfX\0\U\n\͕ѵq܉~\'\?\k֭9\R\1e\\~Է\\b\/\\Z˱\D?\m@+d\'o\na\,`\=Ա\_	\a\\mz*\\0}G*qG)f[.8wzyO\X,?^\9>o,)\R\9qumm]qî(LDNvOp sKW]EC%sp[\\6\uM\0ÁΫjSkq\ڼF=\}\o\g?oq\G{\\Z!{*f\Fϲb=\\,\\]ͨ\\:I\\\Z\R\\]\/G`p\!\\%\T\\	\\u\\*(\U]i\\xM)\r\Ƕ\\؋mܶ~\y[\)9+\SV\'`\EIe#ry?\\]\?z\_~\\Y\c;5h\\܊\\@̋\Vl\^1nwq9\T(x\\W\31s-jP$\Zgn[U\)P?\ķR2}l=T51Ի\ǽ\C{\W(uXtl}7n__BW\=.S\5ܹ`C\?.\%\L\ܺuKy^\0^>{(mSiSy[Sϲ$\S1\:1\nM\(hU=qQL\\\\n4n׭s¸\F_*\Ϋ~RW\@\׹Z\׻\"F?\\xz\*\Q\\	^\/6\|\r֧@\(xȱT)7[\\pL\wqd\\a:t\B<jV[6=\\τ\ZȞ\ԝ|,0!c\0T&a&A\8P\\0U\\@\}E\ T\5\\\\	h-\\=pK7Ƀ\ݨ~x\\\c&kP\c[s\f~\Srx\\Օ:7\\$\\\\(_\\Q\0s6ݖW\\я7\`-,ZcŻ\}>\\\Œ-AܚD\r[\vl\\*\\3\\'{T%M[Wb\`\!\(E\c\\\rW\\'^D\[q\dv]\$΁_^\G1V8í\qW+\\g*O\1\cVm+\\˗\[\-*^㚫w\y絟\SW;w,\?p{\1\e\|c%`|KaqCO]Y\\\hu*wՐ		\\\nCE5Km8ZyZЁ$n\'[W\'\֮R:\\\\\=\"\0CRU\\:?\4ݑ)\\\~-\:К\齶VɅ)ϥrv\j\?\\'{\\\ug\g\\rdg\p\$8=w-mx,-\QL\[\u^_ե-5i\*Сl\umU7ר>6zx\ǀ]\\^\'}\\\ڪZUс¶ۄl>f\\\\\JUY~\f\"\\pc>7`\rudU9e[k_\r\{p-\@v\o\)X &=\F\+Gt`\\Uk\\n\-\\rP;J;\n,||uL@PAU*a?\rW\V\*\\:Hs#OX\\J\|\[@\.0O\\{\ިW0FLʺ\Gڋ*leWb\7#A\\\)ɶ\Xc\\V@b\"{\\\\0\w\XX*kPgu1qD\\\\\0-\+\a˕-\=\\Vݺ\\\%˭[\Z9Pm\ݪ\\qn\ \|\HcgO=.\\}`Vף\"\1\\倳Gٯ\?c\mt;{iV\O\1y\qq\9JYq`	\\zj\\Bmz\\\(\9:8\>L=؉M\5ؼ\l{Q\׹\ϕ,\[m\m5\.A\wH8777\=8]\\\M\YZL@܋q\WBM\\nqm[\m\5\b[\Z)d\$\!fK	@\ʌMz\.O\n\ꚿ\nk(W\\"9H0\\QrH\\m-x_O=j+I\w\o!\oCW\Gy.8 2vW\4\\r\)OK&Pc;%]+\\b%\\\vMہ-\8!4a\&\\IpU深ÛO\p`*p5ٻ\ä_c˃\		R|22Bע9D\`U\0Ly\S>P.z?*$Kw!6pEJ\\S\0&ۓl\\J\Q\/\qm>\Z\>d[\sY@\x>&̷ \!\(\来Uz<J\Qp\`\\p0mU@\UT\c<aUET\\[m\(pP9\IT\\gWזF[\sͅ\nڪ\pkp	_jfKViNT\W\|\/G\~]-\-\@[/h|bR=ڥDݕ\$\r8d\bo)lMꮼTCCOUPh\t\zԠ\niԨ8/\cr|Rٶpצ\Δw;\\0X\\clu_\\\*\\ny[Po\\\Zr9\\gl\}{Le\01/@;8W,\\G\\\'`0jW\\\fLz\\`eBu`)X-\\rT0\W\nz\\y\J\\9t9^V0F]\n_\\6P2¿ض񧢕,\\\Q{W@Cy\\N~_\\`\\Vy>5\9աs\p[^\\8	4UνO\ï~/\\r@Ѥ\'5b\U\Ƅ]9\n*\\NUc\\\0tW+h\\0/Sӡ*W^)^jw\':NW	wN׭TU!qe\\2\\\\J\7wf\O뀥2i\ݕ\0!W\K\=r\ʥ>&qWC%\_\\8!4a\\ׯEv/\Dv\"(5js!<MR%\Ϭ\Uȣ̖\ɽ\\\\J\\\1\k̸\\\\r@~w/B永%Ty]U\/7wU\\9[s\>3\\հx2\\4Ԯ\T?\&pLpK-G\wzN>O0G3\\\h\Z\N]\Z\{\\A\0\&\uI h\Z\\W\=4UN\\\\n2W̫jV޽J?\M*JU٪\g+C_Eρ\.Ep\U<\]\a[\(\#\\+Хu++`\1\\\\9\Qv1\rV|\/|\;߹y[\d,\@v2v\Z\\?P\+/	ƀ \Asgf\I\S.\0y\\8<8@\0vQFT\\4x\"w\9 8\Ay\\Ϯl\|\9WӨ~-;ǝ䪟]$\\\;\\q\\\jHO\7\KNOw#\\{)c0\wXs[\w ߌ^\@\z\\'gm׼h\bb\ceg]MYq\\%M</W\Nt\0\0\=\2 +eU%ͪtQ*\}<\\XE\vw7fQ05[^P\x}\?;\bf]s\0v\\nMU>W>qc\n(j\0\t\^r/E۝ vO\\rd\'o\na,p16c~9˄ےW&JMo6\	ûB\Fylj\HyÏE\\\\u`%F]\3V+K@\.@w\s\0bP\r#ҷ%\6C$]IW\X/\.h傃ขb\rB\'k\{@[_n\'G\0\i\\:dtwj|R\\Z\G[-ph ;Vsven/:%m\L\"N&DWa̀+W\!\\qqk\\ZKQ\~bv\$ws9\8hx,u\H\+\D\d\sy\}<70nɎտ^Vu\\\:gw\rPo\W䜻.K\W?tr\\C{eՅ>\*\;`\1,P}$\r0x)6\Zo \?t=@ى+\W|\jbLxí8_`ėi\\s=xs\0*\\\\\*VuW:TwYU菏\nHw]}Ё\\0\\o\\\\/y]Mªq\\"s6>0|\\\t;9ļF\G\n\g]]cէ+|$}c|chġ\\xeo\\dm1[\\r\\\\\|cWcR\mI W\0=	\\nʄ̈́\\8M\@&QRj\0g>Y\8A\L\\\\\0(W@؂\nf \0B-\A/\ǹx@re\\u@$׹\	W\Rq\\q\jv\n?$}E\:@/psHs;y\w#\}Yh\z^h\L\\h\ZȎ٠]\Z @\\͛7oDsY\଺\d^-X(\0	A\\dJLP-\8\j\hWWUr\1B}wwꜧ([<`S\Xz[C̄\\\*r(d\0ۏ}\r\\\n\\0\\\"]Ӿ\+{|\P셚\\F,0{\5\\\\BoDl\͟\g\#;\\߀y[\X\Xmnݺu%ߌI\\ZD>BoAB7*\jOjHm\\N\-rJhUÇÄ{+`G\'6\A\%\tuȃh\A:k\x V\/\W\\:6۹sk\n\\=\ּ;3I\0p\ۿK\\[r\֊\'\.`\uƽ{>T\[\ܖRl\ZȎј]\~[ &z(bJ}1\`\|Bj\\n<M\0\$M\uP}w~\\n_Gɟ\A#\A	s(U\\g\\ \jQ]?+Z/\!}f\\>f	t\3\K\g\Oc?\5MCpVƙ.\&|\_\th\?6\\q}\	X\\U\bһ؋1+>9L[x=\n\\\qppWU<ފz+_iL\GsY@mr]@\n\\?m1m\雧v\\]U=8p\{4\k\\\B}5%pu[B\e\\5\0\G]\0s(1Λ\3ף>A\\U\4Y=Pc+L+\bR\Z/SAo\\g\\S\[[}mն+NL+\\\"\1o\ݓ4؀:=\rsu\ᨮ.t\0\\ZWt\n*\SV}Å\{^b#\up\y\\-K\\w	\\\ML_=\/Ʊ[QwJh\\rd\fʮh\-\nL.\\q0\j+\\bDN9\ѦλU6M\u@Uyj\l\P\T?\@JPcs8q\\Wfb\Q\\\0\\\ZSiU\\0Suw-Ž\}W\WV[җ\u4^\ĭ\8v\Ǳ;^\-\?c7iWC\kbR;\S?́\c*t}^\~\\\Ac\VUj\"\\"\0@6\'<Y@\\0\\\n\	c@h\JYLp(+e\Ww3Ү\k\\q\Ѧ+\\\CP\	a\/|px\~?\޽QOVR*?b/\R.\;/,\B\z\\'j5oW/b\͘ǤLVke&\-\^.\0$&^Wö\<ǀ\G1 \_)_!`\8+Bܹ\\$ \\\R\G\_Jƚ\n\=o\\ncw\\\ݨ{R\0V[p; r\:\\\ڊ)\6̲R;F`3\\9tΝ;O\ \5\\\@\3u7t-\xc\rLu\Ppv\\\Iq\!sIu;\\Q\\/\.L\\`[)	`,	*py\00W\Z\\\pt\Ǔǡ\\\+\\g_\\n1f\oEXA^e\\:\\P\\\$.O\\D\\]Itٶ@[`\\rd\hB5\\\\g*!\]\\\\6\0㓯O\\6\0⊜ϩ\"ڀ]\5,w(r	~r\"F6-Wр\ݣ\<8$^ݥ@ǍLyܛ\R<ޫ\ZW!\\\ņR9ƀ\n\g\\j\JϿ\7\rժG\f.s^\Z!;]E[-\@\߇1X &H\\ev䫘\䓶C@^=\\Η\rM>5: hGT9g\\\t(S}\\8G\wN!\\\Z\nxx/\H\\}vs{\\\\P.{H*B\J0Ƚ\tWQ߅\ntm\1J5\"0L[\0\0/Ourv\!;~e\[\n(ŭ\!/*\c\\ZW\S\\12w:@V5q\))$*V\HJMsx+F]+,gVz<>\\xP\T\Sº/W\3b\&e<e3`\`\<\QW\\kB׷\\S\Q\E&\\\\([UO^4-\]ǹ\\\1Ĉ17b\'E\A\U=\>\u\0rŌ>L\n\\\3E\і\\*q/]o6nT)o\\7l\FĴq\r\PG^c?\%v\\1VP|Rb<!Kb\G[-plh ;6SvEl`/\,[\hB\=U\KRUqwOԀ piw+El\-\V9+\W\\sܹ\vsU@\1N\\.CsFj1<\\kkq\\r\8Paw\0*]\F&\r\Y`\\Wo\LZ\\	\W­鯌\Ųe磾vY\X\D\ڕ\~\J1\-U\x.c\Td˶L\\n\\sG\Z\TW{GW\\}Sj\րJ\Z*\\o]\`X\p\0F~\]u\\\\s\XZɷrH_*stU&\\*\\~g\U\\\ʹz	>\-=\\\UP:TU\\\\W\\\@\1s7r-a\Q7Iߔܪ\\9q`@Af\\:\\*_\XTUgܼN\\1\U=&x\[\'wQ\o`\\j\uC\Rgy?23>\\wY[U5rG\\\]])\\g#s@C>S@\MxBǀ2Ŋ)vL\1Q\h\\2[\.G\@v؞\ZȞٻѳd\02\]y;&\k1QLL>\<0\\nU\r#\w8\0\\۪B])Hե^\\U\"ܕ\,U\ ;\Ci\q)Wu%r:簆r\(O&J%qM\J\}\'J\3@\\1\\d[e\o\~\6[\N\k\ݻ10 >k|y\\c\s\\\ٍc\,뱜\n4\Нx-\aLb/\UK\\n/>\:\2A:d0eW*T\\߁q\\n	L\X\D0pp\>\yׇ~\\\%\5(>\0\Zp\9`BpP\\\g\|\oM<MuP\r;\t\%<&`qWyS\\sr{>Xlr\<d9Ƅ.^%}0\\\0\,\\{\޹\|\;ӹ,\m\a\qϰbRݎIQ\a8WL\FLޫ+,c\Ze:\(\\w9*du%\n\r\0q\$\0uďY\\\\GrR	[\2z^\\w@\9\\\\!Kr\0\wrH\\|\4\T͑1\pP\'hT\\\9\&\*KX\\\\R\~\l\\V\,\ngoWwtY\tݏ\ͳi\͘\.\n12&m5Ke<2\Qp\\їZUŪ\@\Z;zN\\]Q\*x\Wݸqcq\\0\0誓\\To#\1Q\+\"T\fT\0\n\\n\k\\0\\\\=-!>\\]l-)\0\\\}\Cj\qAC`:&@v\rW\\>\h|\Z\\\P2X%-m\'\48~\U*<T@s\0Qؙ9\\J@L+Ud\QP\\0$]^z\_|q\\\0G(V\.jR\\\n9A\6\ë\\\nt\p?Q~UPtZ]Ļ\\rO\;l}N{\n46ݧX{\ઉ]\\\\Zl**dR7*\G[-plh ;6SvEj,dW\u\f\Z\\arsŬ**^\\+u\4\\O\8~]\RYM\K\xI@\|\\\ן{\\g q$T2}\})\0\\xyĻ9Ҿ\HU\UJ\\hW.:@2J\\{\`\0Pye[P\)I\=\;#\eܫvW\\\{4\W\rE-\H\nKL\-&\.<J\br\0y\\\\Ŀ\~UPpE|\sV9(hvw	iW ]reLؤ}\0\\gaZ8˘T_;1b~`\O\\RMj\0ǬS\^ݍ~s@+|@\\r`1\0l\AJ\\\\M\n \\{Rab7\W\\w^\\\v&@\G[-p,h ;3v%j\_]\x^I\OLD\m\D\t*\8xQ\B\\L\"\]\4aTy\p\K\\0\ZA\ib\{\+@<\OprՍbwW\*\f@\\z\t^jC\ϕ5\\\n_dT.>\\\3ِ,rx\\\\0~%r\\RZ\{\\Z*|5\-\<dG\}bh ;1\v\`\Q\|¬UU~7f)A\c^ɟ2\ǃd\0`#+13`qP\\\\\R\\\Ƙ;=Wx\CZyO1\0\!%\m\	0\Ni\\M\߂d\,\\\W$vELuXM\W\9P\S\^Q;>\\+\l\AR\\\cl<i4=iw{g\1I\\J\QWc`C!sPJ\\\\|2G\-7cUL~?K\]PK<dtw\\"ɨ_\/,L(6zx	\P\\Ջ\\\F2jjZ\\F;\=Fކc\\	^r$Qƃ.W\k\0\- bPT븻Q7u\\|}\%\5R\;}He\!1lA1`\O\\rdOt϶b\\\\11-A\\\\0\\Q\r5~CA\Ćz\$.Մo\eh\A\j`%:&\*Hyׯ8|\00T!\6\\}l[0\/\&\9T<w!c\Z\@\r)\߃5Iƻո?\A\t@{\n-\@v\noJw陲\\K\vrGn)]+*LpG\\ Q=J\*@EM}_H %\x\x]!cU\8\\Ru;dU^zTv3\N>:l1Īm\'e\}\g@\c\\05/Sǀ,a<\e\$Ƣ\\%\_y霮L\#S?S\\rd\t\Nb\\z\\'\\n>\nk@v*)<\\`t;\\=\;V;\\zq^4qL\0-*ƪ\DNHsU\j:\\&	Dتt6\0\D-Jw\\ZR=\J\I\G\|Q\ct\{J\~b7\`g\\=\A\#v\iw-X\Q\\\iؤ݊\\ǖ\\T]eZ\\Z\\\f<:Zn-($u>_\&e)a+#\\r[Re<\ɡ\ս-ǳsL:X\-\*`h2A\0Q֧2\ߞRB@SU,mK\AoU\U\\]Wr߸\\\,[e؝%.\&ލv]\~Ɔ3w	;w\\?Wϰ\ZȞ\\]\n\1\rz\:\h<\ˏ3_\:\R\D1A\9M^\06|k\"ʑTU>\W(\Wb\\\ٮ7U\0\\y\\T2I~zM. )\&wE\r\J\r#V${\R/@V\:&0f\7Ewn\\\({ʿ\\	\!4\Cy\\t=&Cww91\08\\2RF\F\\nMؤ8\D\\\?\\$;@\\zϵ\\\=\Qu:\\C-oߡ\\\^:׮\@.j\\}UYY\hyQ\XpA\\nJ\'{R|Vj\@eW}<v\y^*Y\0߹}??9\\@\=@Llbb--XV7\.,G\C\05QU\l(Q)!y:do\\P䀵\Cq\Js(pHj*X%\r\>LWo\nu\\\nq4[̸P\	W3e=\ϓVS]\^\r\¥\qo$u\\\W5\`\\\ls\\\\/[h\\Z\\^HO`u\j\nÖOl98\C׫+ӕ$m&H\\䀀{\0CV}\@`\\nJX9\.OJ\nSw\KE-7wף+~\\\HB\\h\jF*	6NN}\\j~]m{	)FL}A\tخnH\\l\\a\ǎ\r5ϧ6\k\A\\ߓr-\@\G,\X.4[\n\Q\nuU\(z~\G!\\UVdy*M̸(J\\\nZus\r6?}\9q\fu\\\vZVHj\$C\i+,7\\\\4>\|\0 \\b(g\5wX}\03\c\E\ZÁ\GꞪ\xσ\n7?Ҷ@@Y\'\b;څp\R\7k\2\/\ \d\K=\\&e(u̕b1Ѻ\Z\\\\\\Dlq>N8\\cj\2\F[Zq-Ū\1FW\	\\օ$\\\C\\ޒRj\}b\\^^\0\*GP?a&pf=\\,Kn\\h|a4}avj?4bb:UHp\\n,De\\ݨjЄR\YQ	⅂3%˾\a4\q8lIT[\yw\\.\+cw\r t\KB\*y?\q}^p\(\:\J\#kPl(IǤ\3 F_E,\P&p\'^\\ws2\޻\\Z\_D,\@v\"f\J1ym,\5;LR*\\\ne\d*$0\'\'\E~0;l)lU\2\n6B\>ޖ\(\c\.i#Vxb\06v\\@z\}t@\\nh\ר=\7\0&bE%\\naO\G\c{*[\~c\sw>\\\\\r@\\\ھ!W-\\h \&\\n\1\n\n\$vyNd:\_\'\:y:|lV^%p\\Z;\p\P\\n2\\\u9j;\\S\\0d_f[\0\\\2X\;\I)	@1=rKI\r#{>@\\I\\w0\1}gP\\grZ%U\\\J\\BtGh\\rd\dȮf,0cȞ\\Y]>\-e\(\"U\\d\\E5?Wp\bý\ \\\|U*O\0,csP@\r\r~\V\\\(\WGo/x+6\`MFA6pW 	]yxa_R|d\ԧ\\x{\r}sT6D@\\\C\\\n˄\\\JLcȞ\eُ@[\,\@vL\j\1!\3\2n)eU\r}5Q9P\P2J\|\\BI\Q\\\][\\\1o\\U\렓\^<tǛ: W\r\#\pxs\\:?b$&\Z@́qi+\\\eCw)c\Ie\?`b\\r\\8T?\b\'v)ʞ _g\Տ@[\X,\@v,f\J\1Jz2l\,\0\R-T\im\5\\t\\\o\ᬎv+9mieV8#X>\Е7>i/\2\c¶4\/\\@ LJŌ\B*\^Ґhl:\'ӱ+WT_\u\\aS\\@\r\$6\r(w\\\ն \r]\\|b\ԉ+>\B,_ռ\\U\\[TPq% U\\\0P\\"AunAש:3\+e\\\0+~\\w\O%\\\'\w\0v`\\\F\\{\擄]Y݉\ %Lmal\\KQ\G&o\˘y%MI-\0 ھ|\\\׵\h \E[\w\4+},\\\a\\n7L~B.C\n\\I\\>\n|B>΄\y\0œҧ::CWмUr\n\qZCᖲ\p*|n+]\\W\n\_`\w\\Zd@\Z#\ʒ@~){\}v6\\BZ\\"c\	\Zշ8\\o\\\Pя@[\,\@vL\j\19]	\Z|!\\n\4	zTuǁ\CuA\pqHB\ ۀ}8\nĘ*TT\}ƶ\0k-Hߴ(f\\'Ѯyt!\U\$\no歾\%\i,S\\_l\tS\ի\U\\{Jj*\([x\\6\c,@\;>|\w_\ڿ_}-prh ;9\v\g\1)^I\jLtCF\P,s%)ÃM=\mR*TU\-\\\J\al:\\M6>;\VW)e\\2A>7(Cn\j\O\0\'Ǟ\a\6(H*\'\n\{\\\09\F\lq\\ ӵ$|kR0vpx\Uy?\w,Jv\^\|\rꣀ\@l-¦/\;\{\oݺ9G\h|!4}!\j\_]{X^\r	\(WVO\n#H\`E9	W\\0\L\\y=3յ\*VUQ$\uV\r޳\\Ae,:\\r\W\{\	\{Sa0bE\"镭\U\np|&mHEܘ`J\\`\=N(\\|\\>\"qd\ɂ1\0\ߍ8vC\xvr\}C\\>V49}@$<|\Wo\xo\d\\r\0\\\ArPٲY&kT\ZZ**\j:\\u9\plK宰-C\s[\C\r\\~\}õ@\?\\ J\u\g^|4\Z1X\\`{qa}_WuO䰵\.;|U\Nuy?c\\\rXd\\'@y\\\r׮]bw)lt\\'?Ig\ߗ?z=\@ى8In\b\\ܔ0\@S\\U\\0Ԫڄ\\౪<\	((+*^OW{Я tsm\Ǩ\\n9\0ǵ֛z\vv\y4\\D܏~\݇ؐ{\nmm8O9f-ظ4\^(uŚT\\R\\Z\)}$\0^\\ϵze`\҃}\@\'=\zLO\\rdO\\\\nP:a\Y\=?\\nsp\}\5cv#&\\e5\ZWRcV;\\*\4~\\\/>n9W\\`\5G8~UǸ\\P\J^Ut6\\n\c\'@`~\\_\A\\02Vl\SP\0]Xr]\\ްo^P\'ʝ\@\8cW\0\\=-.\jϛ7o>R옃\\ZȞ\It)!\PZe9E\Q:8Ju>0A;m\D91\5*\\\r\\Z5\'\"{>+ ͕֡*LP2\\\g~lEs%\\\݇vEJ6\ͺ\&|0R_hR\~\]SbW%I-\A`\m=`	8{\*J\O]~\1vx嗟{饗\/~\h|a4}avhnƄjL\\Zi9&0\r\\[Ik\0db\z\1]I\\T@@\s@qŢ\Ga\GAr\0?_]|vZU\t\ï^.aO\tU\N\\jr+\\/\\ƥ\r(w?@jWY &\q\QCwǟ[Ee\=tL}v9H\8$$\:\\OsI*/>w\\\Eϱ\_>\1\Z\NĬ]\Y˿\DJLL\\E\IdLx:\)8\R\\0M|mk\"\P\\\\0\nK\\{u\R:J\\J>W\N*\\Tr`}x\nq\\\n:\\\.ޖleQ\\\U*_Q	t\~\{BlfBX\\Z+\i\ge\\C1R\\(:\:\o\[o%;u\gW\ck\Z\N\\\\@C\ZLc\"\\&$wtm\r\\]	\\A\\i2R&\0\'Mr>\*Q?,X$\V]\\n[\\u\\$QU:F\\\c<i\]r\6rn\\X\\G:\`@ \0\cQ9r|E;Iz \\0A]\^ni=\-\i3)\\jWp\@}\*r=9\\9я~4\^)|\T/E8ٍ\Av\p\ZȞ\\g\cZabL#;S\'\"&F&Cwq\\\rx\tu\q\nH^\\qr\A}znD\8u\-\R\\vG\ZE0B9rOr\Z\S;\}\"x\jG(/\}\4\P\f\a_\f	]K1\ʈR\c@Z\\.ꬮl	\"s\e\K\\#SB؃(\s\3w},\?\wOG\1	\BL\\ĩɯ$\rC\&Gԥdnh2\9`\\'i\Cu\窬1\}|d\:U&o`\A\aBS*3\>sXۂ0\\\Ÿ\hU#Np\\c\8\0d\^t\,1wVQ\RX}Rr\sNP3y-0\}ǎ43v\د~\\\\\X	9v, \IX+\0d\K?`ԫ\\\\G\F,Y\!\Uw\ٱ@{\==%	Q<\\d92~\"\\4\\ݝL\Lʾ\ZuN\	\GYqL\pdhn\0	\\iթ\]}s\0r[JU;Ws\\:\s	SR\t::媛!\\\\A\b_R\\\R\\>p\\&I\e)\\\b\ǘ\Ӯ\5lפc\|bz/Xd\nza\Z+ς\h\\\pk*S?\mc@\1\/\bBULR\\d\,\\D\\3w\9\0U`pQxmz*v*T2%[\\Za\!\%P\.FwsH\gԩ\\9ܺ\\\\ZܾG\\\]\\rp\:/	\l܀a+Q\7o\XTL/c@\\Xt_3\'X&v\L\\\XH\yŁ\V\\0T/$crն\\{\Wmix\ߏމ\\+.\\A-plh ;6SvEb>	\0&\bbz9\5S&Z\w|&J\%C\]A\u+<`(y\99@Gu2\++a\\.Po^< H\\\x:\\ꋻ\Ω^7ގ+XԥLՌk,#%L~\\Lu{\}8\\R\{_죩~8r\\;\k\AeLc{\'?x`_~=ζI[\-\9h˘3&=&\\\\<\d\\a	X\nʏ\k\\d\\X\}TN\\Y[\H*8 Uwh+\}\/?\nE\0kX\n\:&\ѮjzB\X7@QSh\\\\T\Ho\.졶U.e׃{\&\^UX@cĥ	\Qz\w	\K \j(|((n\5\\xލ\\q\\\\\3\y\\{@md\!\\>𵘰:&-^_Q\\\ZW|\Pr{ij\~Wˡ\p=\:L轻̘]=|n.}FA.\Au\0(<\<T\/.Q\\\\G\	\\y\\n^\Q;RH;\JF\\\wd\\+pF~91wg:(`aꇾ7*vP\dk\C\\n-Ÿb\;Q\n\\q\A\"xq\_\o\?\G\kv-\@\߈@($_	\Oc\_\\c\"z<o\dw9&,\Agҧ;5\)Ik\[mlw0t)o\N\\mnB\l<Aq\DC\\J\Z\'>QG0Lۀ\pc|\\gr:\\Kv\03\0{\\/\0COy\{*>;&\\ؽ^\\N0}[\0\߈~G<ϟ\q\\q\o\>?-\ذ@Y-\_\\FL_\\\1UT?\\\\y;\+ŹҢ8\\t\bU\">ऺ5$W\.`\k*dğQ^\I\w\zv\+\B\B\"\ƨ6\x~p5\*c:\\\J\퉢%\0+w	5\U\o\M\/\\@\\ZPÈM\SvcPw/}u}\ލ?\/b|_<߈\:\:\O\o+gYmc\ވ	쥈\4Wc{)&\\є\\\Af\rL\GEhp\j\H\0+X(PTr\:(9D\\M?+T\"V\@]\\u\P\\\1J\/SP\:\8i18C`\{\GN\\F\\V\)\{\\EOo\|I|~u\n~?e\N\~/\^|~\\_|7ٟY\\1]\j\\\rd\R]-9-\}\\\͘@~/&ǯ\D?Ǥ8v+&D\1y_W\as\"n8\wi>\0\"`rabU>\>0\u\'\\\4C*\$lKn kh\a\W\'w*O\\tL@T\\\0Dcp#0B1X\^\\r{~\O<*J\fmg}i\?E\\n{\3\e<_\o\~&\\R\\\u\ݿ\n\0\.\8)4e޶@.\d}=\0\\PU^	1Y\tu~9\k1+\L*\aJI;c\`*UNv{8w^\0SΕ/np\d_a\d+L\0\\mG۾(*\Q}\Ek\\r&Ե\c@S?V*ϊKr|\3yh]X?\}\\\G:\&cMǢO\bR\\\\}(e+nWY1^\E\\r~(oE\\ku\׾O\O\\Q\\\rd\t\Ψ\\\n.\$}\\_\4\Z\}!&ڛ13\vL7\y5>\.$\\\㳠M)\7WtV(\\R޸U|(I`,y=+U\*\'\\V=y\W6\djQu\nw\g\K >+>Kg\.*\n\@]T;+/Uձ,*P\Ā<~ߏm7 \r/\0Q7Q\'nŷ\\\qo~\#Kޏ\ū\^\A\\\̓3\aΤ\Z\\\m\A=K\/yN\nZ</ń{1&Ә/ߘPbr祘_\1ތ\u\.\_sR\x\n\v\&\j\\\0{\Z E\0<qON\\\Z)IŀkPHY\PT/*K/)`\yc\0\B\P\Wy K\׿\j\1^Aˈ˭(Ⱥ\\\}U|~*\D[\\\]\[\\F\_K6\\`O\\n\\\\\\\}\\׶@[\-\@\ߐ)@(4˂\/\\K1I_\r\x\\b\~YjZL\)`i1[q`->\<PtKj\sz\H\R~7ܯXm\\Z\\ }I|\y\*l1\\'>\Ć\\mH5+\)%P{A@\\'8>܋QݸN\\r)^9ޏ\ފ׷\{qKWu2\ַ?\\\V[-\-\@\m\5\k\楀\n-|]dZ0\PY~?^_ֱ8\\1\+M\]礪\rE->\:QV(@\\4\#F:	@H<9- -⮀6\#\\\\b|g\'h*\Jx+\z0Hϰ\CZ\Dْ(IEAJq\'\0j\yIR|W%\ҾoIW򾔳hNnJ\\Vʯm4{\=i\"NMu)\R@ťo|\\nM0&W\\p\\%F&H\J\u*oƂ=pq:&\\\|\C>q>E\-IrhU<\n@ѥ	dqɨX1V*%m7\\2\u<f\\G\* 쾔Ãhw\r\0J*\\0x|\Z|0~8`\@+^U\EZ\\ЊƏ\\u\'\\Z:\Q%\䀮˿썸\\Ξ\Z\\\=\>\I\:`,.\\n@EH\uO\\"\|!\i\[:e\̤\v&M]cD$IIzM\=\Z5ajUQ׃({/\"{Al\p7?\nԣ\0ym-$w\\\	_\\R<DZx_jU\0J\\\b\T@+@L0PHv\\M)z}/~\kb\\m/d/d-p-\R7\]^{5\n3Gpbu.\\\\)f7\n<D\rek\#sIՊ\JR\B:P\Z\\6UN\Sm#ELODbU\ΩΡ	ؔ^[:_\a[-\h\m@[-\h\m@[-\h\m@[-\h\m@[-\h\m@[-\h\m@[-\h\m@[-\h\m@[-\h\m@[-\h\m@[-\h\m@[-\h\m@[-\h\m@[-\h\m@[-\h\m@[-\h\m@[-\h\m@[-\h\m@[-\h\m@[-\h\m@[-\h\m@[-\h\m@[-\h\m@[-\h\m@[-\h\m@[-\h\m@[-\h\m@[-\h\m@[-\h\\^\l\0\0\0\0IENDB`','4.png','image/png',NULL,NULL,'上衣',899,1),(2,2,'潮褲','颯拉的分店分佈在全球5洲75個國家 共有1,238間分店。據資料顯示，每間分店的面積為1,500平方公尺。此外，颯拉的分店集中開設在人流高及高消費的地方。2020年6月10日，颯拉母公司印地紡宣布關閉全球1,200間實體店面，並將重心轉為網路行銷。','這件褲子是最棒的',4990,_binary '\\\0JFIF\0\0\0\0\0\0\XICC_PROFILE\0\0\0HLino\0\0mntrRGB XYZ \\0\0	\0\01\0\0acspMSFT\0\0\0\0IEC sRGB\0\0\0\0\0\0\0\0\0\0\0\0\0\0\\0\0\0\0\0\-HP  \0\0\0\0\0\0\0\0\0\0\0\0\0\0\0\0\0\0\0\0\0\0\0\0\0\0\0\0\0\0\0\0\0\0\0\0\0\0\0\0\0\0\0\0\0\0\0cprt\0\0P\0\0\03desc\0\0\0\0\0lwtpt\0\0\0\0\0bkpt\0\0\0\0\0rXYZ\0\0\0\0\0gXYZ\0\0,\0\0\0bXYZ\0\0@\0\0\0dmnd\0\0T\0\0\0pdmdd\0\0\\0\0\0vued\0\0L\0\0\0view\0\0\\0\0\0$lumi\0\0\0\0\0meas\0\0\0\0\0$tech\0\00\0\0\0rTRC\0\0<\0\0gTRC\0\0<\0\0bTRC\0\0<\0\0text\0\0\0\0Copyright (c) 1998 Hewlett-Packard Company\0\0desc\0\0\0\0\0\0\0sRGB IEC61966-2.1\0\0\0\0\0\0\0\0\0\0\0sRGB IEC61966-2.1\0\0\0\0\0\0\0\0\0\0\0\0\0\0\0\0\0\0\0\0\0\0\0\0\0\0\0\0\0\0\0\0\0\0\0\0\0\0\0\0\0\0\0\0\0\0\0\0\0\0XYZ \0\0\0\0\0\0Q\0\0\0\0\XYZ \0\0\0\0\0\0\0\0\0\0\0\0\0\0\0\0XYZ \0\0\0\0\0\0o\0\08\0\0XYZ \0\0\0\0\0\0b\0\0\0\0\XYZ \0\0\0\0\0\0$\0\0\0\0\desc\0\0\0\0\0\0\0IEC http://www.iec.ch\0\0\0\0\0\0\0\0\0\0\0IEC http://www.iec.ch\0\0\0\0\0\0\0\0\0\0\0\0\0\0\0\0\0\0\0\0\0\0\0\0\0\0\0\0\0\0\0\0\0\0\0\0\0\0\0\0\0\0\0\0\0\0desc\0\0\0\0\0\0\0.IEC 61966-2.1 Default RGB colour space - sRGB\0\0\0\0\0\0\0\0\0\0\0.IEC 61966-2.1 Default RGB colour space - sRGB\0\0\0\0\0\0\0\0\0\0\0\0\0\0\0\0\0\0\0\0\0\0desc\0\0\0\0\0\0\0,Reference Viewing Condition in IEC61966-2.1\0\0\0\0\0\0\0\0\0\0\0,Reference Viewing Condition in IEC61966-2.1\0\0\0\0\0\0\0\0\0\0\0\0\0\0\0\0\0\0\0\0\0\0\0\0\0\0view\0\0\0\0\0\0_.\0\\0\\\0\0\\\0\0\0XYZ \0\0\0\0\0L	V\0P\0\0\0W\meas\0\0\0\0\0\0\0\0\0\0\0\0\0\0\0\0\0\0\0\0\0\0\0\0\0\0\0\0sig \0\0\0\0CRT curv\0\0\0\0\0\0\0\0\0\0\0\n\0\0\0\0\0#\0(\0-\02\07\0;\0@\0E\0J\0O\0T\0Y\0^\0c\0h\0m\0r\0w\0|\0\0\0\0\0\0\0\0\0\0\0\0\0\0\0\\0\\0\\0\\0\\0\\0\\0\\0\0\0\r%+28>ELRY`gnu|\\\\\&/8AKT]gqz\\\\\0!-8COZfr~\\\\ -;HUcq~\\\\r+:IXgw\\\\'7HYj{\\+=Oat\\2FZn\\		%	:	O	d	y				\	\	\n\n\'\n=\nT\nj\n\n\n\n\\n\\n\"9Qi\\*C\\u\\r\r\r&\r@\rZ\rt\r\r\r\\r\\r.Id\\	%A^z\\	&Ca~\1Om\\&Ed\\#Cc\\\'Ij\4Vx\&Il\Ae\@e\ Ek\\Z\Z*\ZQ\Zw\Z\Z\\Z\;c\*R{\Gp\\@j\>i\  A l  \ !!H!u!!\!\"\'\"U\"\"\"\#\n#8#f##\#$$M$|$$\%	%8%h%%\%&\'&W&&&\\'\'I\'z\'\'\(\r(?(q((\))8)k))\**5*h**\++6+i++\,,9,n,,\--A-v--\..L...\/$/Z//\/050l00\11J1112*2c22\3\r3F3334+4e44\55M55\5676r66\7$7`77\88P88\99B999:6:t::\;-;k;;\<\'<e<<\=\"=a==\> >`>>\?!?a??\@#@d@@\A)AjAA\B0BrBBC:C}CDDGDD\EEUEE\F\"FgFFG5G{GHHKHH\IIcIIJ7J}J\KKSKK\L*LrLMMJMM\N%NnNO\0OIOO\P\'PqPQQPQQ\R1R|R\SS_SSTBTT\U(UuU\VV\\VVWDWW\X/X}X\Y\ZYiYZZVZZ[E[[\\\5\\\\\]\']x]\^\Z^l^__a_``W``aOaabIbbcCcc\d@dd\e=ee\f=ff\g=gg\h?hh\iCiijHjjkOkklWlmm`mnnkn\ooxo\p+pp\q:qqrKrss]sttpt\u(uu\v>vvwVwxxnx\y*yy\zFz{{c{\|!||\}A}~~b~\#\G\nk͂0W\Grׇ;iΉ3dʋ0cʍ1fΏ6n֑?z\M _ɖ4\nu\L$h՛BdҞ@iءG&v\Vǥ8\Zn\Rĩ7u\\\ЭD-\0u\`ֲK³8%yh\YѹJº;.!\nzp\g\\_\\\X\\\Q\\\K\\\F\\\Aǿ\=ȼ\:ɹ\8ʷ\6˶\5̵\5͵\6ζ\7ϸ\9к\<Ѿ\?\\D\\\I\\\N\\\U\\\\\\\\d\\\l\\v\ۀ\܊\ݖ\ޢ\)߯\6\\D\\\S\\\c\\\s\\\\r\\\\2\\F\\\[\\\p\\\\\(\\@\\X\r4\P\m8\W\w)K\m\\0C\0\n\n\n		\n\Z%\Z# , #&\')*)-0-(0%()(\\0C\n\n\n\n(\Z\Z((((((((((((((((((((((((((((((((((((((((((((((((((\0  \0\\0\0\0\0\0\0\0\0\0\0\0\0\0	\\0R\0\n\0!1A\"Qaq2B#R\3b\$r\47Cs&6DSTc\%\'\\\0\0\0\0\0\0\0\0\0\0\0\0\\0%\0\0\0\0\0\0\0\01A!Qa\"23q\\0\0\0?\0H\0\0\0\0\0\0\0\0\0\0\0\0\0\0\0\0\0\0\0\0\0\0\0\0\0\0\0\0\0\0\0\0\0\0\0\0\0\0\0\0\0\0\0\0\0\0\0\0\0\0\0\0\0\0\0\0\0\0\0\0\0\0\0\0\0\0\0\0\0\0\0\0\0\0\0\0\0\0\0\0\0\0\0\0\0\0\0\0\0\0\0\0\0\0\0\0\0\0\0\0\0\0\0\0\0\0\0\0\0\0\0\0\0\0\0\0\0\0\0\0\0\0\0\0\0\0\0\0\0\0\0\0\0\0\0\0\0\0\0\0\0\0\0\0\0\0\0\0\0\0\0\0\0\0\0\0\0\0\0\0\0\0\0\0\0\0\0\0\0\0\0\0\0\0\0\0\0\0\0\0\0\0\0\0\0\0\0\0\0\0\0\0\0\0\0\0\0\0\0\0\0\0\0\Z\\n\p\{m\'9>Q_̛Y6\\gsҝ\ZmJs_zI7W\Q\õ6\2\=\Bp}\\q\Ȟ\GM\Z\pjk\jMu$ב\\\Lh:޷\3\\?\\\O\\n\}3\QX3S\x\7\y\"t;M\g\\\	#_\~O7\Ww\ugJ\BHgTeFW\v\9\p\ɍ{M\~p\:\\vlmg٫GמJW6\\\\\:\\GΝE%e\$j\%>k\R@5/4+\\0\@2\4+\\0\@2\(ľ``{ko׹Iy΢\Mj\;[\t\^5`\~LnE־^\\x\Z\FO\'\/ְ\\oc\.3M-\e\"\4\?j}|fu4\\\F\5\^ٻ!GOsssr\\T5\4\8rIqZ/\T0i\\{q\RXp(F\ބ\Yo+2TO\\\OR\xu\㼫A\.)%L\]>\iqF\ڕŵHաV*p^T\SEFP\0\0\0\0\0\0\0\0\0\0\0\0\0\0\0\0\0\0\0\0\0\0\0\0\0\0\0\0\0\0\0\0\0\0\0\0\0\0\0\0\0\0\0\0\0\0\0\0\0\0\0\0\0\0\0\0\0\0/n7>\'\jSܨ[\ҥ^x\\`&%\j֯\Z46E>m\0\UҠwzc\7\\/\-\\]\\ËQnPT׆5Wߍ3?icXe\'gg\iԧ	-i\j=?r\|a\\\1ώ[[֪/\\kV6\\9k߷k\\:F\\x\"\,Ks:\_mM\\\~%qwq^]OTr\}L&/\\\ɋU,\ЩڮmeeGJ\-uUD᭷\\wIם]Y\Q\#yqJ4{\Oj[>n)~mOqZ(Ѯ\EcO\Յ@y:㾞z[\\C;\\Z4`\ƍE-\m/5\rsMB]|\-\v\\D&1~ը\\R\nVwz\\\R\\e_N\#\ZS\'%\{̿Xj;\PV}\L\mIl\&5ue\\\´9朱/\\g܆B\9\T\Ee\rCt}JV\\¿\\'\Zp\fuh\\1u5\\?O/vP+V\Z]\4f,\\)$Q\=/\o+iNhҷ\ԩ\/\\K\\sZex\[2ŭ\\\|\i=}\0.Y,vFz*GW\\Zy(\1ia\"_?v\\ \\\'N)\\+L;̖\\<_\\\Z_ӚJ\Ԕ_݅H7#Xˊ\^,\6\:\\G}̒֨\'ϟ.[\\~\ޤ\"\)Յ\rm\\\PIEӶr\\\\r{\d\\}N\Lo(~o\B\T\0\0\0\0\0\0\0\0\0\0\0\0\0\0\0\0\0\0\0\0\0\0\0\0\0\0\0\0\0\0\0\0\0\0\0\0\0\0\0\0\0\0\0\0\0\0\0\0\0\0\0\0\0\0\0\0\0Ư	rQ\JIY\\\\3\\Eθ枌u\wT\ڧcd(s\)y\D\0F+)F*0{ʑ\`WͱԾQ\i\\\\!)=_\	1u.\Vfj\n-A-7\96\q\n\\#*H7SWL%\\\|l2=W\\\\C\nR\T*G\gѵ\\\c\\0_^=c˗ʖ\>\7c9Z\ΣE\2OܜȞlnd\+J8\\0\}\%\\n\%\`!,k,\i\?Ʈ\0!T\Z*[S_-\p-$\ℓ\Gv\/.gVJrY]t&;ʕ%jќ<~`_|\0\\ƽ(\\ZBo4f\\n9~:O	цp\U|0@j)S\oa\\8kɰ=|&\\8\TVR|#\j>ŒaC}í҃[<l\NǓF΅\\)Qz\ZV˓\\V\:^NoR5\曌w\T\0h8\;jU\栣\\\W\[\*>W\\.vUV\\uEl\\\\\ǎR<y2\\\];u),\	GSgY3za\Y\Q\\V\]\Ol~E.*/N8]\\^7ե嬱:Uh{\\{\"\/\^klF\jG\\J\X\0\0\0\0\0\0\0\0\0\0\0\0\0\0\0\0\0\0\0\0\0\0\0\0\0\0\0\0\0\0\0\0\0\0\0\0\0\0\0\0\0\0\0\0\0\0\0\0\0\0\0\0\0\0\0\0?\\\iX¢Kjz|\~L5\\\F*U[\\u#\\\\\OdTk\\'\n8m_g\0Ƭ\0I~x\w74-%QqS5\\V\/D%+\\X\;ZO\\\rþ\Fw5\\\9G:amyD\rN\BOC0\\5Fc*\M:\Q\\{\\\\\\jq:9\TʏYY`AosF\{\\JQ\\N3]iJ\	kЫ(S\\\>u#\E\RX\ $ͼ(\WߢXE\ZN2J^~\Z3\fg\p[\N0\\g\pQH6\q\*:Wm 3]S̯iG\i8\\_nҵH\\*\$njn_ދrţTǦ&S{>\G>5r:I󌮩~2\=\-:x\2_+\0G\\OW\\MG9Ea{\\q~W_rOԭE\\oUK9lz<,\\\h8J6ʴ\RR7I,a\\#ǟ<sԩY[]Z\\D\3x]Njk&\\\R`i\엻\Z_\F\TÞ:@[\\Z\I\\=\0\4\2q\Z\pݮaZ\I\X O\ژ\\;;yS&ݺ|\\^\\pY\\\@\0\0\0\0\0\0\0\0\0\0\0\0\0\0\0\0\0\0\0\0\0\0\0\0\0\0\0\0\0\0\0\0\0\0\0\0\0\0\0\0\0\0\0\0\0\0\0\0\0\0\0\0\0\07ì]]MB(\=\\\\qvV^NaIGĩâ~I;nޣ\\\\-9J)9\V6I\?6X\eq*qe7N.Q\߿sw.\\J\'&ߓӟ]:W\YѣE}\\\`qJOTaާ^\(C^儐lm\ufQZ)\\"\OТen	N:i\S\Jit\u`imVQ?V)?wDAm\ݬ\Ԍ]J\5קe==~\0FU7gM8˾̜[/6\\'e\6\'/#0\lW\\\\:rՙFQI\3uBN?h\{\܂ .\J0c\\Jmµ9ea\\\9\\\\F\nP\RTE)\\*t\\U\nX\\,\\#KqR:tF-$└y=\EK\CL)4\Vt\1\\\n\\wӡ8wdJN^y\\\l{FK^\\\)`#Yp\%]\r)\O@^	\n\\\\\'\o\~/e\\\L~E\\fR\\4\=׉}pΞ/>9\\',j8}y\Q*T\E9M\\\\\C\*\\)\WoU\2h3\)S\44ԩJ\tւUi5\Q{J>\\2+Vj2\i\U)A\'	&6k倍\\'sAɷ=\\\\NT-\"ue\qQ\՝:\\'9o)\/B_k.\\^\YKe5\\	\ee\0\0\0\0\0\0\0\0\0\0\0\0\0\0\0\0\0\0\0\0\0\0\0\0\0\0\0\0\0\0\0\0\0\0\0\0\0\0\0\0\0\0\0\0\0\0\0\0\0\0\0\0\0\0\0\U⫁\U\h\\✖\\1>cgJ:N*U!NzjiQ[+z.\ڢ\V̥*fS>\rgm\Vp\\Qߚϙ\'aU8KNOV\O1ڽj.\9\Z^Ϫ\E\\\K\\\\֝\Z\\R{g2K½\\\\7!\\\]ΘIAJq\\䣏<tl\Ü*U\ė+\ z9*KJs\Zn\ݥ\\\ {жtԩ1\\ͲV3\e(g\\\r[Zj5*z\,\o<rIys^aF⣭ݸ\\\\"\r}.^w\\\ct\'6Y[e\xm\'\n3;x\Ifq\\\\ʪJU*iNq\׸gtu*5T3)\1\=\\\7f8ҩ\\h\I\4\ʤ䖭9m<s/\0Gq\\t(P*)E%rݷ\\A\q+\qJ~8ʊ\tY]BV\+]\+\nuU\\Q\[p\Z\nK/|1\t7Sm)\IO\JOУ=	Yp\wM҄&\\lU\\'q^\t:UQo\Dn\û\8\\Ug\)(7E*\B\Z\Oe5褲5uJҖg{?\\[ԖgJN)?\\r-\iꆗ.\ی\\\Z\2h`\\\i\Ë^l*%hB*\\cD\\\c\\b\\(\z\X]\\.\*\՞#r\k>kJQ\Z<>\>q\\!KE>[I/>D\lY\0\0\0\0\0\0\0\0\0\0\0\0\0\0\0\0\0\0\0\0\0\0\0\0\0\0\0\0\0\0\0\0\0\0\0\0\0\0\0\0\0\0\0\0\0\0\0\0\0\0\0\0\0V\W\/m\JߢY\~)\\un+JM{\pUmgR4t\^0\0\\J\5\n\\Vē\7Vouk)\<\y/\$U\J}ݟ^v\Ts\7\N.7f^q\Zs֕\D\\\\QN\\UgN{̰l\UE[95(\t^]^\0\q\r0\֛I\\n\\' \ںt/\\.ENQ\y(}旿`%\\>!yU\R=.Kc\rj=+wm\F\\R=\Ժ\\4u\ ۆ3(m\ͮYg\n\Xh*ьc?\> 7\\n\\WZ\Z\NM\+\+\0B=\9ոFMIE}矊@aJ\s\n.-ƍHjI,e\\\0}+G\\a8\j]ۯ\a\%6\7o\};\3\̼7\n\ו\S+ZKB]}AW;ʕ[irY|\"\\uBOE8K\j)\\ȣl\(ƕ(5MJu*\'\Gc1O\\'OVp\nI(ΕiS)>e5imp\J^{>m|W_^\BQ^ҳ\~ֶIS\(\K\\/\eV\.\ZM\+?y\nԷB0fRX\(Z\\4\"\\z\\Vv?B+Uqgi\mҸ(r\@q\Z\ʜV^D\ZVR5.&I\Ձi\nS\\E\0e\'il8[JX\yI|VL\\zҜ\Rg$\]QX\\\0\0\0\0\0\0\0\0\0\0\0\0\0\0\0\0\0\0\0\0\0\0\0\0\0\0\0\0\0\0\0\0\0\0\0\0\0\0\0\0\0\0\0\0\0\0\0\0\0\0\0\0\0|\f\p{y\0	\IsT\\\\\p\K=;Ul,4,\2ՀwŪR\\\\\\wq]y{.\\<ES\r1\\"Iu\\,\\\\Іe\'\\O՚FI\:\TtU\b\\\\\bjqR8sO\yeZua5Rsј\Z\&\׆\J;\\\.Ju\]V^\V.\5H}Կ]q\\fMU\'Mc4\J+u\{Qu\U\ۄ*BJ/0䗜ߟATV9\\\\R\/\\n/$/.dj N\\ZS\c,[\x[\bR\D4G\t\uJ[z\=ӅOܲ#ܦ}H\\J=8\\\^\[T\|Jt`\npu\V:a,9tOBsMViIRmR\\02xۣ+(aj\\N?\Z] \[Є)E7Ǘ_Ԩ\)\kђ\5E\\Zh98 9\'Y+\2v\(icħ\nTΔ孚{\}\iԧT\9T\M\+\Q*pQ))?O/- +Vtկ%)\G\\0*Su)\/O79\\\=Ծ\\0QUqqiR25|V{9}V*rkFkZ\\\k[%T\e\~\Tm\Ik^7:M\\8\I{\x\c9\\\\_\dw%@\0\0\0\0\0\0\0\0\0\0\0\0\0\0\0\0\0\0\0\0\0\0\0\0\0\0\0\0\0\0\0\0\0\0\0\0\0\0\0\0\0\0\0\0\0\0\0\0\0\0\0-8ҧ*$\}\ݻ\5;Q\w2o_\\_\{\rwi.PKoR&T]\jS\Qٷ\u\")\~\Z]\S\$THU\Zt\(c8@eUVvjThbf\cqڦ&ܪ4\\nT\=@bR\\\Tm\\Ydʢ\Qa(04wMƵ4:3B9\yU\ZR\LХw)\4Ϧ6_\Ђ\̮o\\q\mO>Y~{@IZFj\ʞ!9G\h\\\\\#\uh]XRg8T(/\"v[\\8VV5\-zAwVt\*5k:\WѤ\ ֔k^UڵV\</\G\ε/\z\0ڔ\o\yY׫t-\\\Tn\0tהcZ\]e&\Z|T\֭+Y맴\\\exOoNo.g\ȱM[Z4ܧ(Ƥ\<\\(ua\ք\ӆTK9k;c\V\iSGmIMII\y.L#}F.\\jP)ǖ1\*\t\SZR\8\0#\c\Tp\*sP\̂LirU\'Nk\)/\r,/R\naRj,\KR\reJ%rh\\RRʭ[H\lS\=?j*~\#g\2̟0;_d=\0\\\ҍi鱽\\\o\/6JO\0\0\0\0\0\0\0\0\0\0\0\0\0\0\0\0\0\0\0\0\0\0\0\0\0\0\0\0\0\0\0\0\0\0\0\0\0\0\0\0\0\0\0\0\0\0\0\0\0\0\08\j\_+Wչ\|\\\,yt\\n\\$,\t4ywZk}\\vQ\\\0/:pT\h&7\Q\7\ݿ\ri\\g:[3necJRh\\Q\\'\$kCcRM\RR\ö\+To!xwmg6X^%yz\"*?y\r[6qZ?rU5\\\F\\\DU*T9o\h]yi-85\\i)\\T\Z\)s\\܃mER\r.]\\\Z\m\\*2p^5[^ҷupʋ8\It~]\\te\&\Zq|j\vvɪ\r\G|$+%:\\\b4(B4\E\\eGu\WzO\M\V)\ozժ\{\_D\̩9ҥ=\\	\\(\%Iշ\\ZmA,ב4\Ƭ\j<\mٺh\[AAE9\d\\SH\-\\ZjujJZ{$ǨV\\\\⢓N/*rԜ~\\\6ݑW=x\R/|_`\\1i\,%\not\\*\y<m\K\C0OJ\\\1ף+|މcQM\'\]\\\'F\\2_th͊\+\6EJ\w\\M/u\n\-[{\6<jj+Ԣe\Z\oo\U*\BڭY꺷\lm-\c\B\0\0\0\0\0\0\0\0\0\0\0\0\0\0\0\0\0\0\0\0\0\0\0\0\0\0\0\0\0\0\0\0\0\0\0\0\0\0\0\0\0\0\0\0\0\0\0\0\0\0{x\}\\\4\\\\0_\Fp=\^sR[m\kK\ZZcR~BRUaj\-\eV=\x[\s^fm\4\\\nur\۹\___\5wwQ?\s~\0(g\0g/\\\@s\Tcb34h\\aƚ5jc%9`lif-<d\7j\\?-\\qNqOwK\ĝzP5NsSZ\~>\]ԕиM5\N*[\\\\\lխIFW%{QH\ŭШ\'\K_\\\:v\\eJ\)m\DD]S|J\i׊\OK\x4\\\G\idsZ*I<\\kPr\yEj\<\\dD	S+\niInnu\]\v	&N\Up\y%?\\ͽn\\\\}j\0\rEV+Ѭ?\WCʧ\\c%I71FւQ\;\"\r\q\sT\I/5T\\ Ջٮ\rᮤc[t\\\Z5i>U)\8Zk9\\j\\\r?w\JO\אF\ٴy\ᝥ=6PY{*x_N\z,\0\0\0\0\0\0\0\0\0\0\0\0\0\0\0\0\0\0\0\0\0\0\0\0\0\0\0\0\0\0\0\0\0\0\0\0\0\0\0\0\0\0\0\0\0\0\0\0\0F\wp\U>\(9Mג}_N\\\')՞z\J׆Z\\93u\F\\:T\\o.Za##\iۺ:x\O-y\\ʝkTh?\֚{x,\vl,\\\tE}BG\nu\Ҝ\\5<\R}yJo\\\?\J~k\ZvAmE0 JH	T\\"Tl8|f\(\\\	cfٕi3U\q۷WW[f6<&㖷%.\\\nO(\jQz\8n9k\Zu5FII\\\\"R,\\Ws)fuIpI\n\\._Qx\\o?V5m55W(\haN0VR\8Ti\\:n\[:\?~\H\\\.+\u<1z}\쒏\ii|\\Ɵ\Ћ]]F\rR{\"F\\\\o\\b:Ns\}x)RIO Fܮ,a`WuQ\U)(Z}2A\{)\\+\8t*\FtK<רV\1t\\zmF\Mo\\\Ui\mzn\n%B\jRp.i\bǭ;\*\\\t\DT\0\0\0\0\0\0\0\0\0\0\0\0\0\0\0\0\0\0\0\0\0\0\0\0\0\0\0\0\0\0\0\0\0\0\0\0\0\0\0\0\0\0\0\0\0\0\0\0\0q>\xٸ%+H<N\{\0\\j~\\e\F\\/,\u4\Clxb\Q\/|;Umg՚sJ>eL\ǧQnܛocC}\Nx\eI\?ӒÓ\\wuZj\F1PS/\\\\ù\E,GZfߒ\'lr\\rZG͐Z\+C\2\\m&\5*$hwɮh\\m\/ꦥ\H:~/Ս*\\R\nI\붕pB\op{?\\4c\\0?H\vV\\U\tㆼOy1\է[wRp\\+\c\Uʤ	)/MW	I\\\L\#qi(hߠg\*]\w\ɶi\\UUb9ϘRëE,-8@h8O\|\$Z\\k9EmQ\\\\N8\sy(\{\V\i<?\"5V&\\e\(+<N愭n*E-0#\\\\V\OU?ۡ\dԠ&\	vΤd\\\r͝Ic\)px\w\/EIxkAWQ\\ޚCL\0\0\0\0\0\0\0\0\0\0\0\0\0\0\0\0\0\0\0\0\0\0\0\0\0\0\0\0\0\0\0\0\0\0\0\0\0\0\0\0\0\0\0\0\0\0\0\0>)\O+;s\4\\\\Q\Z\\\G\\\V\Q\7PmeVuN)&&\ɷ\\\\D||j\4\Vci,k\'&N}e;%J\3:ϮyJKj\Nu\\2KSΟ,??P0P\lk\\=\\K=\`\\߰\rjyC\\H\Ze\U0\,\aO\6S\\G-Ũ\'/\VρUw\eu<\н$DNT\hA\{7&\%y.OCPSA-E\~9~\\\O6$e\\EJxU|V\'^эŅZrT\aI\\\\єk\\"A\\\8J?#I8/3\8\*AH\W1\ES>}J~]\0\^#\z\G\ȩ64KF\':\\\;S\P8\\fn\q\\\\(\ښ\ZRpqq\\WO+:KS\#\G|/9iF\*\0\\\/dW\\\\2\0\0\0\0\0\0\0\0\0\0\0\0\0\0\0\0\0\0\0\0\0\0\0\0\0\0\0\0\0\0\0\0\0\0\0\0\0\0\0\0\0\0\0\0\0\0\0\0F\WQݥ/~ \\\\\\*\MԪ\\\kҹ{+^o*4ԥMI\\r&lo\5S\ӄ\\\\Ԕ\J	)f1~&(\\N\Zv\\F)\8\c埢,;\mNX驥\<7\\\\TxQ\\AS!`L,\~\\\\fӌ\\ZT\\X_Qb]yj/nQ^H\Odꬥ\2\TE\K.ʢ\.M_*{2q\jЗܸ\\n&u:\k $v6^OU\'\e\˺$\ysֶ\Î]\JH&2\{%N	C/ϚĤ!\3\r>_}K\f\*ͬy=̣S\g }.Ҟ\\\'zk\0\\Z`Y~kS\{\\\2 1VI\\I\X@=-\ȂM\M`A<]\Y\nSX&\E^h\hEU[k1\\ЊZK\Z\>k\|\\F\ޫ\\r{\\\7rr\\\>}S+.\0\0\0\0\0\0\0\0\0\0\0\0\0\0\0\0\0\0\0\0\0\0\0\0\0\0\0\0\0\0\0\0\0\0\0\0\0\0\0\0\0\0\0\0\0\0\0\Ug,J\j8[\ƛJ?uE\x+\ni\Q\Q\\\wETiI\'\Z-I\\\~)W是\\1Q\^]\0	\9MFw\\\\r՛\0FL\L2Ӹ\Zۺ\\Uy\\\"[*7\\u#Wy\'\\5WT6\H$\USDV+ZTر\ֵEy2UhQпY<8M2Į\U)\	´Zi\U\\\'	\޶T\\tU\<\(\\\ťhxJ^\\aF9Cw%\|Tq\jj[zlf_ۿXUӺ$d\V\'ɬk\\5\Z|Z	5I\\\\"J%\vm\7Ͱ-\ZJop*	GP\\[\\:7^*\SU\\җOU\ם\nVa\\\AzK?\/\\ٻ\\ձR\\I/(Oľ\0\0\0\0\0\0\0\0\0\0\0\0\0\0\0\0\0\0\0\0\0\0\0\0\0\0\0\0\0\0\0\0\0\0\0\0\0\0\0\0\0\0\0\0\0\0\\\+{\Zr[\\i\>iuҭ那}qiF;\\\\9\-i\YRz~\K\6\\m-RQUl#\4)igz5գM\ݷ&FjI~)I\0i\Z4u\/Ѳ\rz̓}7(P&\m4\wM`V5dKx9`RVKTB\\I{D਱<\F\ijKA]\nl\	<\ZF>Mҫsf>_\r%e/:\KY(HӍ\F\1\rM\n\n\l\\'\-ndvw.\\ʼ\#^\Z߮7M\rl-d\"(\8\MA\r+vw0\0u\ZZG\bw#_\\p-^[\\Xy|ֺr²9x[\\f֩QY~\0\s\\IM\hA/\*=Zj.qw\NT/#ON\Z<.c.dՅXe>5qWi\˞)x/(4\\_MA+\%@\0\0\0\0\0\0\0\0\0\0\0\0\0\0\0\0\0\0\0\0\0\0\0\0\0\0\0\0\0\0\0\0\0\0\0\0\0\0\0\0\0\0\0\0\0\0Hҥ:\Z \D\'j\ĸ\Գ\-5e%)cdVZ[U%y^5\x\\ǽ:XSMQ*{9\l\z*\J\n0ܟ\&\xܧ\\[fm\'ԝƵT/oyF\\'\,\\1ʴTo}L\\\\->m\1NmsKhɮ\6MɁe\GIg%%\L\>@V=Y(\_ӌ\QP^\ZkN;>\\u\^x`R\S\\8]wG,GAJ:㳒\(\ZԄ%\]R阬?@lhI8\9jKA\\\'\\쥕\|\ef\vn=M\\\t\\D\\RU$\$\j~\0_-Ql\o\\n\,\'J-\Tj4[rRoY\\a\W@]5\hn\ko\ral8?XVzMxZ\	[V\|:*\r\k\bWX\{\Ay8,|HR	Ixd\Ruj\'\jנ\Z[;Yw2R\\S|\m\luNҪMs\f\\G/<*\V\\\no2zelh\0\0\0\0\0\0\0\0\0\0\0\0\0\0\0\0\0\0\0\0\0\0\0\0\0\0\0\0\0\0\0\0\0\0\0\0\0\0\0\0\0\0\0\0\0\0\\\\}\5˕>\\E&\\5/4\VE)ͤDտ\$\@f\:\%\)\N|r5\\|M=6\ŧ*so;~\\\nuj\M\\\A\ʲ\\TYLA\\n5\Zg* ^TG$@qsI`fZQ[r@K\\H\ġ\7AQujS6r\hUM(\[\)y{%Qy\i\}\\r\"I8%]5\Ny#gKQRqܣcF\}ҩ*L\E4\\uR\ҧsN5bY]W3ۺ.5\)c\r%=\\\kZc^>\	ۭ~\k^ݿ\\.*m}\^(\h\\6__(\H\Z\P\\'ᔶ ڪNmԢm:ZRx[\\vwM%BQ\\'\"F9QHSZatmKN%񒍥$kw\Z\))wc*Q\\\`J(8\e\"\JfrYS\AUJNJN\'i\\ZUE\\Zڹn/\P\\\\\^\ޝW\qM\0\0\0\0\0\0\0\0\0\0\0\0\0\0\0\0\0\0\0\0\0\0\0\0\0\0\0\0\0\0\0\0\0\0\0\0\0\0\0\0\0\0\0\0\0\0\}\:=5,:w^iE%k\}ztnےɡT\uFJsʔ\\\#y\U\ҹ\UI\U\M\\>l\\\r\ri\3\.tZ֧IR{9\XFEkUj\\ͼ/@1P3\\4邎y-\qe\"\n\I\Ͽ%brx\ymQ%\$ \iIʴZ谽\5J~a\=:mURy\\\n{K¶\MH\\\'\UiM\,-<\O\\6\\ZFNW<\\MNJ*ʤ\\/ͅ	ZXnTڜwcW\n׵<5K\\\뷗KoB#\4\"\)l\\\O󒫀흷\8\b/\<\\\ժ\6\C\U\\\\-u[f\_C\w\5i\eDS\\\B	8\\.+E]t{\A\)kk\\\n^I\A^)\')gν+\r3\wVtۛK\>\Ze\G߫\g1\\\:\LK+\$!]\P\0\0\0\0\0\0\0\0\0\0\0\0\0\0\0\0\0\0\0\0\0\0\0\0\0\0\0\0\0\0\0\0\0\0\0\0\0\0\0\0\0\0\0\0\0,\r\S\0F\x_\v\\\\=\n\iY֪ES7r\nMa$UFER:?\\mТq%81|\\\YI\Ea$\eDp֢\\IQ\NY\\\5 \N+;c-Jji$ݥѾ^NMf-r\\̣iW\ZT3\ANX\\\=OX@F冰\ \և4\̋\	G\>`C>@R\NT0Y\\*r\r5nZ%]T~)B^|XA\B\n\n*Zʜ\\_\_8h]YƊj\\t{\2H\N<\\0>\J\Z뵵_y7N_Uc\e8cO$\(VcCüW\-}\:a|\"\'є\\UdVZ\OAam\x\Aj.j\\ɁQ\Kw\m:XO|{ɷ=Q\SOJ\\\$\B/JR}=B\\T\\iz\ڬx̓r+\\%}\0\0\0\0\0\0\0\0\0\0\0\0\0\0\0\0\0\0\0\0\0\0\0\0\0\0\0\0\0\0\0\0\0\0\0\0\0\0\0\0\0\0\0\0\0Y\{MZki\?L\05\|\U\eҖ\.V\6+Q~\'<(\\_\_\ԅ۝Hg2z\~`k{[ƩY[T\*-++ \)j5)e=\\\3ʂ]:fK]V#,\ВO9\ Z\8\P,9Jxx@g\Z\|\#%&eN_\\r\"]6-Fũݰ\Ӑ\\y4\ZRk^TkŦ@,#o\2J%\t\\\\RJ𓓄\e\I\\Λ\qA\\q\\*U\\0\\\\W\x\\is\E/Uʑo\4c>Еste	9/,\\2g\F	nM\Mu(\\i>\\ \Z\ecF<LVH[$#]T\\ymm\[\x\5IזZj,AQ:Tbp\KѕYԄ\\zU<Q|{u;y=\/\2\\0\0\0\0\0\0\0\0\0\0\0\0\0\0\0\0\0\0\0\0\0\0\0\0\0\0\0\0\0\0\0\0\0\0\0\0\0\0\0\0\0\0\0\0\0<\\n\\\s\'5\\>\2zg\'d\\\CSw\E\ȔG\\8\\\ڧ\I9qs\'Z\/\\r	PauHw\ZP\\\漀\\YiR\ro\@\F\Z\i<\Hګjkl\ 6e\ZX.\Ձe<EI\_$AC46\\\nȨģ\YRMſ\pғ{g)\\r¥a^_r\n-=s k^7_\zuF52\\\%\Z>\[Um/\"ޜ\אJ\\RU\\'5ED\\\Vi\\r>a\:ӋV\\\̥l{y\-s,Gc{S\\8!UԨ\̊Ej~\6V\"VJI\QE\\乐ko\\\\r5WY\"K9@IC\\\\;EN1[dq>\\RX\\A\:gŗ\"*-$y#s{\pK\\ZO\?=jT\0\0\0\0\0\0\0\0\0\0\0\0\0\0\0\0\0\0\0\0\0\0\0\0\0\0\0\0\0\0\0\0\0\0\0\0\0\0\0\0\0\0\0\0\XзV{F\\,<\\+:ײry~}RJ/\R_OTlL<-.>rw\*vWΥS\|?<Y\z\V\\\"Riz=)\Z\׷ 2So\e2\lJ\ȃQZ\Nr\`HQ\͔H%\\io \\סF=\ >H=\`1\~IR5Bk\,\r$㦤%Tnq\\\"ѩE\\N\rV)ʢm,?}\I_\\-jd\\B?\MF\\T7\\D\\+wΜ{\\\.x{\\":5Z7	US\]:5\v\\\\\\\\ar\E{W#9j\M?<*6c\[r\	!\IIu\'5rԼFK\YF\Ҳ\QmbJt\ C\\Z|\\\+x^V)THMN-t\\Hw\+ҍHO\0\0\0\0\0\0\0\0\0\0\0\0\0\0\0\0\0\0\0\0\0\0\0\0\0\0\0\0\0\0\0\0\0\0\0\0\0\0\0\0\0\0\0\0\n۳<F\0\\0{oԕq\\9ը7\P\\\4\Zyo<_&T}\e.x5\ ׊@D^X\{Ίҷ\6 6I.HTp\ 1\mӊ-A\\\0(C.R|Qlk8\\\&Bnqǯ\\n\,䀱\f]Ql\\7-\>.NIY%\A\\Y5\H\֋r lӮϚ,mIQM\9\Rq\\6\1ey*x\\R	p}>,J\ni\\Wϭ>ʔbd>\x\\\V.ާKY=\\,#:g*Ey~eW\:r\wV~,\#5\fX\VT \[R\\nqj)|w*\mK\\"?y[xU9\9:[.EͭEF\4<\"\\DM-\r>ej\O\-\*\\N3\)S\8R|)W$p\Oe5\eW\0\\e\n\\0a\0]`@\0\0\0\0\0\0\0\0\0\0\0\0\0\0\0\0\0\0\0\0\0\0\0\0\0\0\0\0\0\0\0\0\0\0\0\0\0\0\0\0\0\0\0\u\jF\\M\\\'@\(\V$\\(xև\Z!q\Q\\ARRJ+:ߑE+nJ?`Nt\\\FxT\\e\zv\ZRy\D\)MxV{X\'\r\\\\Y.M\n	\\M\\\m\MK\/P-kŗӠI6\V:\QX<iow\\+\\_Z\e#\"Jxy\rt\	TrX2_\j\ncN2\9cŦ;˯@\'\\b\]U\*v\i\d㾬66#oƻ\J\Fkq*mǭf\\\PS\\2S#gkEv\\\V{2į\\5(\G\\02\~\ǩ\E%J\-\K+I{Uլ\{t \cGT\\F\R\^`](;\cpd\\\\ɑQ \y`ʥh\+=H:;;~\\3HD8\\Y8	.(\\\\V9Ҝ<>,3#ii\\rzCrw;[E/(\1k먩_U\0\0\0\0\0\0\0\0\0\0\0\0\0\0\0\0\0\0\0\0\0\0\0\0\0\0\0\0\0\0\0\0\0\0\0\0\0\0\0\0\0\0\0\^ٮ1\\S^\\\\\.-jP忁F)\4TvR+\~@L\\[ 9%WT\ \g>\8(\:8m\\ \\&\2\\m ʮ1%:\"\,lMp\D\FxK,⃕h<xsUg\\X\\ZPEn2\\5-\'\X\?Ndxi\\`(\\\\qDyBkm\h*,\x3UO\3k|s^e\\\u\0\e.K\Q\"Ҵ,,\y[ܠ\\\\'\ohx\\\u<ǔ|}Z6\\Zڷ)[PWǉ\$=}\r+\_Wͻ\К(Ia#蝚\*KUZiѩ\\v\W\\#\\X&̕\\VS^Y\"7:)F-굷\Pm\g\9\\}?\5\r:*\\"M4iyn>\\G2K~@lKA??kNE\Zp&AWI4\[\DV7*z\\ӓ^\>\6\F\Y:\\0e\0\B%}\\0\0\0\0\0\0\0\0\0\0\0\0\0\0\0\0\0\0\0\0\0\0\0\0\0\0\0\0\0\0\0\0\0\0\0\0\0\0\0\0\0\0\0\^\\^=B\Q^\0\5\\\Z\c,-O\\\*!\\\8\eJ\<y`qu*έMg{j\9\L}\\\mI˜qyG\cp0\\R\f֯qE|\A-V\5\\E!UK\zIN	ӌצXTY\pRq[(\\JT\rFrl	]_P)8%Т\\msՖV=d\q\U\"\l\G\8\M\Oe(\֩NwZpQY\\\\\1x\R\0U)}ڭ*\\$\#\75ciN^xS\\\f\\%\n\e$\LݝuTng\\׺\lTᲿ\i:#\\w	SMr\_2%o8uE\\bmIo)сH\\\T\n#\\oiJ\'Q\)l\Z4\g;]%KK\\c\\ըVң9\6&\Qy=\r]\m\̊\\\O\\\0\0\0\0\0\0\0\0\0\0\0\0\0\0\0\0\0\0\0\0\0\0\0\0\0\0\0\0\0\0\0\0\0\0\0\0\0\0\0\0\0\0\0{CU{U|E{@\\\B	O\\7\|^Jr\b\H}\x\\\*-݁=Ќc\(M5roHQ\\I\a0m\o=Y\\[\r\ʫc\\"|g\	\\'ϫ\\Ic\A(a`s*qX\n\Bsq\uRn9̓\<\&h/\H%VSshcg4A>\5\a\rx\?*.\:\*b?@-}\)t\{\Z[\\k·\\r\\iMm$\DƬ̧}qFX\L\q\x\\J{+\՜,ҞQqrQm\IJJ8ت\;MOS[p*c^Qx\e\'- IK2\\{Y#Od \x^Y(Ff,\un-%A%\kjS\.`n\m+	\+\\s\Ȯ\حڷ\\\0z\+ \0\0\0\0\0\0\0\0\0\0\0\0\0\0\0\0\0\0\0\0\0\0\0\0\0\0\0\0\0\0\0\0\0\0\0\0\0\0\0\0\0\0\0<ں\xnnu!\Z\\JkVY\<XDj\Z\)\y\J#ˆM\\\Nݷ)t\)\\Vю2\\T_\\nSӓR\6\\*{+\BeG\&\)S\<XE閥מ}@\-+9\\@eR6m^i\\j\+\=Nz&}uRާx\ֲy\u\\qj:\^\x؊l\W)\ϼ\U:k}~\n\ө\ҧ\nല!NR	Q(ehJH\\\B×0\獵8\\|lQ36lCNn4)I\F9/\nIy\8\\̩\'Zޝ	\u\)i_\|\[\R\47\\S[+P\\\Ėla	*;>@\N+oyFuɤ\\\\ZwaX+\\k)}\\"ف/\\lqЂ\{s(\xTiʹ\_\fj2\6=\7	7\SL\\0\0\0\0\0\0\0\0\0\0\0\0\0\0\0\0\0\0\0\0\0\0\0\0\0\0\0\0\0\0\0\0\0\0\0\0\0\0\0\0\0\0\0>@yNyR?}\\0%5ys]JڛOT4$k{\~D\iO\\n\<{\Q~_P#Ikt\,\6yH~\tU\;۞\\n\DYn	P0JR\2\($\\w\F<ꮰdTPyߟzu\r\\B\Y\7ԃ$\\n\\\}}\0MUXd^aVP\*\NY<%\rS{\.N.\ra줲\\0[5l\A\*F\\&AJ\֣Tc%\jaN)o\\\rc	8\-\j\\Z#Me:{s\W\\%}(\N*Ue\'	\>x\IUI\\'\'ͽ\ kFM墣mmE\F4		ac\d[9xrioQ/H-\\|\F\aWӌe]F+	s\\\$\f\v؂\rs\\\'\\fU.׃k\r0p\\UhS\*K\\\0\0\0\0\0\0\0\0\0\0\0\0\0\0\0\0\0\0\0\0\0\0\0\0\0\0\0\0\0\0\0\0\0\0\0\0\0\0\0\0\0\0\ݪjU+ʛO\v\04\Zs\U\\0\g?7ms`Rj.[\&k\\\.&c9\6\8.\>e\\[=\ciI\\ڛ}^\}\0\w\`)*i==\0\*1\#TK~e\'E\K<\5(\g+Q՟$n\\"X\\d#ūCl\+\\\1\S\N#q\\\\w\o\ө\Zt\\N(\\ի\IPQ͵Ryg~oXT\h-X\Q\qs&Ek\%\0ڌk\\R*ՍVIaTQjQ\\\|8}=8\aR)\\+E$\\n1P.\X{c(Y\A\Zy\\e\d\\"\V\`eQS\\M,WRI\"\ng{D\hZ/ԥKki\I\\\؃\Wc%f)\Qm\Y%n\0\0\0\0\0\0\0\0\0\0\0\0\0\0\0\0\0\0\0\0\0\0\0\0\0\0\0\0\0\0\0\0\0\0\0\0\0\0\0\0\0\nK\<\\n\\Ui뇥~A\8,*\\X\>U%Or\I\\\\e\\\*U\I6D\'\y\O+G\re\"xJOoBf\Q\n{.yK0\re%\tI\\l\w\7G[8e}-4\\l-kU5D\'b\	yGfOD\$r\^@`\\=Ʀo\p̩\TmfM9$ZxFɦ\t6uƌ\uwRSQQ\2\0\'q)*u)\\\\ѐeDt\]J55)*K\\"׵U\"\0-}H!S,Mm\]\\\n⳴\\SLnT\y\2ÊkEhGp.԰eʪIϞ\F\\\\O;\̢ʉ8>\\\\\ܰE\Z\(\ޭsz\?Tfh\l\z\\g_ٷj\\~yv%@\0\0\0\0\0\0\0\0\0\0\0\0\0\0\0\0\0\0\0\0\0\0\0\0\0\0\0\0\0\0\0\0\0\0\0\0\0\0\0\0\0_u\~ԧVTeN2\\02F-%uhX\آtRqKöPEZS\\rY)\\\R5۔ZTV6\\L,/;a)\\Ly.H\"~\[)t\8\\"\\o`-+s(yi[X߇g\`(\\=|x\r=\\J[d\\\0K)\\\x۟\\Ǚ(\uZN9]J66t\\%N\\[\u.#o{C6sj9R\Ǟ\Ndj\Y^ÈP.\tG=b\q\p\.\Ք\tBSy\c\?~\Zn/V{\\~%64/.R[z2\$\R\ǘTz\A\Zv\i=)ŷ\\Q^\$ѯ)c=VsE`\\0ՎXD}\r\~~YM`Ty4,A78\r]\0J/\'\\\Z\\k%X\]CK^\+՞\\}Oj\0Ř\pT\0\0\0\0\0\0\0\0\0\0\0\0\0\0\0\0\0\0\0\0\0\0\0\0\0\0\0\0\0\0\0\0\0\0\0\0\0\0\0\0\0\0[VJ4\'\E<\u)uF1\^\\=\|/DV߫\SM\\?Ԃ\-\\b\\\\\Q}\n1r^qҶ[7]|c\\\Q5\/`cu4\\yo\Atcmn\$9 \a\C8O\\\r^)7i56M&\,EgllO6;Ecv\ij̰\\\"~.#jjިYTyi\':\sᏻvA\\6\\궫YSA\1\0\W\jԠ\Na_ac\7=eyua?U\jt\\\n\\T&Tm-ҷ\? \'н҂\06/moU-\VTԒ`a/00Μᗾ\Ш\[8x3R\/0P(\Ql\U9{dt\СNXo V̗k4\\ \](\\\\\le.\\\\03Q\\0\0\0\0\0\0\0\0\0\0\0\0\0\0\0\0\0\0\0\0\0\0\0\0\0\0\0\0\0\0\0\0\0\0\0\0\0\0\0\0\0\0 ꎏ%\Z\\K\\\\|B\Yijm\͵\\>D_E\Mg@[hr|h(m\'\qbr\\Mi\ ,7>9%NXǼ8r@VS\~^i_<\Q~Ҩo	VKŕ@c9\\Ўs\>YH\\IB	7,m+9\{(Gox\\+}ՂQ\};8\<v<+6\\NuF\\ŸTn)7Im\Q\V\{R\\=\ȩ<f\U\S\ZN\\\\0\\Cܢ5Z,#jNݼb]>첰\ѿK\\"o \H\\..~3Sd\VΌ_ 0Ά\2@dV\-\Fh\\\*ayr\1\\\nCr\-ܣ\\NX\+Q]~\n_4a^\0U\\Y\L\b\0\0\0\0\0\0\0\0\0\0\0\0\0\0\0\0\0\0\0\0\0\0\0\0\0\0\0\0\0\0\0\0\0\0\0\0\0\0\0\0\0\04*}pxoBk~3\ra\\\VRf\iԔs2+\\\"\s\'ebLk{픞\0o*K-\?\+yKRݬQ\	g4\r^9&Ql&\un@i\mܾI~6\3RZ)j|\<cי=񅏈M4#\XY$\"\^`I1V4\CLW=\p\T\I=gȢlnQA\\nd\\^Z\?\ Ծ)\}\\|SJχwT#s[\\\Ec+QFʏR\ ֹs]U\Җ۵̴ݧ5m\|Z\9\\ruJSl\QWzk\ O\%\	\8|\:>{<\wQ\m~a? -г\9)A\^|\r\c6ܗȂ_\'\\n-QF4UK?S5^ 0\\4\J\J\0\0\0\0\0\0\0\0\0\0\0\0\0\0\0\0\0\0\0\0\0\0\0\0\0\0\0\0\0\0\0\0\0\0\0\0\0\0\0\0\0S\mn\\Ԍ~bwFrkeG)*:-5)8\u^v/]ނsK),miFI-\y>{\yT}yҊm\F\Zo)_\[<d50)\\r\Θ\u\\n\-\ 4\\n@]\>@N\Ed\FA|)dA)PKb8n\\\jN{7Up\n\|W[\PYic>In\ȑ\\\.\\pYع\\\=o\?<\鸝iSqk\]I\\A\u}+z\TJp~O\n\NK\,2]((\:+V$K jkZsir(0q~\>K~yvy\0\p\\T䢞(M\qWe\߈rk\N\[\QXc\\nEc5\e$׼\"赜r\0\,\"7\\k\IV=-\Oof\\<W,\\0\0\0\0\0\0\0\0\0\0\0\0\0\0\0\0\0\0\0\0\0\0\0\0\0\0\0\0\0\0\0\0\0\0\0\0\0\0\0\0\0UCT9\\G\dN\l\5GByϹ2WJ\[J=Zmu6A	vJM-\|\0mMP%M\+<\0))>\7\(\99? \F9neI\\',pn\KY\4\\t$$E;\@]\t@VMmI\>י\-!O\\Q\"\n\)a~\]*\j+\j3ZN1)-\\'\\_1+\\k\!NYʵXŷն_S\5ÉU\1K\m\\\u\\Fi\q\W^`\\귐,oȃBB$h\r\0a+\|\N+\0bh )MT<@Hs8헷\	\I@J\Kx?\Z3\m~q\䊤\\Ժ=&E\RKQKI\\rr\"\'\cof%\ř\"WlT\0\0\0\0\0\0\0\0\0\0\0\0\0\0\0\0\0\0\0\0\0\0\0\0\0\0\0\0\0\0\0\0\0\0\0\0\0\0\0\0\0\0|\\<\\8u,\)\\02v\\\\9*\.Q\n:P\\OcwExUltZT\\]\0\Qm$\ܨ\\C\op.,qz8eS\8\\Aa%H*\If1y\\bQ\[]\^\)(\,\,g[\t01\̞z&Q.;\H6\"Iԓ\p\Z\ުiEK|\`Iֹ\'b\\0Aqe%\Ƥ~k\|R¶sK?\D_B\NΙ4ߙjZ\j\d[F^r\)I\d\B8E\`(\\:\08\\%DS\\Tr\$	\A}\#%\ZP\\v(*\lA9\{\.s5&\%Qk2怙Fg\^C\aY\hQҦ\伀\\W?\/a\\ogp\\\իM=M\0\0\0\0\0\0\0\0\0\0\0\0\0\0\0\0\0\0\0\0\0\0\0\0\0\0\0\0\0\0\0\0\0\0\0\0\0\0\0\0\0\0n\0\\jp\\;ۧ9og\2\I\M\x_C]\o\\ȉn\'԰n-e;d\G\\"5ubr\\Z&qR)F\$\0zlP\\\ i\lV\0w\\i\E\M\\TГ*(\\rsF	\vأ\[\=R\}H\"V\|\"IN:cϟ:\0\򶧝Y8\'Y4\\q_\r\":)p\	Ul/\n]^EW(fTZy)ʌj\ylTK?j9:\k<\\\\Mm\UBq\TL\\BE\z\Zs	rJ@HOQ27Ȣm\Z|\%\ Yp݁[W-9\P2\\	[-\F\nQ\oȂ4n\MVr\9PpMc\0YRmSiЫV[\?\B\W\n}\\ލ\\P`\0\0\0\0\0\0\0\0\0\0\0\0\0\0\0\0\0\0\0\0\0\0\0\0\0\0\0\0\0\0\0\0\0\0\0\0\0\0\0\0\0\0|\یXX\\?\p\lysB^(\!o˃ǼZ\rĲ \p\<\ixmo)J2\P6ti&\\\0Ii\ϟ4)ԄSyDs\\Gv\_%\9]ǫ\\B	lר+qC|tV߆,\r-\joj\M)iyqXu@YSVk[u\\噶ߨWQ5\"\y\\upR\\)5f\*ME֛\\"5Nnu;=ã&ܩFT^,/\Z\sۣ{X\Zy\\;f\BM4\@\sR\!kR-a>\\\vX\Z~\oU(a +9(, \\Uu\'\`#Ec\(ʤI\\\"|(\4U\\Aʞ\&\p0TV(JJROg*%Q4T\"\\j}媄\S@\0\0\0\0\0\0\0\0\0\0\0\0\0\0\0\0\0\0\0\0\0\0\0\0\0\0\0\0\0\0\0\0\0\0\0\0\0\0\0\0\0\0|{۽\\-h\h\RB5\\\7dHN\QX[ <uf_E\O%ׅfRId\:\Vr\ l)\n[tF݁\O}sP{dKN0Z\+%My\\<a=\ y\U-QO/хj8\\\Ј\ԻS\dD&\yY{\r	\x[UlXO\J\\\Z\\=\\\\k\nTc%(Lh8\+ŧʰ)EZʥGߒE	ǻ\|6\s\\z\M)Iaa/pN+<\R5\[uQp\D \R]\Z^iRTaAIk\6A>\\\i`\ӠSY\0\o!Yq#֚\\Y%\\W4\\*\\R\;CJ4vR_\@\0\0\0\0\0\0\0\0\0\0\0\0\0\0\0\0\0\0\0\0\0\0\0\0\0\0\0\0\0\0\0\0\0\0\0\0\0\0\0\0\0\0|۝\y\kS\ܨ\\KDk_IЖ7M\i\F0\'\ \\~HZj\l\vb\O%\\:\\0\\\0Z1ʋ\\r?\\e(\\D\Z;\I$@\\5&\ $֛qLe9Kq\\`_UK\\rEU*؊-\\\\"\\A;6%Fixa\@UQR\2Q\sH8B+8x`I\4Z\\>(\ży5\Ȣr\6\o|GZהE/\0kfZ 7qʥr\*nΕdP[\Z\)AI?:z\\X%\\\l)\`JE\'*&Т\0\nxh\\Z \\\i\\\\Vr_U	5=\bwiGLr\\\L@޴q\NQK\s\[()E2ι=*Z\ ｄ\\{}^~*QOC\0\0\0\0\0\0\0\0\0\0\0\0\0\0\0\0\0\0\0\0\0\0\0\0\0\0\0\0\0\0\0\0\0\0\0\0\0\0\0\0\0\0y\%\\x\2q*m\0\fVӉ\\B\\2\\vq8)[=Ȩ\\f,\Mf\8\'Mc\\Lw7RPX\\N9zO?\0Fr\\"ԥ*>QAҶi\+\0@3F$\\'5EalQ㼋IgȂ*Y<F/w&ѷɦN	K}%:\\	M-\pqP\t{V\x|\\0\\\Zug\3V*&\Ãтr5I\\I\\\#\w\x\<?ի\\H\xN\'\JUmxd`N\rTYJ~x\8cc)^.\ո&\*Rn-g}KȊ\\c)ECTg+¤U*~\M\\*\TSo\\rnm\Q\8ب\Zk`.\"(\gWR\,nl\\TWBX\L\\'ȃ\nƾS\"ڜ[&\-<T,\<0:c?\0&ؼ\uW/\I=4V@\0\0\0\0\0\0\0\0\0\0\0\0\0\0\0\0\0\0\0\0\0\0\0\0\0\0\0\0\0\0\0\0\0\0\0\0\0\0\0\0\0`\Sϟx\b\NF\\D?6\]E\I=\z\ZSI\IbRO\Eg\\ذm\Ts\X*(یM\ \\g\¤Pxo\UEtآ\\	Gl-\*	tY\\n+X\o .1\ )+8\ac9Y^c0|OP1T\\\@Fe-Qb\#N\s\'\woFMkzV\ۄߺIM\\*7\\ނMl\p-w\"#JԞ\\0\.RX\r\&Dq^ڸ:\4\\Z$\0,G\\ǝ/i\/-µS|ANPR1NoT\\1\\:I$\"%tdE0QKQIKJi\o0\"\\V\ː\Z\\$r\*QoV7y\`\,=1dVoT\]3P\W({[V\7u$@G\j\Q}x ^yk`:b\ðU\0\"U\\\\0\0\0\0\0\0\0\0\0\0\0\0\0\0\0\0\0\0\0\0\0\0\0\0\0\0\0\0\0\0\0\0\0\0\0\0\0\0\0\0\0\0O:|cj\*?\'&\0#\:ewi\\.Ke6\c4\Wo\\Z[~`hk\Isyx\"Ab,xY\cb$\\W&\0 0+)N\5\%\IEM\\%E\E7\\3oܘ<\\\ª⳶q\\@[ee\\cE..]\Zd\\\E!OF\]@\Y[[]\׻:T\0sGnis̐m$J\(\BI\\	\C\f\\\\\͗\g/W\#\ED.3c\'®\cMjnk\\\O\%VV.3jQ}\ZxhF[\@](\M%6@\p9N\Z\\r#a\h?\\Ik\A>U\p\j\\\~\-S\G$od\\E\2{oMB</r\i9TXa@V˘Ug,&TY\\bn\ Q00\\\}\'c`\{s\}\>\aU\0\$E\\\0\0\0\0\0\0\0\0\0\0\0\0\0\0\0\0\0\0\0\0\0\0\0\0\0\0\0\0\0\0\0\0\0\0\0\0\0\0\0\0\0\0׶h%\\\5?#wk\++\\\J4m\GO\~Po!\\\"i_@:5Q\Ԩ\MIn\e-dЂaG\/ _ݬ\\\|>D?hK\I%(a\`/Q\\̃&\\\5ru*N\V\\>Q\DhQҌʍ}\M\<z\\\\\\'J\4\=_zHLϜP\r7\\N_iV\[\0\"W\JPNM\}~|$j{|\Z\t\0g\'JPr۠F\\KR\ktj\r\,ä́`󔰞\*\u\J2\N4\\#9\	x]7ʕ(\Q1>~\52+-\\M%\d`\"\|\n-{agPdʬj/,P-Ϛ\g\\no*5\\rOɹF?\"ף\\\0\0\0\0\0\0\0\0\0\0\0\0\0\0\0\0\0\0\0\0\0\0\0\0\0\0\0\0\0\0\0\0\0\0\0\0\0\0\0\0\0\آ\\;mC\	Gʨ\'Ok;\Ee5\o\\nwmkh^PF	T\Oͅt\v\jXxL\"Jo㟑Ee\r\0ǯ (\@Ir\NS\*ףIQ\m\<X\Ȁy*Ӓ\Auy(G/	y\\0JUN+qT\x=Jw7\r\S\\0,\TXs\9\\ݗ\62ruV0\\>){\*\5+KZ6 F8ErQK	P\0r\8,x\bxUSu\m+8^-U7Qo~fU6\\ɵ(\\ZkIS\\}Y6\I\K\):QYkP39$:`\\\	[zlV7%\M)*SQ\\r(\EE\yiM\zR;`\\S\\\n\)lDYɼ\dU\\\nV\)_ٲ\\[ƕ(/tH\0\0\0\0\0\0\0\0\0\0\0\0\0\0\0\0\0\0\0\0\0\0\0\0\0\0\0\0\0\0\0\0\0\0\0\0\0\0\0\0\0\\Wq-p|P$n25뷻YaBJpR\\\GVy\l,maMjk/\\\o4QG<\\/\*XC^[d匔_\Zc2m@\5\\AX\\r_h\GJK\nrƋ\\\\\X݄eXP-~EW\\0g\\I\\\0y[4mS\\%|\\o\M0\0JQi\mGOj\nZT.\\>X#N\\iJQ}8a\s^*hqM-k^pi<WFv\yT\\t=)e&XmM`j+IԩpEe<I\\~EyT\޹I$\zLFM[skU*TӰD\(\m©*^\s(\6ٮ\Z*vuJ\\0\\nx@\0\0\0\0\0\0\0\0\0\0\0\0\0\0\0\0\0\0\0\0\0\0\0\0\0\0\0\0\0\0\0\0\0\0\0\0\0\0\0\0\0%\0<EJ\0x֊owYC\ZxIzX\"E\\\ެ\r(\\\bfRX \R \Cwz\\\Ģ|VreK -]Y\\E\HVJ4\+!N\<h\+\F\P\\8m\ȃf8E\jGi\\%V~9/\O܌֣\:Ώ\nT\$&i@\0\0>	\]\#vi%Ru\[ӏ\qu~S\OB\յMm&\R\J\(\"c(a\`V\VV@^I\+ \oS9\0UL\bڿukL\2\y*ҒEE:\nRorzZYr\o~aP\jf^e=Urn[\**S_\\_\0G\0\\0\0\0\0\0\0\0\0\0\0\0\0\0\0\0\0\0\0\0\0\0\0\0\0\0\0\0\0\0\0\0\0\0\0\0\0\0\0\0\0\0ojo\0Z\9\	9\#\ƭY4\-HgJ\V\1׎\\<)\mKx>e\'umQ\\_y?%At7\|(<yf)-Q>l\nI\\\\'!my.\\\BN:ObNU\ӂq\o6i\Z1_7>\ٙ_~/\'\.a\\\4ZϹ!z}p\0\0W\^Gpz5:\a<}\.L\>=mq\\\єkS|)/4\kg\'\gM)&:PtՂOO{<\gOȊ\u\r}VBm4^l<\<\QJͦ\\ kj \D\t\P~l\n\wb<\'ET)\~|ȈΦe\'\V	\\Z\\uf\Aڞ\"\\"2\_[u{Hߝ\0\\0\0\0\0\0\0\0\0\0\0\0\0\0\0\0\0\0\0\0\0\0\0\0\0\0\0\0\0\0\0\0\0\0\0\0\0\0\0\0\0\0T\_9-(Iz\$\\|R^/YY5^\0\Q-Q~m\\\\0\Zźq\ͬ2豖)\\\\U\"\An\Y{\n=sݔe\\\\ \:\&\Jre&EFy|0\ZS;\ث\\nu:}]\	\xZc?\l*7caG.\h<g\K\3V=í)pmgo4hS(/$\0\0\0\0\0\n\'kڎ\Z\$\\MѭO\y\\2\\':5\"\QxhK\GuSN=eO\\ʩi7\\Ql/oB+My Rn=F;\\/	\5,\䊢睳+q-T\\!JA7\k..IQ*W\\'[-\\0RnOЂ\PsQ7Oƽ\f}{jy}\0Z\0%} \0\0\0\0\0\0\0\0\0\0\0\0\0\0\0\0\0\0\0\0\0\0\0\0\0\0\0\0\0\0\0\0\0\0\0\0\0\0\0\0\0\?%\\~\R\h)\f\\N\\Q\\oD\7:\|\\')\\h\\{oԃmeI\\\Kli4}bu<-<k@u6j?2\n\"r6 \*\\Oo\Am\\/F\2Ri}\?P!q*лTl$J\F+?ȂcA\rqe\*pbU0\gn\}]\\;8T[[:[\19[\=m\0\0\0\0\0\^\R\Ӎ2\cb\\&q\\\Q\\"ݷ}\\)q-*]*{c_2Ⱗ4\A\9\2%\\\:uzDz\r{ \ϟ2B(U\\P\:1QCJ\\\\9\߳B\0j\0}\0\0\0\0\0\0\0\0\0\0\0\0\0\0\0\0\0\0\0\0\0\0\0\0\0\0\0\0\0\0\0\0\0\0\0\0\0\0\0\0\0\0\\'mӃ\\9qu)IZ_>M\\V:(;	7u*[\8Dlhq:x\nQ%\\\0w\\c	\"c>\Z\\ 0;\᷶B\^\\0J)-\s\o\n[\\"\^I$oڵi\\ҥ\-^\(G\*F=\\@We\Nw\3\BDn\\\'RS|.gV9ԩc,I$-j=_\\\3\QG\:{\\.u%\eiw]1P\0\0\0\0\0\0Ƕ\Z\0l8:V~[~cu\Tj4\q\i]\\\yZM\!U]\)\\nӫ\H\/Bl\mOlQ\\p\6ރQ\>k\;\\B֬\\E}j7h*%*R)\02NR\T\0\0\0\0\0\0\0\0\0\0\0\0\0\0\0\0\0\0\0\0\0\0\0\0\0\0\0\0\0\0\0\0\0\0\0\0\0\0\0\0\0\0|\G`\Ds	7䚒\\v\J8坂aXo\n(4EȨE(%\2>R\^&c\R\\©<\X\ٴߨZ\]\0+e\\\^\ \\I%>)(\C62S\Rr\{\]q?\wuFӃFww.\|\,xU\\'V\\RV(g67|^K\]At&]\P\0\0\0\0\0\0\\]}\y\Y:n\\Sʌ61\q\\*V\LR\P%FI\+\\p<\+w<Ln-l\\2\\< \$PX\AJ0rY(\nNZDTRkaS\\	g\"^R(eI%͐\'/xnbs\n\\o|B\ռpϚc\02D\0\0\0\0\0\0\0\0\0\0\0\0\0\0\0\0\0\0\0\0\0\0\0\0\0\0\0\0\0\0\0\0\0\0\0\0\0\0\0\0\0\0g*j\(\;\0GkEƴS]5Q-V)\+;\A$\n\\0j%9I%\\q6O*Sm<ut\j\S\\.>\Sw@UYT\0\5$E7Ԃ\|^=L\9o\*5\IU\\\uSyK;u~\թm\\R\賱G\}*x\\\\\EzJOSi\0\0\0\0\0\0\0&\(Щu)Ԕ\-hC3n֤iX\;e7`Bz\ad*\1\\7\\<M9X\\@-0t4\',E\'AR\\\I\C~l\"UaT,%(\Xd\\odx\\#\\\\kj\j?\\0%} \0\0\0\0\0\0\0\0\0\0\0\0\0\0\0\0\0\0\0\0\0\0\0\0\0\0\0\0\0\0\0\0\0\0\0\0\0\0\0\0\0}\\$@\\<ל\l)VEK\\!U_W/\Vqlc\8I-\\\񈬰/vPxKo a|2w8\%i[A&BeR+e5GL@Iib+e\jMo[WRQm:]eTp(\\;\'\\jJ_e\0\\:R|(9ƥ8\\rJI\0\0\0\0\0\0\0vj\dҫ8b5Z{S8\/HcML\\/ã\'>aWSIAgB,[\;,\'\\\;v\A\\*\\\\"\\\@\\\U\rj8\]B3h\/O(\\6DE_,S;[)\/\am\0 \ǃ\\0\0\Zb\\0\0\0\0\0\0\0\0\0\0\0\0\0\0\0\0\0\0\0\0\0\0\0\0\0\0\0\0\0\0\0\0\0\0\0\0\0\0\0\0\0\0rԿ{\0!c\\1\\d(ԛ]0\j_ÏF:Tg\z/.>@#\e5%^\. 2\e=/\:n*/%X\\r-li\~\\n\\>LkHG\n\\+x9JT`\o|D잮B\oJN\"\\|\\ac)\ޝ7\,\'\0\0\0\0\0\0\0k\|QqZ\\\SDU|{7nH+MMR&$ܣ\\#^aYW\宻z]TrUΖˠFX\I\'\\7\cw]\{I\,<\O\I9e,R\:\0\0?\\\fHWpT\0\0\0\0\0\0\0\0\0\0\0\0\0\0\0\0\0\0\0\0\0\0\0\0\0\0\0\0\0\0\0\0\0\0\0\0\0\0\0\0\0\0r\\{\aBǘﰪ\\<rNr\\*E\\,\~AS)KŎ	IMj8A󷽁Rj;\\\\[s(\>\\A_\"d6 I\8@WN(ၰB1\\-\Hѥ)K%:\VZmꜳ\\\\(\\#\\wkh\\חV\\0\0\0\0\0\0\0\g\n\\IԜ\kxIV<\\\92\*)\^c\$#\(;z0BB\\FEat\ .KeiǨK`(9UY\\\"<eV\U\̶a	Sxsh\nJ*\Q\-7\\'\0V\\\W,\\n\\n\0\0\0\0\0\0\0\0\0\0\0\0\0\0\0\0\0\0\0\0\0\0\0\0\0\0\0\0\0\0\0\0\0\0\0\0\0\0\0\0\0_\j\b8\0~$_\Qk}!Rz0\^h#Z\SaYK:wK8}<\r[p0\\yGN\\0Q\,cfl圿R\O-\ۮU\ɥ\\\\̣g#\\9$\Y(⮞!fU\p\n)lm\Uw\%Nꮈ8Cn_\"%}(\0\0\0\0\0\0\0\0\0<\>\?NJ)W\WѢtӇV\\M/Ԩ^Z5?0*\\"e\ZmG,vy\nY\ER4)(QZ9u?ytaT\>mS_Va\Ze\5o\XVke6\@_\\\\01p\0\0\0\0\0\0\0\0\0\0\0\0\0\0\0\0\0\0\0\0\0\0\0\0\0\0\0\0\0\0\0\0\0\0\0\0\0\0\0\0\0c\g\/^\\Dq\\\\"\~Y*FHZ\]|5\1\ZO\\nAm\\\e[meF4+\Is\\mǟ,U(\J+%\*\b\N9\\d	\n/\깩Jٙ\Ֆd/\0yqMם\\_Zi\(Q\_Vȍ\0\0\0\0\0\0\0\0\0y\\\7QsJ\?\#]>Y\nj\KR\p2\4\o(R[YH\rҌZ\\ur^V)\\\yz/K\e	cF2\n\`*I\iLy\*R\[\Q[.D\mg-+H),\\a,\Pvθ$\A\Q\n\B\0\0\0\0\0\0\0\0\0\0\0\0\0\0\0\0\0\0\0\0\0\0\0\0\0\0\0\0\0\0\0\0\0\0\0\0\0\0\0\0\0\09hu;\\9|E/,q6\\\D:1S\{%4b-a\\\\rwN2[/u.\\p\nxVMo\ZFz\ƤA^\F\r\\UQ	lCJ\xֳ\Q\\\\Kt\4\0A2T׹q=\\s^4o\\q\p\FU\)\iy9-_L\[-\0\0\0\0\0\0\0\0\0\:\\\bgNO\\\̗Pu*\ӎ\\\MzR\E+*=\<)RJL.Mf\\i95\ g)o6\Z\\\\\Rcc\DR}\c\'˖\!5b7\\O^\콯\{5­ZãkJ$H̨\0\0\0\0\0\0\0\0\0\0\0\0\0\0\0\0\0\0\0\0\0\0\0\0\0\0\0\0\0\0\0\0\0\0\0\0\0\0\0\0\0\0\ٮ)\0\T\x\\yyI*\J^ED)\\O]v4!Pzw<b\~\\/ռ\;s\m\\y\ۧA%41\^|\(\\4[O\vJ/=Q{\jÌ6eV\]\\n*s\Zh_Y\r#ԁ\0\0\0\0\0\0\0\0\0\0\eW6+\\/\\",y\R\\JM\J3Pui5r/\	+Eb(KFRY{H\g:G<\n\v\\\\z)A6,J^-RKF*ld\mh*5_qk[h,ʥh{\H\\\,\\H1IrKT\0\0\0\0\0\0\0\0\0\0\0\0\0\0\0\0\0\0\0\0\0\0\0\0\0\0\0\0\0\0\0\0\0\0\0\0\0\0\0\0\0\0{MeNB\\:\14ՌiSqV^=\D;1\\`9˗\lʖ1\Z+(\t4\ҼQq\O@Ox@#c\6\Y~\+5\I6\ٽ񂊿5\ pF-p\ԒĪ\\\MFV4K~H=%07IE~p\"K\\0\0\0\0\0\0\0\0\0GjJ\)/\yz\\Ғ^Eڴ\\\\+\@f_i	K\\@3R{\'3S[\]ȼ|̮b\5, /\wyXy\ѹZ\	&UIJ~\\\A6\XQ|Y\0S{50\\\\V\MKk\&jpi\0\0\0\0\0\0\0\0\0\0\0\0\0\0\0\0\0\0\0\0\0\0\0\0\0\0\0\0\0\0\0\0\0\0\0\0\0\0\0\0\0\0YM\\n߈\Jk\޵5y@氱l\\\'\\\r[ %pz\\\8*<=-Ov\H,\\~EqD5ՁY/E;c\5\kZ\ӋL#\\\js\ZRO\Ryd\[\g\\jh}\Zr\\n\0\0\0\0\0\0\0\0\0r^գ\\M%wO\hd\\\\n\rά)4֖\V .W-lOI,d\n}^eE\\\2+,n[Y\\\\ql\"s,\n\\d^E[oA\7\l\\Ǿ\\Ԣ\md\_=\2\0\0\0\0\0\0\0\0\0\0\0\0\0\0\0\0\0\0\0\0\0\0\0\0\0\0\0\0\0\0\0\0\0\0\0\0\0\0\0\0\0\0\0̝\v\ÌcqS2#U\\˛՜\D+wB\r5L\ɾY\n\J^5\\":z{G\QmEp\:FI/\o\pV\\n4\ 9x@Sұ\\\rWh\\U!\	V8+,\\]r\\El;j\\p\A=U\\\r+,H5[ЧFTiӊb$4\ \0\0\0\0\0\0\0\0\0\0\₸\Yż\Z\Jjj\k-\\\y\(XUטD\NM\Ѷu\mt+8\\\hR<*q\\Xp\l\\0\\\5a\Zj)6w )]*\d\\nklk\&=U٦\ÅqֶZ)\0\0\0\0\0\0\0\0\0\0\0\0\0\0\0\0\0\0\0\0\0\0\0\0\0\0\0\0\0\0\0\0\0\0\0\0\0\0\0\0\0\0\0{A\\K\nz\'\DFp5ja5c\QIg\^jk\<(L+\TbOdQ\\`-d,AeV\\\\R6\`\\tA\ZP\R*}Bq>\Gѭ\x,KqQQ\-l\)|LՎZ\0\\n)~W\e\Ϫ\Cq\\\m\趶\-\\aXJ\\0\0\0\0\0\0\0\0\0\0#q**\]P|R>i??\\Ju&mm}\rt\nR*63\'L0BhƝ<$FU\OlQ\M<\*\E\">EeB2\\'nE\*/p*lֳ1WagЂ7\\\n_=S\0S\\\#5\0\0\0\0\0\0\0\0\0\0\0\0\0\0\0\0\0\0\0\0\0\0\0\0\0\0\0\0\0\0\0\0\0\0\0\0\0\0\0\0\0\0\0n\\z,T[\\\Z\&\,h\9\x\\+\r*i\>y\:\\Q5\g$\\Fo;k+ޯ\A\EK~`knx\~O\\rE\\\I+]^ns\`e\\hy2.!;~Smr\	kKФמer=\ބ؉\c<\\8i^i\\>t\˗nT\0\0\0\0\0\0\0\0\0\0%^5%F\\Ѱ\\/?֑wx]	5?ȧT^єckJM\\|2risXn.T`\"w7=\W/\ZfU[ay\Zڜm$\E+\>Ǩ\84Z\pu$\0R\o.Ȩ\0\0\0\0\0\0\0\0\0\0\0\0\0\0\0\0\0\0\0\0\0\0\0\0\0\0\0\0\0\0\0\0\0\0\0\0\0\0\0\0\0\0\0\>\\\*_H\~q\r jrR&\	2{sEr\ 죊4|O\Q\\n\r(\RO|e5.t\7/\Z닭M\\nw-\\X<s\\0]y\|0txuj(E@2\ʵ)$1Y\SdМp\Zb\r\g8D8n8EU74Qz9$rkom\*Q\R\K\0\0\0\0\0\0\0\0\0\0\0\0y\=+^\F뻈5<K\\\\"q9|:/e\n#pi\6\0~lAsY\\4-\v\_P1JR(u\EbU\\\B\\(\\VBWw\\R|\!l[`_	tD\ɥUI\K*\\oK[NҒk\J\Գo-\P\0\0\0\0\0\0\0\0\0\0\0\0\0\0\0\0\0\0\0\0\0\0\0\0\0\0\0\0\0\0\0\0\0\0\0\0\0\0\0\0\0\0\0\Q\\zR˧pN2H,y덯ii\E\Z\nT\	\Z\T$焊wf5%(\^Di\qt{.Q\d\\c\e<7[nƄ~{NKp6\\\\ynQ\ruE \qZ/\\\Ӵ:E\ꥥŏUhN5\\4\0AxW8U\.%\-/\h\ҍh?I$\\J\0\0\0\0\0\0\0\0\0\0\0\0yᒥ\	J\%j\V^b:\+\b^\\\((\x\\\"]象PHʕT^\\[	o\p\"WI\Zk\qnX\`~\;\\\Zwq\HkJs\oȢ\ -rqIr@ml\\\eFz6o\\\Ԍm\\j=N\n8\+I\Zap\0\0\0\0\0\0\0\0\0\0\0\0\0\0\0\0\0\0\0\0\0\0\0\0\0\0\0\0\0\0\0\0\0\0\0\0\0\0\0\0\0\0\0\0r^\i*\xJ\BǛ\p!Ɯ$IovNM\;yE\#&I\\\\"%N\kVXy\-;Ť\\\E\$@JMF\\\,x}@\n~@G\Zpm\ZGyMͨ\\sG\M\\/TAVnֵt\\t(jҭ\À\ssj\$\<.\\cL\0\0\0\0\0\0\0\0\0\0\\9ks()J\\T0\\c\`\qRB\n#Ja\'\Yyw}\n^cS\KB1\\\,*\@\\n~\\\\Z.K\gͮ@L\nQ>8R\\E\rs\٭i%\BO\S#-=|i\0\0\0\0\0\0\0\0\0\0\0\0\0\0\0\0\0\0\0\0\0\0\0\0\0\0\0\0\0\0\0\0\0\0\0\0\0\0\0\0\0\0\0\04]Wdx?*Z\0ԿB,\\.#Y}q\)= S\ڎ_uH=6\Q\4QIow \\\\\\ZjSj=7o\\GR~@l-%\Q\"VU@RUJů\V^Y5{5\q\^a8l]~Īc\\\2vWw?ĕ^{*\{\b\0Ƙ]\P\0\0\0\0\0\0\0\0\0\0\09k\\\:\ZW\<\V\x@@Y+\Z_qm_yvܱj\RU%\Ȥ(\Y\ g]2T\\2ѱ{D\\w$RR\P&\\1X@\'B\\dq$\\\/\}\\\^\-tS\\0\kxzx\ \0\0\0\0\0\0\0\0\0\0\0\0\0\0\0\0\0\0\0\0\0\0\0\0\0\0\0\0\0\0\0\0\0\0\0\0\0\0\0\0\0\0\0\0`\ՅͼU(?#\W\\:qUԗ[Myn\nV\"\XxoFXV\\R\ldp\FE]\+ §)\\Q|\\\oN\r87\3\r\#^6sT\\-t\6\\ZQZGf╅l\z\a\6\M+\^\\^\R\\U\\01 \0\0\0\0\0\0\0\0\0\0\0q\\0\\0\\\;\ѣ)K\rL+L\́L\\\duYO8\\D\vj1*X\H[\-\(ZJ0\Ym%?\2\m\"ۖR{bxw<|\n1\b4\\v\\g]tmN\fr\\\L\0\0\0\0\0\0\0\0\0\0\0\0\0\0\0\0\0\0\0\0\0\0\0\0\0\0\0\0\0\0\0\0\0\0\0\0\0\0\0\0\0\0\0\0\0\]v=\tכo+\\j\ROF\n\9\O\y\\/SK8O#(]Px\\\ᦔ}۔Hr݁\ZwN]6ū\q\Ua\r\\\M\Ta\žT\\n.5xycOc\\m\IuO\\_&\\\0\0\0\0\0\0\0\0\0\0\0r>\{\W?\\\˔\XH+\_ERI<cDhG*)|R\@;\x\\c;z[VJ4r\Zk\\\\;``F[([Ű*\mmΖb\p\O<ٶ\P\\n\\rJ\\0\FacL\0\0\0\0\0\0\0\0\0\0\0\0\0\0\0\0\0\0\0\0\0\0\0\0\0\0\0\0\0\0\0\0\0\0\0\0\0\0\0\0\0\0\0\0\^\\{\:\msF>+\5\\KoԨo\'OW>^^GC2@7m\k;8[&C\9\r4߼\r\Z$\7%\ܪIWC\{NJov\\U([A\23U\;J8Ǉ,\4M9]$3jǳ;?k\m\\|\\'	yO*\0\0\0\0\0\0\0\0\0\0\0#\e\<O׻_%k^]U\O\r[B0Z\:Qi0Ȧ\\Y\"\Alvk@QO,Q-Sϑ~*#\n؃\\M?4[5;lEFe\\*ǥ\}\WWujVy^W\&a\F\0\0\0\0\0\0\0\0\0\0\0\0\0\0\0\0\0\0\0\0\0\0\0\0\0\0\0\0\0\0\0\0\0\0\0\0\0\0\0\0\0\0\0\0\0\}\\\W?vS\'\IcN	{F7\^HS\Kñ\J\\\\l\\MQ榚`r<^\5Zd\K\A\p:?f\\ma\\9^/1oM\&{_v\y%sx:QK2K\\\Mc\\1XKX4 \0\0\0\0\0\0\0\0\0\0\0?\\\`8?Em\0}9p\ws/UKW\kF΍\b; \'SSI$BoӘ\\i&5\BMJ-=\U}\amSM2\MS^\r\\2\"\+Mn-\\b^\"ܴB\\ӥҵ/\iY䓄@\0\0\0\0\0\0\0\0\0\0\0\0\0\0\0\0\0\0\0\0\0\0\0\0\0\0\0\0\0\0\0\0\0\0\0\0\0\0\0\0\0\0\0\0\0p٭\ի=hT?\#X\0\'&\Ѝ,(R\"\1Evs\㞠J`\%\I\w_\\\{\ \/j\"\۸\A\X\)ah\j\W)nRrf\zh߫(\gĽpJ9\yNR_ٌ?fkO``\0\0\0\0\0\0\0\0\0\0\0\0r~\i\+-*r*o3\r\\0gn\\\7H^\0\5\_\"\gK\\MlQ\\Qm6\̨JA{\(\\x\|\"\tA|*J0ӆTbdEZ\\ߛ`]8wk/\Tlm\$Eo;\1akܫV4g%lE(\ErKeP\0\0\0\0\0\0\0\0\0\0\0\0\0\0\0\0\0\0\0\0\0\0\0\0\0\0\0\0\0\0\0\0\0\0\0\0\0\0\0\0\0\0\0\0\0k\\qz^TO\5/ЕyyE\B\\ob[?qBsHߘZN[O MJ	\\{V]\G)Y\O\e[>\\SL\J\x\^\\Og뼾\5(NCd#l\\WkBo\k\Ӧ\0\0\0\0\0\0\0\0\0\0\0\0\Zn\\Gd\>Ү6\\-e\\\\7F\rkQ\\nk+˚v\\\O\ \\nqQx݁cVt\@+B\pxPz\{>e\\>DTM>Atb]ݧUt)F8oFzu!kGM\\h\O?+ \0\0\0\0\0\0\0\0\0\0\0\0\0\0\0\0\0\0\0\0\0\0\0\0\0\0\0\0\0\0\0\0\0\0\0\0\0\0\0\0\0\0\0\0\0\nmkP\npk\0A\\\(UJѦ\'\r^WF5%ϓ[gԢ\s/\\X\\^J-6\WT\y[ldtݏWS[#q{__MIHؚJ<*WO\"p.\RnM|Y\o\ZF4Eܛ\0ur\\\\0\0\0\0\0\0\0\0\0\0\0\0\{MVIӔ_\<9\%\}L+kj\TT|\i{*m\RSy\\Ls.(S\n0R\\^\2\\\B9u\\1hA\o@ՙa^jZe\.1O	\A07+\o\T};\sp\ᴳO\RW\\/+\хd\0\0\0\0\0\0\0\0\0\0\0\0\0\0\0\0\0\0\0\0\0\0\0\0\0\0\0\0\0\0\0\0\0\0\0\0\0\0\0\0\0\0\0\0\0\0\0y\Œ\\\\V]Ԕձ\ZJ)c\Z*+]aI\nF\"\	 2809N#=rMU\v\u$#S\J叙fiw|圳H\%\.i9￳qثGc\Q!\\d\0\0\0\0\0\0\0\0\0\0\0\0Rr^\<;S\\\\iÔ&$H\u64ǻ_x\+k.W\|P.I:YH\0\,.Mi\{`7\K9 4FUYI)\\[\z/-@G\0xbn|\\ٚ\0\\)ҧ?/}\L\0\0\0\0\0\0\0\0\0\0\0\0\0\0\0\0\0\0\0\0\0\0\0\0\0\0\0\0\0\0\0\0\0\0\0\0\0\0\0\0\0\0\0\0\0\0~\6\\᷸J5i:mſ\Hv>SkWeͨL9\\\o\\\5\\J1\^=2A\$V\E\\}wc.o\iwjjZc\\\B4!\\r#\RUjO䈯W{\'|;\\%N|\0\n\'	.\0\0\0\0\0\0\0\0\0\0\0\0)/y6ҋFnov\b4®yTT;d\k[\>O\(Im\\r\\4O!X\ݯ;F+\\@i+mQ3*^B-\\\G@\"\.nF\y<#\_`\\NwH\-L\\L\0\0\0\0\0\0\0\0\0\0\0\0\0\0\0\0\0\0\0\0\0\0\0\0\0\0\0\0\0\0\0\0\0\0\0\0\0\0\0\0\0\0\0\0\0\0~\67ioq\\I\Z5e\(M\\\G\\\rcp!\]qizZ\\W{gb+g\Z_y\\"\hnc5\z\=]=O\j_i\\nkt\39Fh\0\h@\\8\Z\vuV4r\\Տa[Q*bJ#\%\ \0\0\0\0\0\0\0\0\0\0\0\0%_#v\\1x\\VE6vx\\6w-<\\RPX|^9y`Ej|\hɷ&\0B\\Zܐܰ\\lʡ\\\QI\Z;\LDm3qū\\mᝓ\j*.8\kJ\\/-\P\0\0\0\0\0\0\0\0\0\0\0\0\0\0\0\0\0\0\0\0\0\0\0\0\0\0\0\0\0\0\0\0\0\0\0\0\0\0\0\0\0\0\0\0\0\0\0s\lW\w\K_\_rm\Z\M	vUuC\r\ 3Wn4uwT\\o]w^fj٭W;VK-\l|\;J\\[\\)\rQM)K0v\Zam\(\}y\\uR9E\\'}D\0\0\0\0\0\0\0\0\0\0\0\0\0R_u\n\O\i;I;\nI-W\TYYN{~\YO{c\A6\\\YF\ZUVyUo>\07tR^5Q\\\nu@YQ\\0\Mx\TZތr\)(\F\\TaI`\\n\0\0\0\0\0\0\0\0\0\0\0\0\0\0\0\0\0\0\0\0\0\0\0\0\0\0\0\0\0\0\0\0\0\0\0\0\0\0\0\0\0\0\0\0\0\0\0YZkQJk0\\ZL\\\\:\\nN9{\I}5gTr\ܙmbtbן<5|fU#-\G7Zylʯ\\5S5^o\\\r<\\F+j\\'#\e\#(\d\\00\\\zӄS\\}g\\Gi;j3[\e)g_3;׭\V@\0\0\0\0\0\0\0\0\0\0\0\0\nK\p/\X\m \_Zk\$TkC7*0\?\?\\\\\'[\\O}YbQe\\^YquJ\r\^\\Ө\d[@\\\&E*Y\\Oc\\\\\\ZI]V6J/)|^j]{z\\\0\0\0\0\0\0\0\0\0\0\0\0\0\0\0\0\0\0\0\0\0\0\0\0\0\0\0\0\0\0\0\0\0\0\0\0\0\0\0\0\0\0\0\0\0\0\0\0\03{r\_g\E\Q\+b=u-\f5}\\I\\J/>\ʎ\z\i熥\5[\l\XӴ\$ݐm([*峓47R}v\\0 %S\N\TY\\cb=rudEJ݊\ҼĖ(\\8\J\\ӰqWhӎpQ\wh\J\>!)[T\\{\[\r0\0\0\0\0\0\0\0\0\0\0\0\0\0&S\\x{e\pe8guƢ-\\a\M]I4U\;\\\tv\\DN1sN\\'9,H+A[J_woq5kʫno R\%.䀌\\mK{\l^\8sPKE\\i?~O?W\\\0\0\0\0\0\0\0\0\0\0\0\0\0\0\0\0\0\0\0\0\0\0\0\0\0\0\0\0\0\0\0\0\0\0\0\0\0\0\0\0\0\0\0\0\0\0\0\0\0>A\\0)\Xq\tFR\Nڜ<\OW\Wı\J%	g\Z,C\\=O܌\b\{\/Q\n\W4R\^\[j.\曏\n:R\8_uxp|qN\PNIN\M6M\%Wwè\Xp\(\a\\摩\iT\mS5W\V5}\N\~\'\0y#\ƙ\0\0\0\0\0\0\0\0\0\0\0\0\0\0x\ԕh\Zw`_xo&uo\XK\j2\qX/\\Es<c\)Avc)%\2O)\\\I\h\dfh-\Q6Me$\XeɥՁ\{?\P\]\5{w(\'II$XT\0\0\0\0\0\0\0\0\0\0\0\0\0\0\0\0\0\0\0\0\0\0\0\0\0\0\0\0\0\0\0\0\0\0\0\0\0\0\0\0\0\0\0\0\0\0\0\0\0Kڟ\OQM<\0uy]+\W_u/ck\#\Z\1\\zjΚZƤ])q%ظjV$(\jQwQeS\9,D7q)ۙ\u׼ګ^c{	ھsRQ\ZT\#\84q)\\֝}\\1H\\?\Ӕh\Uߦ\r\0\0\0\0\0\0\0\0\0\0\0\0\0\0[ov׊(\'UT^?fgm\#\eUnZF)vKP,\\8kY8qwD\Gm\nU\\hsH\[硚7Z\\؂=Jm&\HI\\P\Im\ᶮSZWZ]\IUԗ\\\zz2\0\0\0\0\0\0\0\0\0\0\0\0\0\0\0\0\0\0\0\0\0\0\0\0\0\0\0\0\0\0\0\0\0\0\0\0\0\0\0\0\0\0\0\0\0\0\0\0\0mZqJt\EJN2OL${D\\[\r8D\\{3Uˆq;^s8/5Ƚ\"-685Ӕ,yȢ\\\Í\Q\\'N\\Su%\\*=;>adW\c\\'\|\"gR{\\A\[\\\=\\ZuiY^I\r\:Ѵ▭	y\\r:3~\9j\ߛ}H>\1X\0\}vTlNS\{/K\0\0\0\0\0\0\0\0\0\0\0\0\0?i.\[\\o\4&{n_N\'o\JrOLg\\\(5Z\{\Ns\\\\P\\Z\\\\\̐(?R\\"X\\\vr:SJ\\X&j-m\%ˡ\x炏\2~\N&\i[\\S\9\'\/\g=V@\0\0\0\0\0\0\0\0\0\0\0\0\0\0\0\0\0\0\0\0\0\0\0\0\0\0\0\0\0\0\0\0\0\0\0\0\0\0\0\0\0\0\0\0\0\0\0\0\0\0|k\\T\eŢ3S޷\W\\\RuZ>qzD{7o}ŨEf\E\0r\\,\6\aFU\\lWWt*J1j\I,\;~*\\\\jO\<\K\Y4f\jm6܉UhBpu%R)KorXpu!-Q^q,\e[*:iq\\\E7USNQR\	?~M#\?\r\y\.9OCm\\}\'=\\L\0\0\0\0\0\0\0\0\0\0\0\0\0>o\ӁǊvZ\tT\\뤕\.[\\!?T\3Bp[u\n\\ޢDrwqNkDWI\iԼEآ*Z`\\\r\X5^Nݖ\+\B\奞GXM8-L[zM\02ysNJ\\ZbɾHS:\\>\vb\(~\kT|d\+\0\0\0\0\0\0\0\0\0\0\0\0\0\0\0\0\0\0\0\0\0\0\0\0\0\0\0\0\0\0\0\0\0\0\0\0\0\0\0\0\0\0\0\0\0\0\0\0\0\0\f	\\+g\Z\.x\+X\o%\[ί\.{\\\6Tk]U+Qt\\\Npi7/7\\>\nt{k\:\\b\\\$\".\[׸{^\uѦN \~oJKD*j\T\1L\){	]ʹQT\:{F2|)/\"h[Z\Kj7B\nU\-a/]ƅm-\T{ʎv\/&\"\$F⦚u\\\\֡R\O[\`}lT;yV{\Yԇxz|\ \0\0\0\0\0\0\0\0\0\0\0\0\0n-.#h:s^`q_!ayN\\6\\:m\'j)\¿\r\&\')Q\V\[\\8jIA*R\Gi(EGգ5:NIzF \hU{\G\_BUBjd\溁n\\'d[}Q[U̩/Ŏ`m\\\vEh;B\nM5%B\+m\%\\0\0\0\0\0\0\0\0\0\0\0\0\0\0\0\0\0\0\0\0\0\0\0\0\0\0\0\0\0\0\0\0\0\0\0\0\0\0\0\0\0\0\0\0\0\0\0\0\0\0\0\\\34\'I\0PG!*q\i\tTvr\^\\qEJ\^j./\+\ԭGĵ\Up%Mmf-\(%ѷ\9\\\+`LZЅM՜\9\cs@cS<Jꢣ9ӓ\\Ĵ\	?\\Zju.\M*\0\	UZIGu\HVڍ\\\Z\x\\\Qa{Xe>\l\N\\\I\;j2bvX_\O^4\\0\0\0\0\0\0\0\0\0\0\0\0\0\0=Z\\%a\iΜ$\\g5\p\\+jt\:sT\aO\YZ^7m[]\\I\o(\Rx{g}o\Sniׇs	\]4,@VU~\m:Tej)=Y\\J}J\Q5,5\\ON\\	ERyYƌ\_[g	z\\\N)\J9Q>ExIѣZ+[Zsy\>\a{.\#I\|\0k2D\0\0\0\0\0\0\0\0\0\0\0\0\0\0\0\0\0\0\0\0\0\0\0\0\0\0\0\0\0\0\0\0\0\0\0\0\0\0\0\0\0\0\0\0\0\0\0\0\0\0\0\0#{H\tWl\\'F\n\\\0X\ŅsQʭRUy[)%\\?VO\n\L\\	-\0\;3JIZ)\\rUs\vr\}~N\J!\FY\U5/teJm\UI\%Ɂ!+џY<c\H6\\>?k\מ\'&댰\"u%+7Q\\%J/v(Խcq\QVߒpp\tYY\0\0\0\0\0\0\0\0\0\0\0\0\0\0\0omkĕ,\\O`\\2F|\ڻ\mxZ\#G\n Q\bܢ\4lfgNKDey}4duJ}\Wษ?G\'\\z\\\0-jow\nT\0q!B])~\KetErJx(\Քt\\ZNqMgi\ۀӗ7A\JNK+*\0\0\0\0\0\0\0\0\0\0\0\0\0\0\0\0\0\0\0\0\0\0\0\0\0\0\0\0\0\0\0\0\0\0\0\0\0\0\0\0\0\0\0\0\0\0\0\0\0\0\0\0\\Ÿ\TPuEjg\r\ݬ%\\+\t_\w\T\RyJQ\\'\m\rftڌ\ʓ<\F6jp\\kb;\T\ҔZ\o\\\q\Z\V\\}\J[<7=vÈN\*\p\ԗk鹷xhv\ݦ6\\MSqF\\t*OT\5ṾorM\\\\;%u(J3\k\F))oَ\p>\ѝ>éZ),\rɶ鐍\\0\0\0\0\0\0\0\0\0\0\0\0\0\0\0>	E\F\Wo+\gA4\E\}$\\w\t)\\\8j\\y\O\\rݭ\\ҭ*yy\oVǇїY;\%\Ȩ\^ms%o:J)\t/\o\nZ<\59?\\nvE\\)>XY\\\r\nIVq-U(w{5\h¬i\4\N.X\\Z8\\g\T*q^\ԃ\\\\p\ì+kztBO\0\0\0\0\0\0\0\0\0\0\0\0\0\0\0\0\0\0\0\0\0\0\0\0\0\0\0\0\0\0\0\0\0\0\0\0\0\0\0\0\0\0\0\0\0\0\0\0\0\0\0\0\0\0\0ay \0\0\0\0\0\0\0\0\0\0\0\0\0\0\0\0\0\0\0\0\0\0|\ۧg\x\f.U/xm¸8,\PI.\<\s)\;JE*\'\n/{kMM\XNެ\5O\fw6NMP\Nu{\%\I?\]\Ԛ\\\O\.*M\5Q *\S7L\f\eZƬR*n\_.*	\L\FrO\\\K\WGJQCMc\]g__\\ֵ\vr\UWL(\>yB%z\0\0\0\0\0\0\0\0\0\0\0\0\0\0\0\0\0\0\0\0\0\0\0\0\0\0\0\0\0\0\0\0\0\0\0\0\0\0\0\0\0\0\0\0\0\0\0\0\0\0\0\0\0\0\0\0\0\0\0\0\0\0\0\0\0\0\0\0\0\0\0\0\0\0\0\0\0\0\4$L|i\r1?¾@4\W\\n\y \0\0\0\0\0\0\0\0\0\0\0\0\0\0\0\0\0\0\0\0\0\0\0\0\0\0\0\0\0\0\0\0\0\0\0\0\0\0\0\0\0\0\0\0\0\0\0\0\0\0\0\0\0\0\0\0\0\0\0\0\0\0\0\0\0\0\0\0\0\0\0\0\0\0\0\0\0\0\0\0\0\0\0\0\0\0\0\0\0\0\0\0\0\0\0\0\0\0\0\0\0\0\0\0\0\0\0\0\0\0\0\0\0\0\0\0\0\0\0\0\0\0\0\0\0\0\0\0\0\0\0\0\0\0\0\0\0\0\0\0\0\0\0\0\0\0\0\0\0\0\0\0\0\0\0\0\0\0\0\0\0\0\0\0\0\0\0\0\0\0\0\0\0\0\0\0\0\0\0\0\0\0\0\0\0\0\0\0\0\0\0\0\0\0\0\0\0\0\0\0\0\0\0\','1.png','image/png',NULL,NULL,'褲子',32,2),(3,3,'潮外套','坎寧安說，wiki的構想來自他自己在1980年代晚期利用蘋果電腦HyperCard程式作出的一個小功能。HyperCard類似名片整理程式，可用來紀錄人物與相關事物。HyperCard管理許多稱為「卡片」的資料，每張卡片上都可劃分欄位、加上圖片、有樣式的文字或按鈕等等，而且這些內容都可在查閱卡片的同時修改編輯。HyperCard類似於後來的網頁，但是缺乏一些重要特徵。','這件外套是最棒的',299,_binary '\\\0JFIF\0\0\0\0\0\0\\0\0			\n\n\n\n\n\n	\n\n\n\n\n\n\n\n\n\n\n\n\n\n\n\n\n\n\n\n\n\n\n\n\n\n\n\n\n\n\n\n\n\n\n\n\n\n\n\n\n\n\n\n\n\n\n\n\n\n\n\n\n\n\\0Z\"\0\\06\0\0\0\0\0\0\0\0\0\0\0\0\0	\n\0\0\0\0\0\0\0\0\0\0\0\0\\0\0\0\0\0\\0\0\0\0\0\0\0\0\0\0\0\0\0\0\0\0\0\0\0\0\0\0\0\0\0\0\0\0\0\0\0\0\0\0\0\0\0\0\0\0\0\0\0\0\0\0\0\0\0\0\0\0\0\0\0#*wы<\\\G~u>\\9\kv=\0\0\0\0\0\0\0\0\0\0&7uC\~f7\\\m{\\H\\\w#\n\v=짽$W\\ۏ\+\A\\ϴ\\0\0\0\0\0\0\0\탋=mݣ\\p\\j\Z\\<=Xoz\<\\Wa|6\#O\gpϲsEQF\\\Jt\\\k<\w\\_=t\0\0\0\0\0枕S{\\\ZȾ\\Mϝף~\,\\'b\\Q,Öp \\\\Տd1\SR\\~yM\}[\Z5jJÛ%\3\^>-\\\\0\0\0\Net몾\'\\b6SJ\lVl[\\\\Qۖ \\yg\\\2q?[\6c\yd\%\۾u3&\U.\\\\\\\Kq/ݨywzV|\0\0\0\0\\W\/[?\ҝɡ欝2\\j\\\\n\m㾳^Вc<<}\\\/4mrL?\:u%\\\&;غQ\\\)c\Y\0+.K=\Tq+}\0\0\0\|>r\\\#Dk\*b짪7\\\SyHnkG\.B\o)0~Wjf\\_(Ky?]\\;;[!\'8o\hر\ic>\\;\r\0\0\0\0u	Կ4x?S0F\\\\l3 \\NAqL\Sk\\\L1\E6UUq\0?`fgH\\Qa\r9\ҍmٮq\\IbU.\\0k}zV\\0\0\r:^p\f\\'(\US\e\F\9\'u5Ͽu\N!>v>|o|k\\=\\C6E_\\cY#\Z\\g\ՀdI\0\o\S(c\%^\vz\0\0\0\\1Ǿ=G\05,cM\j\\I|_}rF7\z\\\\U1j&o߸\\\/\Z2\\y\n\-\l\{9o\\%c~wNH\\#\^ɸ3b\ZR)F\\wٟ\:\\0\0\s\u\n>A}\\q׃=C{VA\seq;mSH<ʉd,ǉ>}F%\uWmz^\Dǜ\\Iƹ/\\n\r5bь%^\9KU\\\b\|(濍xp\0\0<?\gAf_45|Or*N\S~QOI!TY\f8\|Q\GNQ\"\\\۝\\\!ǹ\\\\e/{\\\\c\6ƦeH#\\ҿi\&e\\\0\07\\\f\Ө/T5|\Ă)*Ilw8\'4\\BVIcx\[\e.g}ib\\\\\?NY3\>Y\ފ\R(	>a|mydZ)\3\\\"ৠ\0\/xP\t;K\+\6\\CrN}iZ:+\*6\\\]_(qW,\Z\vk&I\.\!z餚C&N\tO*iL\2U{9F\7\"m\Zy\0\0|y\\g\\\\\\\\\e,\>\f㢻}[\\\\9\\\y?\\Й7I}\͢r\v\K\;[eE\\\'!blMzj6\;93\#Ǘ\&\C<\0<\S)\\Gh/w܅2D{=\0Ӣ\SM|5n\\\,<3\|Q\ِ\"7vGY̑\}L\ֻ{!\\5e\S8.Pį^7Z)\\a\=6\\0\0u\ӏ_.<d8\%پ[2[O1fV\Ū\\Scsc׫kQdMk\YՎ\dp(~\\\)w)VG\<{~\\pׯ\Ǳm绗޼<zj\0\0q˷o$\xL\'b\CO\],b\\ɻ(D\'WF)\'%xz~di<2xkl,\7$5x\e\\\'.ۇi\R^v\\o][}Jy`\05\\ϓ\N\%/\zMmQ\\\l:\ۧ\ݦ\f1w\0e3\>\-٥_AC2><h\g\0˜lT\}飳\\ϹoBB\i\n\0\ߢN5C\\^C\\v\\d<\-ԪV\\_-\+d{K]]\\\F\\\\RM\۫-:\\}1u\\\y_m:=*ꪌz\\ݒ\\\0\0\0\A׊\gݷFk\n߷Q,$0eV\\\P\ܪkNN }_~T\p\`\k\tF\\\\w\\-\۹Y9\pcoE%o֗Nw/2\\0\0\0yM\\늃]c$8\nt[\Tg_\\#Sk}\\~Q>\>.ݔ\\?Z;\\9\\o\U.,]\V4en\;w\9Է.\0\0\0\0\\0\0\0\0\0\0\0\0\0\0\0\0\0\0\0\0\0\0\0\0\0\0\0\0\0\0\0\0\0\0\0\0\0\0\0\0\0\0\0\0\0\0\0\0\0\0\0\0\0\0\0\0\0\0\0\0\0\0\0\0\0\0\0\0\0\0\0\0\0\0\0\0\0\0\0\0\0\0\0\0\0\0\0\0\0\0\0\0\0\0\0\0\0\0\0\0\0\0\0\0\0\0\0\0\0\0\0\0\0\0\0\0\\0^\0\0	\0\0\0\0!12A\"Qa#03Bq$Rbr\4@C%STcsu\ 57DPUVdet\&6E\\0\0?\0\\JJ4R*\(Pg\<H/i(\_h[\w\\~b܂Z\n3.V\0\?\\\W\\\0O\\j̧\\W)?\\euOE\+3SEAqxPaA\,!hq$\FFW#.?\=!\*FR]\奘\֣irk\e\u	\Sp#(p\y?\8n3\\v\0`꓋rz\H\rWs8Kj\M겷\~\VK,I<t\X\'q:NUP\\\Fn\H\^kɪj64\JGyV>tF\ԉ9#0ϞR,7&WnQ+%\\"\Uܣ@#Qk\Zr7\Zy\8\v%]\4]ZCt\\X\\\\:^~}]\ZB:~\V\u[}E\kÔ\\\A\\JUϟR~eB[<:뫹\\\\+V#-\"Y\)CR(*\ܔy\Z\\ugTyiLF\^	\3;\\ДmIԅvE\r\TF%\\Z/\\̂\a2RZ\\ăpҏrĔܒ\\\^B\\71t툿\\1w\PS\9FI|\\!~h0CDށ=_\S	\lW_RGRcq\l]]9Mt\cN_\O\+IX\X=%\mq\\\	MBO7~UFUӘ\6bT))\0\\\>l\\H\Gk\=<G\T5M\T\Zp\RPz]vҾI\Zm5M\ek%fA\}m\+#.z\\\%֜\2\\c WiyW]\_m\XY\F5s\MthPyuZqe\\9\lj\\Z	\3\rPI\0U\\\}e5ϣ:\n\\\̟\+K\?|=\Nu+\癶G\\&\\k\Z33\\8SDwِ\\\\>\k\HFw\"M\\J+k\"Vd)\KS\B1l\k\I\.\\.\\ZV#\lf1qd\oq\\ZI&.RqQo\I6Þ}\򀃹xR\Lo[;\J\i>\!^TGBqfU:ZKǷ\~MB\\Z+:=SjTw6-l\>\\\皎ҟ}\BWRy\rm,ܠhLi\g\'}GĉJyffR\H\$\\ \9c<ɑ\~I\\B*%\fBQ%\ē۴:F\A\u\l*\>\\y	\[0|\\¹|}\gt=\,!dit5+\lȥ\QOa\z\Z\\rKmy-ҾJb\euŒR|\-t-5\'\Ymn\'\\\\&H\ϥBxd\\bؔj ù\nFDjN\\xU\I\Ri\\\&>mm8O\\W.ҸS6Bq[,i\*UulͶG\RЅ\ȇIf$\6\\|TåԮU:Ȫ\JYDjҚE\}e\\"\fdf\\pۨ%6\G\r{W\B\291dz5}bcB\yfE\߲M(%l0\Vn\[\@aA|~5|@\J\m^\.1\s\\²ZKt\}Pq4IHp\Xo\:A6u)q\u,#\\h<\Ja3Ϩ\6wQyOƈx0\*k\\0GBdEÒ昫Ij\6K9\\s\\}\\9TU\nBWÏ(fI/5|\$`t4\'>kW/P\F Qx{(q3Q\0\yω\nIS1P{\\Bt\]\"T	\OR3Bp׺͟C\_Y\J\W?P\nK\"ĵ\\ZH\3/e\^aۊa8)\\\nY.!\\*\,	\v\ZG_\<%\3/=e[\@t(\j¼\	\\K5;ؑV^)F\#lmd\,X\t\\:s\5іS6-Mgdܓ\r(\ꮍ7Ϻ\5a\\9r#\.I\7if\|D\DH\A9+v\׉5$\n\t\\gU\\Z\rhS4D\\?\\iu]*+ˏy\2ҝp씕\ƝU?.\2p\\bK/XG\\Z6h[p\\$\G\!p9+͇\h\B\\ۊy\Z ℣EE!Q\$-7#+\)4ހ\\7y\Gۇ\\yԻ\0ר8~6P4\&]\\\<\8\'0Mw֯(\Y#Ψq\Z\o\^\5*\7{\#ymgվ\\Z@e5%>u~^<0\H3*\\\Hh\\;\A\\wr\X+tH\\l\n\^NkJ\\!\\iu8-;\^1_?X\/n5\n\\&\-)f G\ع	^p@#h~(>yEV\\bO1\FFoRj\,\\ɒ\w+#K\r=	b\dԑyDlixe$Ğ[\nS#\|3\a{N\Y=Dt9\vb\Nn󉿪\L\'5QM\u]v\(h\ӎ\yB[a\np\\"5x\E\X8 \<ىwB\{<nR\\h3\*)2$S\\\eBּXxu\U\؋\/-\eiP\\n.m\]\0\\Zy:$zI\\E\\v(6rz\~O?x^]p\\{\J	̇#+\lpl̖FA b\"<7Ϗpi)(2̋gx%S$t+G\\1FD?F%hF\\?\	Kh<\\\+\j\Pi!,\5tfΧe\\UZ\cqW\}F+N\\2fJ)v+1\0,\\	I>\IQ\R+Hm%\չ\oHF\0S\K]&FH\cO`z\uGګ{\\%jڜ9J\H\\n\7;\-9\lJ?\\0\ĔT>kin0\+SͮJ\~\"\{^#`lOA\\Ѩ\J\\Z,\2ן\I\\\)b\dG\\Þ\\)`V[ŖIϼjZ\"\}\ZK\ZZs\#yC٘\ڳu\\'V9;)X	%\D\\4\%sΤ\\:v$Z\##ƃu\\\߫q6\Qbm]s\0\id\aÞpE\\rl8	!͢\"r~++]^\)]\}\ȔjE\r\\0\=3xA\\r\\{\\nEr˃&B6|\;GiW\0@ˬW\/h\[T\FYE<\)5?ZT#\r\$퐂Pۧ6J1J\q\)\ÿ\+>;LT\\BXL8\.$4lXs\\`\$AYsM\(+/]^\\";\\\\]d-uX!8#=\9X+pK\w{6a\0>El\\\"\eE\Ό\0P\-ul\AK\?r:)%є\K*)z)ڴ9\`e\'n\\9D\0S\\b_\\Z\\\%մ\hb\IB\";YB\\\Z=۵f\\)\\L>\\.cxG\8t\Uu\\no_\\-q_86WxaܐD#n{\ow+4V|\4\nVI\';\\\\^\&\2W##\"\#\SWJ\nNŶ\95\ʕ\q8&R\\ryNS\\-%?\#Q+5KMu-i8\*\g@I2_j]l\qQ[g7	lHE񐣤\\BAYa9\Y	CGcU\)eԕq\B)cF\"\!%\\B8V\!ox$nV|S!LC^\Gl\\=Ohm*\\nK@Ppb.>\hrc\'N\ѫhiJ)\O5Ph\Xܯ\OVY\ȯ2\<ᫍ5h_\\>,JƿtE4\Gb\\i\\\\'l)&y\m\2u\2\X)\\EJxv		\\;	Ec\r`(\0x?q{.33\\%\[<7LMF9	IzY\'=\rPbĪix\|\/tKg2CĴp3\0	3Rq(\\)H<h<ә\r\"\\r	=/\'\M\l\\m\0xyY	G\N\(f]\|I \(^4\nQÚ(\\\[#w܂\·DktB{?LN\\\\nj~W6\ZS*J`\$\l}Y}\%YĢ\(?\$[\!\ЭpF\R\\\¿ce\'p CzXO\G\n\\|\\~^\\3 \u\\\7j\؟\n~Ij$ \|\n\\'\e\R\\Q!,\\\/\释\\3\8H#x1=V\1J;ȷp\1v:\V蓼\"6^\\vvbW)\\,E\I\\\zd+ؓ\\\%msv2\eVPyK033za\)__O\ǿk/\|\+tI\1|	\6\\~7>@F\r:IZpsػ}KY:&V\\Vl0\\5|]_H(L+\9Y\\(\b6h;h\\\<f-JGm\B0^\1\Hyy?\\;\oI:6^\)\dtmWՕ}\Rj\\&\\Q\Z{\]\m \v\A\*:\\"w\($ĂC\\&G%%\\n*oF\\Ua5\vN\<P\\hgΐqv[mgK\\9-\qY\\\M\Z\%\	\W \Ke]qS3y\\D^rðw \^\)\nsr\dý=\%\,Vg{\	n%e\@\Qf\\pT\w\\0\\\\"\\wŏ0zBj\ZnjW<F\\ofbRg\9\6\#΍E\\j\I\\yK,ӫ%\T\Z(:P{`s|ûG\˰Ĕ(V^XPw!\(M,\c\\nQ\r_\0\T3?_\'hI\\"a[\\]ANj5<U\\\M\Q\,~	\\8w]ƦOx\0ҍ<\ǰ>q&\ 0\ct,B94Ĝ\~[\0ChA\rxh?XuQV\g\yg3C`\ \\\)\(qg|\rNu]6h\3\0\0OT*\\!\n	;\\)\y\܀FXM>?\B1Y!~L+$\\ya1H]c(݁\'}a腆Cl!6g߈H\.D¤A.s\\?4\/\M\3ڡ6\E+%9\\(\gGpk\di3Jb@MP]\~H++%\7YU\\T8^_!	]a~VЀя\m (H\\/ȂM\d\rAs\$DFXje8\l\(=^%&\l\狴T#\\\PS&9l˰SG[r ~\+,<؅\"\n$!%<J eD]/iT%\FCIA\iY\'I\!\cQ-\ܠ\d\^\0[<(\\ZdєџI\a0\\r9b\S\\3y}\#\L?0au\\"\\\U\\QQco|\<\m\\d\%\XRCI\;\&\\\r||Ӯ\Z%\0t`y{\)\Ze,OY%&18\1W\0n\_(GW\T_8#7+`C/+\AjŘf>\\rb\B\'\\n߶Dw\Zxcyz\MXRE,]knAjZ\\,x9;\Tt\\^_g֤C\r{3]VHҞ\芍ERUŃ\\J\[n.#$s\C?5G\[Fڱo\GĂ(<Y\n\<1g\\4:\`\MSX\uE\1ҝ=|RAJp^\\\V!!I\oڛ\n9h\\,ҤwL\\9nH*=2\r\\W\\ݸ\`Hp	[F\\XSՁ=8h\0\ae\\\Ej\5{\g`t\7\:a1Ҟ.m\$%yF\sI\5|95	\0/\R>\ef;Q\	\iJK\Ǐ\NevAf@\D+\i.B>qSn\c?nV @#\\	|I\wIp JS.BqDR\\"u=\l\\0 J\?\b!n?6K\K]\f[|\eƝE\?i\O\{E8>~\\\џt\\\\1\\zzX)8\,\24\U\\)ðR\{\ \_ \B\OJ\r\|ل$\p\Bv\	<\K,owJ$\0Fw%\	,\\͉\'s2 v\7ek؇HG\!&\\\cj\p\x\0\'ʢs5e\\\L,]\Y[N~\HZ\ć6dA\\B Fv\5`,\w 9\¢χx\rN\9\Qn\2W\\'\6\\\/Ǵ\Zm\Q\ \6\\\{N%}b\X9mu\{bPi\lJf$\Z;\Øڔ\i\\}Զ\Q\Sb&=(+,^\=gKt^vTu +l4$<\(\/\ZIeu\\z!s\rH7ճ=\25\E͛Xv\Du31&Y()ԑo\A\n\\nZ~PR>#\#3#yą\f\\\r_1\Z\35mQ\0\\v[ZT\V\\\nM^GZ\RH\F}[\r6\zƮqiU|a{R^G\RtV,\x?&^+\^.#NJ\\`G=\r)\\)=U9\\'<+\Cc!^Fc\n\R[Ǽ?s)H6\XF\.\UĨT\$6|h%\/6>\0\d\1WxHb\H\.^\0	\<X\I\|CH\\E֕\nm5\rw\\r\XOI\Cs1?\3\M\\,ƀP\\\\nћi)\ 4K\\Wh\'\\\=AHM\\%\\r\0\)\vɺG6`\ab+#\\oXjE\:gf,M.K\{{G\C\	\@\"\Z\\'jiѥ/\\Xk\V/Ԧ+p\\\5\\=\<\%\nb\iRw\"s\&M7O{Ca($\:)dͨ*[:Im+ZW\Tz\:DW\DM\n\Z\\N\()F.~{x%}`\ҪR5>T7\ZN#\朂90\G\b:E\\I.b_j#T_^D4ok\'\\^\\6RVԎ\2VF̔%_(\g#:%\'M4d.\^BG#Z\40\#}*?s柑\\ZQI>.9 \\/HY\0\O\\\\nWO#=Z\5%*K\uW-#\0\䃬6\)}\\_p\\\'&Н/cJ\6<Gģ34\\\\<XdR}3!\\\H#=#\\5(\0\6\lR}r:\\'AI\w?\0	\qoi5$|4\~Ki,cDUzI7NY4Ēǈd4홊*W`\\i\\lDFrm\FP:Z{`r3F\\n\\H\O\')\R\%DN\\J\e\0O\\0,\0\0\0\0\0\0!1AQaq0@\\P \\0\0?!\0\\4ȿz[%\\Z\X>h\A_\SC\r/(\\*\\rlɌ\6Z\\\r\\0\fWH|qLIc\]W57\jYqE?\nX\\\h\;\#K\0\\F\Ci\d[+\UL\b*\1J#ɞ!ǒe/ސB*\vQ5\y˴n+$\\0	\r3@b\b\!.\\\\\0\\qϐc\\rp\"9dAߛd*=blc\\e\;@}\r)dj%\3\\ߟ\̅8\'3\XYnԥ&\	r\nK\\&K,9\7(\\0\xs\\\(5`pV_\\Zّp\VT\Z\=C\e\k\\\<L\Ə_CkE|_!]\W;Pk\@O_55qy\\`\rM\r|\|&癰g\ EK;v\^\#U-o\\&\0?\\@KGn\ղ[ \<o}n˫?\\x&b\\?\=GM\e߶\<t,a0\\aX\nQU3a\\U\qWF\Z6\v@uh~\\ĶPvv\6_b8$\\\V\QV>\\\/b\:PnOEp%\!Lfd 0d\9k\\\:1T\I|>ɤYҌz譟Im\	)}W1YU\ooiE\(\\a3\\UBZv	\gO\\\D\֏#k%\ e\\\A_l3Q1\ҷ\\n\\\Q()z	\+d_%j6\%Ý4;0\\J;EXT<E^/HKlI\*\\Da\0/T\_\:f8\\\\ډl\OKKiZ\\\jW.\\\	v\#Zz;\\t-\zLP\\\Z\7\na! \1Q\=fd\\G\\t2\2@\\tƬe\߼}*\0\@=ei	i.\\Jj)}w\:{ћ\\\\\\W৿\g-`\nǯ\%/\\\!C\2tA\`\0\O\V>R\0v\32)\,pLm\nD\Բ`]\\wG\\8\\\*U \\\!V&[\":)*G8,^dx\_\gS4\@kw^\0n\"\;`\%\\"j{iWE\kq`_\к`s\I`uo8ګRcyr)xu\ggX\0\b(\ϟ̈́ث蔷OB\n.J׼0>K\\'(\r\!E~\\\\F\\m@\c\\}D)YZ\Fۂi\n՞\5.\_\n2\//\\~\C\T6fGf0\:+טMG!\_n\\r\\r\\,G\\\F\\\X\֝\\|(P\0@\H3gXYT\Z~\~\.\\n\nA\]\\n$:K_\\'\Y\(\Y\"\Ftۂ\\\Z\\5@adtf\\^rϤ9\ZP} \0D6\"n;z\0	\Nc\\\\\\nk2\ճV\l\R$-7o \\\sTENCBը\rݽxzk$\4e2f^\,\h4s\U~\_%W3fG\fG\&\d<\@X=7V8Oix\q\\$~\\l-G\WVG \\+j\e\1Q\kAQ$?\\r[p\\0&t\\釣\=I\Ь\ȯdG\8龿\"(\\0Je@A\\\.u1 \\\n\-}\\c@M1c\"fx\\\\\o\\Mg\N<</\\UCʳe;AQ\zD,\PI(~\kG?\?|*B\6\\j`\"nG*2\LFb\JT[\P0k>\8Iԟw\a̤\yiNso\E/qFU\\r@#e$,\rXT??J_&\c%<\as\e\a.:\YcWbnb	p\\2K @9G\Hw^J\y\\s)Vl{\Q\ձi\Kt\k|\\UV\`i\dwO\\ADL\Z\Tk-t\3FeN\}5\r\+z]KFb:y[ѱܹq}b\\	~I&O\a}e~;>\MÓ4C\\\0N\\\\x\c+\\MLWRn?L_S\3L\1^ \0Qrn%a\T7-\'>\\\dKț:nҴ$\QiBb\0+:\hl#.\SG	\K\N,D\\8\\ㆮh\\j\wȎ<\J]\\2,X1dʋ`ɇCXg\\{\kG4\\&\10{za\\\\9ޗ\[K\\\2L	\mY0\'A\^EWq\F\\%\ď}1\%\\ܡD\Zk\\koHU)\?tE\XԵ,\\\\ޘp\Zef|ѻ\|Aq\\_1\\O2K%\Am\U@sP\;$[G@e̖\g\F\\;\J\Z,V\&*\\"*yd y>_\e\\M\]P߲=X\0\"\OC-*b\/\ne\\\0\l\dp:	D~M~?)?\e?rmԫxL\\OZVcIw$̩OBt-;vg\-y\xg\\`\"AO3I1T\\Zj2)\\4+\\iGU\Ga\\uޙIxj:@w\\./	\alFA\\ne%(R>#xf=3\	|qSf-n\n?r*ĩhOG\'؟\+\\\Q\\ZK牅R\?\e~Z\\[sb;e\:\4j_\\~ڰ\\2{\Ǫ|&7q\x\Vm\Z\\Qw&\:q2\rfsMFw*\\Q\@f`JVy~g7\\6ј\\X\r\&PIc4-_0v66#0\1SǠM\1^@\[t	\4\UwSy i)\\?^\أ\'sϠ*)\\Z&튠\QJ\\0V6`\;\rl\+\\\Y\~b\d=\Q\?\51\\\Z~g\\ldT$\q>ǫ|\4XZ\r$k\ң\ʝkL+ҙz~\\5\˩ٔ>&PϱEVCE!\2\\DX\\Fq\G\`ڈ\Y#Y\<˥A\yj\rՈ\e\\ÜN^\r0\w5\\9[s]L\\\;\_dw\TP{DTg3pN\\\Riqb	;ҁJ&wl\'\"\ةJ\1\\nEwe\ф\\҉\v\\H=sj\0\*\2@\\\-u-uJ+\;A\P\W\4^\gV\z160\r\\"\0\'hYh\\\p:ѫT\\r\-{0\пoԣ:Pltϼ2a\L\\00v\Y{ĸQJæ?\0q-Zo2\Z\\"-\<Dk\kcB٘{2?^4\<?aG\ Ve\XUvϩXmq\\1O,݈\\\|0\7\.\JݣS/V`#\\a\Rs<Jd3Wٛ\0\Lr\\N\~f\]1\		\\ȣM\"W8\\/M\yu)Ƒ}\C\a?p\?7^\Q2m|@Zrs\\#\72s0\\b\\r-G$\Vϒh\\'\<s̈\"\^\/>e\MіE.\9\\\\أC@Pn)@&(Nyj03rac΋K\|~6g\US[ffeFp7$G\<щ|Q\GQVh\\@U\\\^^%]hWo@֥\"q\@\28\ErOikl!	\ߴM{b\i\rr\\$đ+V]Z\|\\a\0\nw/hD$![$\\\I`:B5\Zـ0\ԈJE\/$rP\\_L	@֥%J8U<\\Dq\rwD(\EdmŞP&_:\3\\_\\\k\s:\2خ\\'ݟ\!xE\\Op4CV%@\}`W\"\ro\01\w\{GO˛`0o\j1\ZEhe\\\rG\\0Y]GS\0ļ65J~u?5\\0+\0\0\0\0!1AQaq0\@\P\\0\0?\0˓1	BF`\<Ug&\0\\P\0\ra1n\k\h Ks\\\nv\b̵-H+\\"\"a\0\\Z;$\IZ\C]P͇%s\0\\L\Zn\"6\)HKi\R_A\\"lL\0`\0ڰ\0\B\\\Z۴\Z6\mc \0T\\ҷ,\:JI!ʆu4\S3+{qW\\#m\"jRj\03[a7UҏP)SV<ٍ՛ceËmq\0\<\\\\_\%$q\GT֍Ϙ\XkVYq\"2\r亨娤=\'/TZn-;#VyBzF0]8Qx\Զ\U U\3:H!IIp?|]\p*\n풀,U-\\\k\>\"\\W\0\*P8\>*\֠|֠\0)*	R;|\B\\rx]v\4\9nLlg\B\\9\\fe\n%T\rN\(⛄YإL\c\\8Z\\5\\\ux1m7WbU\\q\\l8\\\\ZL\<b\s|\\=\\Z#oej\r*@,%`5f\F\Hr\0-t\\yn\\ޡ%Wf#ӗK\5jxA\Wmw\b<Gbֲ\"ppzemad\Z\~G%e|撏BWn\+V\\\\U8lRPuQS\\\he`	IJ	\+ф\\*\\gJh(hP\1`Di\0ND\n\0]n\T\Æ\W\s\kտ1W{n[{/Q1ChK\U\\Z5\\\,,ޠr\En^:	-8\\F\\<7.IXdZ\c0\Z`8v\\\7\vc\2+\\K\WRdG\\0\kLWJ\s]Bː\3%Y\(& \0\=\"?\\\"9A\0\b):LS/f¨w<\l)\)\0!0˛\g0\$kު\r\AZ,iq9P3uu\\z\\ZH\83p\D]K0\-${:1TijT\!\r\pk5i[M.D\A\\\\%\\dP\Ы&DI8dd\\r\sֹ\0]\p\/\'%DʀFһ\yӆ  QQu\\{#\\E/y\\l^2@\Uֳ\4j<x$\0{g!5Jʻ\T\B \_L`ˉ\	jn\/%Cl\)u\0]+rFnR	M{\\y؈\YwÏ/P/\SՔ\Yý\\\(h\#	fH\CEuzYJmk\k-,Efw54\\L\v\"<£\,t(Wk\\r\\0x\\x\ZNp,<\c^ަ \鍌QKp)\0\P}*l+U\<\]\.\8h\u7*\0|p\B}\q3A\n\l`q+\Yk\\ZF\:T)\<b*}MQ뛶/p\@B$%Qu#gE>7\z$\\\;\\"ٜ\<zY\nQ%vḅCu\08hxQy\CQ\\\	\퐏W\i\	7Tz\N\_I\&\XSF%c\n\L`PUKw\"\dLuBڼw\ZT\r/>g\\ZJQKsL\\\\e\U0/oA%,QS$\\\ҵ}NE\0l[N|K@nRl\,]s=\?LhiOR^V\\(Dĉ\k5\nxq)F]% =׀.Q\\V\'\	@b=ڛ;\Q#\	tL*\\\\\b\"\.\0D\^ D\.\JM|(@\'\`\\(qDq/\0\~e<`q68*M%8\O$\\CLfFt\\\sa0f1# j\*h\"oK@^\\\!A@!K|\b\\ \LL\%݁/->O_\0&\Y\\b5\\m+\ #Oaxs\476psM^D\nE\0ދZң\Z\ɭ\)\nn\00\rSۀ\0m\Zl\ul\]\\>%\`\rQ\k\Z&X;vuJz/3R2Գ\04\\"\!\r\Ǣk_\[C\VZ4\u)R1\n`EPF.\d\-\K=D\f\|A\\\\4\+<yͷL֠,Hf\r;\r?\YqqSok\8X*m7\0U\q\hj\⍹p\R*[\+\\\\'2W\r\Gn!f\0\<oLG\x\I]^S\T.9\S\\\s\[\\sDGi~\0Z\`Qp\m|\qBvu\kt\\fPx\-܆H_pC\N\\	M\\ɦV\LSA\\r{qE\r\$+h\:\\./k\^e)Ha/]AH\\j \AfD\n7{Cc)nc\\'By\P!$;OO8	DVwe\SMb64伸eh\Zy?,\0\RZ﶐\&{r(u(.\\\\цu-ֱ#ytWB}\\\E{Kr:\BJ\P\ZfV\H8s7jg\F\\\=۫\cK\FNs\v\0S2J\f\\"N	K\0\\f\X#_.5A?cNj7m\\ Q\f	^\s4*W [Yq/0\r*rD%wW:.\\VF\\0ojԁ0\`\<)\hP\+[g\!XAk\\\\\G}\\b\}};as\0\\rל+2\A\<cX\V= \\\Π: \{{\P+D .Ts|\;\,\r\X@\p0\qLJXvm\n>QS)Bbs\0;B\>:\wv8p7ed\J.jɫ1|9\e^&,v9>m\H(N슢۰X}0*o1a+pm2^:,\Q8\<ZK/.#\r@hl\\\\rTP[\\LS\2gYj\2=PX8\Զw\/\\HB\\K@\͎mJQ@\R\\\0\h\D\n2=D!&/k\NUpȞ[\n\0sP,N#&\k]\e\\\1(f\cё[bb\T5\yP\\r\n;0?܌8ff7	j\$͔\ xy\a b\\\\'\D<)`D\~n\rpe\,G\l\=s*=\\\KZr\"\"y|{$;[;#Y(b\̵\rb\PL(\`\D\g\x~Gf\ӌndz\k>嘑\g+\n\\QNC\K\\\0b\0p0\x\\jI\=HSr~dZ`W<KE]78w؏9\n\W=\\Q\7\n\0z\.N\"Q\\\'b\n\0\?(2AJWf\n\0>%%^>1\\nvf1\ Ҹ\nqɄ\\Ʒ9o\Z\EQ-\\X\\\\"\\]\QzKy\!.?؎\\\0,\\\D4Vvʂ]\\\wt\\ߺ.\D\1\D\ZܭL\"fr␳->P\Z4,\^\n\\b[\0*\\ƞF\'Ҫ)ѱx\b\\\ʽ\6WV2KPv ]2\cW}ƶ\Zk1	Nߴ5r%Z \Tk\;ZG|DP\\,0\01K\TF\+W\C\u>-ɲ\{p<N7\a\aRB\UhUmTL\rsTb\\Zrh\")]\#nzk8J\n}\}~bH?1]n&)f,:k\'WW^e{\yA\\\\_5-z\0`rc\0V\7#[X *f\GgorM\/,\vϣW\0c\o[\]C^a629R\|X\{\Q2\lWq#vMV=aaFPYyڟ\\*\bC\L\x^N%[\0\\;GPpL\4`8\\\э\3IvO&`Rx#Vs(\UJ\&\\\p(W;\ʖ7re\,Xx̋!H\-j\\\]m\w\0.A\ucFY<\\ޥ\\\ I@cp\Um\75Hߔt\rv\\@3d)ŜB\Z\ڶ\\\PoT>W]K}\C\\	dܮs\>c\\YKܦEKlӃ\w\nϬJ\"j\G\4se\\0%kـ\ZxXSFCj\\Z^e\Ҍs4B\q\ɲ%W\\02:&z0j]ecOkA^D\\)E071\r\\&H#@۫\\\/9nU}\}Y\Z5vGT\rb\\!T\\yDy\)͝VcY-W?$\r(53\k1@jt%v\\Z9\\I9B\\Kk\AwL	eʉit\.\\n`rFy7-\\]էqԡ\\iG\=\dZ\op&zS\gX@-e[\0#y\ w-po\2tFge/\n(\\\\"u0L{&\z{bo\\E/?4\'1U\EҦ\\0g(ڽL(jz.kk\% \\Z*y\z̴]\r\\Ֆ笿\'\\\\\T\[QW_\aÞR\\jt5\\\G\\$\\crx&Yñ\\1i\SSm\0~a\Zb\Kڲ\k\c.c\e\h&i&t7E<\Nj\"T`\\Nv\ۗ.\42T\\FJXJL=ɱ\NCah\*N\f\\\㘔0TE\K!w|MN^D\0q)\R\\FCG>`޳%gKߙ{\^h)49fST;ǡh0s6\\YUx)ϲ}?.V\\uqxpr቙c\r\'9!T\.G\7yn;XB*	#eQfbp\y\-\\>6\o\>c\8AaG\'\0\)c+\e\CS׿iG\6v9\.\"_c{\\=>\t\䩥~#Z0O/H\\6j\"\{%v\r[ס\Q~іj\\nTyx^йG\\jI\WGf\np\Z7l\\@GD\nHo\\\\VW\.CtLKT\y.m\u*h@g]y\Bq8 @!^Y,.\TV-`QG\rġ	b\\FӀ\&?cӈAw)G\\0X:\V΍\ \u\\U|@*y\:[q({Mg$\_2jӌ\47mY\\Ze\\\Gԅ&O\\\00M\5\\\\\QE00K\'\;\*ը#\[X\1\K\>~Q#\Z?\T\ԌP鬕6\0V#X\>\"v5\$/tN0.k>*k#^\\0\\r\EF\7B.\ZZ<\\\\X)o@4u.6q\\*L\B\d\嫂-2-\\3*t= 9\6H*\j\z\0@)\ebl\}#Q\ mw\U`\n\"yfdp\\L+EN5\&\*\*A^]v\01!\\N\AZI-s$`\\\\\ J\'}8\hD5bcd^!S9KF\\eK.+nXuq\0+~	\\F\{}<\7Fz\ox\cU``ֆ\.Ya\\'A%b{ˑv\\Z{1iG,Hն\r_D\T\03c\n\>GXM\0qU^ItWymXc\V#\Zf\~w\)^rqЦ\mW\n&\)ʠ\"\\W.\nP\~\"`R(@U\r\kƞeph`\%\&\A\S@xjHI<ZJ}\\5vVޱk\/@M\\rtx_m\*\">\"\0o\%\\in-\S\6ea-u\ ڢf\\\Sc\bH]S(J\nFr\Sf\\x<c\r˴_\s~Բō- 0eyJ%0d\r\ٙ^!P<\\4UR\|fH\<	W\+mEC8~P\\\5/e\BV܋Lj]Ea\%+k+\_mmb\,3ă>!`\nc\\0NcZ1.1BUn7\5>z5@3W\𷃩žH8>RP ެ\ORa\at%XQ!\Sj\\\ZA\oPQ*\=\\̸cB압\qr \%\\n	!+\r/}^\(h\\\\Rm\1i\\/\aмi>sh\\\H\\\0\C\$\0q$(I;\nZY{l3\\[\/K=ԩaL/,b\\\0VVR\1qZn\\\  \0h>5&jsM_5\^ǡ^\>d:K\}\EKd(3E`\4KHN@\\N\X߿2\e:Z+9h8PQ\";\\ѹhQe:X4\rmU+\nQ;%45dNSev\6CL.\n`\u\nÕl_\|$VQAhKQe8\xO	E\\z<|ŝ[eY]j؁E\A\N:5\\07\0\0\0\0\0\0\0!1A \"2Qaq#30B\$@C`p\\0?\0\0eh\ՠ\'6\\r\IZ\o\\Z\rB\u2a\g( \\K\\\`ˑ\;7Qc\\0\f6Z6\n7\0\\\Z`R7nݔ\\~V\0cD\r\\0ΏRc\'Ա\qD\@Am)\S\Bi0Н0AK\Q2\?ɑ\k<\\X\HC^(pwJ\!\\ \,<Byӌ\n\0\d\o%\\ur*w\\V\\<i*@mh\1R3+CO\\\\9B\0	ֱ/\-*aO#\F}\8\v\)F\ٷ\8\@- 6S3_\\,\aY\02 бBdG\\R\\n(sc\n4\\9\\j\F\<\\b\\I	\Ae\X-p=\\b0\Vg,BLJ\\"Sh\D\)Y\585#	!5Ǚ\J2\\RpS026\0loX5)\3l/\\'^\\0!@E\\OeB5N6%֍k~CCOvH9\0*kl\\SHYa@FYX~Pz\,?G\E\bѐ2|\0N\0wI\">\SEⲖ/\K,\Zr~\~ˋ,>\'I\c\\,V7u(\")\vz|Ǹz}\\b\#V>\\'xH\\Z\+3y`z;\\,\v\4?\cbVAZTЭowY\'T\S)fmI\Tq+y\0<ʌȲ|bx\ns?\0\)e\nS\\'gc\Ė)|1Ntމ\6Nݦ;,*BCco\\\'P+$\r)̄2cj*a\K\'v\\\08\F\pz!\MptZ\AO6PIlଋ2d@\\nrKB(jX)i\Mx\b\0\9Ȧ\o!\l@l2<1\-<{(\\Ch\ f4xB|gE+\'\;=k*xqpNՎ+\G\-I\b\\ti̔Zq4g\8z`\OJE4kKB\ WgXGn\U\\\"\G\O,BD\xV<&n=cϛU\	\\0暲]x\<80JN)ѱe\ji\\n&\)wf\Oc9!\h\2ȧoT\Ck1][\Z<\f)糄\2\t\\G\!<@\{)<_7߂+HPN2=S&\A 9)3\\`n!\u׻P\:I4+)|_\"H*w6\FR\\QǊdiد\N\?)\mW\K\dJ\"(J\Wi\|1\\ԥ\\qF\\\0,\0\0\0\0\0\0\0!12A \"0B#Qq3@`ap\\0?\0\0NN\0St\N%%)\'e1\\S\\Q#T\'$;FMLYyBi)tCӯH^W\\.\PE\_N6\jW4N5IЦZ\"iGMN|gcmZ?\Li~\]$\'\j\.\\^Ҍz\\H\]I~d4-=; 76̎&˸hI\ؔ\\!}l\\I\J=ϦX\ۖ\~\\*1rٕ+#\4\Bzv;\юݙ\D	wsrQ\nx2\TAT\\.\\&\[U\/5?b&D{?`ᙻ\r\V٥\9$\;C̗\\\qM\*ndSRR\FF5\H[\\\VOq\\KɍTIjD\&Ec\D\pGoԷԑF\#%v(\\\Td\!\UɓZd<9#{D\\DRRɫ\KX\<\u\"_(\-{YE|R \\\n\hq]m\dw%c;T\\-\\\z0WhM^BW\Zbf;j\WD\N6I(2NDx\\qV.I\X\\Z0<ԓ\5V\"J )2wdnmdBS\"\'LJĈ]\\Ir%D M{F&JI==R&j\/uu/푵W\Ȯ$a\ѕi$.>H#\ QiEpF\X\QKd,I\"BTf\\LJMxk\\6()\Z1ץ\\0 \','3.png','image/png',NULL,NULL,'外套',632,1);
/*!40000 ALTER TABLE `product` ENABLE KEYS */;
UNLOCK TABLES;

--
-- Table structure for table `shipping_method`
--

DROP TABLE IF EXISTS `shipping_method`;
/*!40101 SET @saved_cs_client     = @@character_set_client */;
/*!50503 SET character_set_client = utf8mb4 */;
CREATE TABLE `shipping_method` (
  `id` int NOT NULL AUTO_INCREMENT,
  `name` varchar(32) CHARACTER SET utf8mb4 COLLATE utf8mb4_0900_ai_ci DEFAULT NULL,
  PRIMARY KEY (`id`)
) ENGINE=InnoDB AUTO_INCREMENT=5 DEFAULT CHARSET=utf8mb4 COLLATE=utf8mb4_0900_ai_ci;
/*!40101 SET character_set_client = @saved_cs_client */;

--
-- Dumping data for table `shipping_method`
--

LOCK TABLES `shipping_method` WRITE;
/*!40000 ALTER TABLE `shipping_method` DISABLE KEYS */;
INSERT INTO `shipping_method` VALUES (1,'宅配'),(2,'宅配到付'),(3,'超商取貨'),(4,'超商取付');
/*!40000 ALTER TABLE `shipping_method` ENABLE KEYS */;
UNLOCK TABLES;

--
-- Table structure for table `size`
--

DROP TABLE IF EXISTS `size`;
/*!40101 SET @saved_cs_client     = @@character_set_client */;
/*!50503 SET character_set_client = utf8mb4 */;
CREATE TABLE `size` (
  `id` int NOT NULL AUTO_INCREMENT,
  `size_name` varchar(16) CHARACTER SET utf8mb4 COLLATE utf8mb4_0900_ai_ci DEFAULT NULL,
  PRIMARY KEY (`id`)
) ENGINE=InnoDB AUTO_INCREMENT=5 DEFAULT CHARSET=utf8mb4 COLLATE=utf8mb4_0900_ai_ci;
/*!40101 SET character_set_client = @saved_cs_client */;

--
-- Dumping data for table `size`
--

LOCK TABLES `size` WRITE;
/*!40000 ALTER TABLE `size` DISABLE KEYS */;
INSERT INTO `size` VALUES (1,'S'),(2,'M'),(3,'L'),(4,'XL');
/*!40000 ALTER TABLE `size` ENABLE KEYS */;
UNLOCK TABLES;

--
-- Table structure for table `used_cart`
--

DROP TABLE IF EXISTS `used_cart`;
/*!40101 SET @saved_cs_client     = @@character_set_client */;
/*!50503 SET character_set_client = utf8mb4 */;
CREATE TABLE `used_cart` (
  `id` int NOT NULL AUTO_INCREMENT,
  `createTime` datetime(6) DEFAULT NULL,
  `memberId` int DEFAULT NULL,
  `status` tinyint DEFAULT NULL,
  PRIMARY KEY (`id`)
) ENGINE=InnoDB AUTO_INCREMENT=69 DEFAULT CHARSET=utf8mb4 COLLATE=utf8mb4_0900_ai_ci;
/*!40101 SET character_set_client = @saved_cs_client */;

--
-- Dumping data for table `used_cart`
--

LOCK TABLES `used_cart` WRITE;
/*!40000 ALTER TABLE `used_cart` DISABLE KEYS */;
INSERT INTO `used_cart` VALUES (29,'2022-10-04 17:31:45.465000',1,0),(30,'2022-10-04 17:51:46.008000',4,0),(32,'2022-10-05 11:56:47.710000',4,0),(33,'2022-10-05 14:31:58.152000',4,0),(39,'2022-10-06 00:46:25.804000',4,0),(40,'2022-10-06 01:14:25.898000',4,0),(48,'2022-10-06 22:44:25.451000',4,0),(49,'2022-10-08 17:02:09.393000',4,0),(50,'2022-10-09 16:22:38.337000',NULL,1),(51,'2022-10-09 23:15:10.097000',NULL,1),(52,'2022-10-09 23:17:10.408000',NULL,1),(53,'2022-10-09 23:22:03.831000',NULL,1),(54,'2022-10-09 23:27:43.109000',NULL,1),(55,'2022-10-09 23:28:14.269000',NULL,1),(56,'2022-10-10 00:13:22.214000',NULL,1),(57,'2022-10-10 00:27:48.074000',4,0),(58,'2022-10-11 01:04:46.813000',NULL,1),(59,'2022-10-11 01:20:51.516000',4,0),(60,'2022-10-11 09:30:36.504000',4,0),(61,'2022-10-11 10:30:09.777000',4,0),(62,'2022-10-11 14:46:20.864000',4,1),(63,'2022-10-11 17:29:16.221000',7,1),(64,'2022-10-11 18:01:59.554000',8,0),(65,'2022-10-11 18:25:57.186000',8,0),(66,'2022-10-11 21:35:19.589000',8,1),(67,'2022-10-12 13:25:07.375000',9,0),(68,'2022-10-12 17:42:55.677000',9,0);
/*!40000 ALTER TABLE `used_cart` ENABLE KEYS */;
UNLOCK TABLES;

--
-- Table structure for table `used_cartdetail`
--

DROP TABLE IF EXISTS `used_cartdetail`;
/*!40101 SET @saved_cs_client     = @@character_set_client */;
/*!50503 SET character_set_client = utf8mb4 */;
CREATE TABLE `used_cartdetail` (
  `id` int NOT NULL AUTO_INCREMENT,
  `cartId` int DEFAULT NULL,
  `createTime` datetime(6) DEFAULT NULL,
  `productId` int DEFAULT NULL,
  `productQty` int DEFAULT NULL,
  PRIMARY KEY (`id`)
) ENGINE=InnoDB AUTO_INCREMENT=169 DEFAULT CHARSET=utf8mb4 COLLATE=utf8mb4_0900_ai_ci;
/*!40101 SET character_set_client = @saved_cs_client */;

--
-- Dumping data for table `used_cartdetail`
--

LOCK TABLES `used_cartdetail` WRITE;
/*!40000 ALTER TABLE `used_cartdetail` DISABLE KEYS */;
INSERT INTO `used_cartdetail` VALUES (88,29,'2022-10-04 17:32:37.914000',3,1),(90,29,'2022-10-04 17:48:26.770000',7,1),(91,30,'2022-10-04 17:51:46.015000',4,1),(92,30,'2022-10-04 17:51:51.225000',5,1),(94,32,'2022-10-05 11:56:47.751000',5,1),(95,32,'2022-10-05 11:56:57.963000',6,1),(127,33,'2022-10-05 22:10:02.077000',2,1),(128,39,'2022-10-06 00:47:39.348000',4,1),(129,39,'2022-10-06 00:48:07.074000',5,1),(134,40,'2022-10-06 22:17:10.014000',6,1),(135,48,'2022-10-06 22:44:29.241000',2,1),(137,48,'2022-10-06 22:45:17.271000',4,1),(144,49,'2022-10-10 00:14:26.085000',1,1),(145,49,'2022-10-10 00:14:28.584000',2,1),(152,57,'2022-10-10 20:57:44.254000',1,1),(153,59,'2022-10-11 01:21:00.070000',2,1),(156,59,'2022-10-11 01:21:17.550000',3,1),(157,60,'2022-10-11 09:30:57.049000',2,1),(158,60,'2022-10-11 09:31:00.278000',3,1),(159,61,'2022-10-11 14:23:29.469000',3,1),(160,61,'2022-10-11 14:23:33.633000',4,1),(161,64,'2022-10-11 18:01:59.653000',1,1),(162,64,'2022-10-11 18:03:15.643000',2,1),(163,65,'2022-10-11 21:21:19.922000',2,1),(164,65,'2022-10-11 21:21:25.159000',4,1),(165,67,'2022-10-12 13:25:07.384000',2,1),(167,67,'2022-10-12 13:25:39.278000',3,1),(168,68,'2022-10-12 17:43:05.063000',6,1);
/*!40000 ALTER TABLE `used_cartdetail` ENABLE KEYS */;
UNLOCK TABLES;

--
-- Temporary view structure for view `used_cartdetail_view`
--

DROP TABLE IF EXISTS `used_cartdetail_view`;
/*!50001 DROP VIEW IF EXISTS `used_cartdetail_view`*/;
SET @saved_cs_client     = @@character_set_client;
/*!50503 SET character_set_client = utf8mb4 */;
/*!50001 CREATE VIEW `used_cartdetail_view` AS SELECT 
 1 AS `id`,
 1 AS `cartId`,
 1 AS `productId`,
 1 AS `productQty`,
 1 AS `name`,
 1 AS `price`,
 1 AS `cover`*/;
SET character_set_client = @saved_cs_client;

--
-- Table structure for table `used_category`
--

DROP TABLE IF EXISTS `used_category`;
/*!40101 SET @saved_cs_client     = @@character_set_client */;
/*!50503 SET character_set_client = utf8mb4 */;
CREATE TABLE `used_category` (
  `id` int NOT NULL AUTO_INCREMENT,
  `createTime` datetime(6) DEFAULT NULL,
  `name` varchar(255) DEFAULT NULL,
  `parentId` int DEFAULT NULL,
  PRIMARY KEY (`id`)
) ENGINE=InnoDB AUTO_INCREMENT=10 DEFAULT CHARSET=utf8mb4 COLLATE=utf8mb4_0900_ai_ci;
/*!40101 SET character_set_client = @saved_cs_client */;

--
-- Dumping data for table `used_category`
--

LOCK TABLES `used_category` WRITE;
/*!40000 ALTER TABLE `used_category` DISABLE KEYS */;
INSERT INTO `used_category` VALUES (1,'2022-09-23 18:53:43.000000','上衣',NULL),(2,'2022-09-23 18:53:43.000000','下著',NULL),(3,'2022-09-23 18:53:43.000000','配件',NULL),(4,'2022-09-23 18:53:43.000000','T恤',1),(5,'2022-09-23 18:53:43.000000','襯衫',1),(6,'2022-09-23 18:53:43.000000','褲子',2),(7,'2022-09-23 18:53:43.000000','裙子',2),(8,'2022-09-23 18:53:43.000000','帽子',3),(9,'2022-09-23 18:53:43.000000','耳環',3);
/*!40000 ALTER TABLE `used_category` ENABLE KEYS */;
UNLOCK TABLES;

--
-- Table structure for table `used_chat`
--

DROP TABLE IF EXISTS `used_chat`;
/*!40101 SET @saved_cs_client     = @@character_set_client */;
/*!50503 SET character_set_client = utf8mb4 */;
CREATE TABLE `used_chat` (
  `id` int NOT NULL AUTO_INCREMENT,
  `content` varchar(255) DEFAULT NULL,
  `createTime` datetime(6) DEFAULT NULL,
  `fromId` int DEFAULT NULL,
  `toId` int DEFAULT NULL,
  PRIMARY KEY (`id`)
) ENGINE=InnoDB DEFAULT CHARSET=utf8mb4 COLLATE=utf8mb4_0900_ai_ci;
/*!40101 SET character_set_client = @saved_cs_client */;

--
-- Dumping data for table `used_chat`
--

LOCK TABLES `used_chat` WRITE;
/*!40000 ALTER TABLE `used_chat` DISABLE KEYS */;
/*!40000 ALTER TABLE `used_chat` ENABLE KEYS */;
UNLOCK TABLES;

--
-- Table structure for table `used_collect`
--

DROP TABLE IF EXISTS `used_collect`;
/*!40101 SET @saved_cs_client     = @@character_set_client */;
/*!50503 SET character_set_client = utf8mb4 */;
CREATE TABLE `used_collect` (
  `id` int NOT NULL AUTO_INCREMENT,
  `createTime` datetime(6) DEFAULT NULL,
  `memberId` int DEFAULT NULL,
  `productId` int DEFAULT NULL,
  PRIMARY KEY (`id`)
) ENGINE=InnoDB AUTO_INCREMENT=22 DEFAULT CHARSET=utf8mb4 COLLATE=utf8mb4_0900_ai_ci;
/*!40101 SET character_set_client = @saved_cs_client */;

--
-- Dumping data for table `used_collect`
--

LOCK TABLES `used_collect` WRITE;
/*!40000 ALTER TABLE `used_collect` DISABLE KEYS */;
INSERT INTO `used_collect` VALUES (5,'2022-10-04 17:32:12.887000',1,5),(6,'2022-10-04 17:55:42.780000',4,5),(7,'2022-10-04 17:55:46.107000',4,6),(8,'2022-10-04 18:06:50.495000',2,2),(11,'2022-10-08 17:18:26.558000',4,1),(20,'2022-10-12 13:24:39.925000',9,1);
/*!40000 ALTER TABLE `used_collect` ENABLE KEYS */;
UNLOCK TABLES;

--
-- Temporary view structure for view `used_collect_view`
--

DROP TABLE IF EXISTS `used_collect_view`;
/*!50001 DROP VIEW IF EXISTS `used_collect_view`*/;
SET @saved_cs_client     = @@character_set_client;
/*!50503 SET character_set_client = utf8mb4 */;
/*!50001 CREATE VIEW `used_collect_view` AS SELECT 
 1 AS `id`,
 1 AS `memberId`,
 1 AS `productId`,
 1 AS `name`,
 1 AS `price`,
 1 AS `cover`,
 1 AS `status`*/;
SET character_set_client = @saved_cs_client;

--
-- Table structure for table `used_order`
--

DROP TABLE IF EXISTS `used_order`;
/*!40101 SET @saved_cs_client     = @@character_set_client */;
/*!50503 SET character_set_client = utf8mb4 */;
CREATE TABLE `used_order` (
  `id` int NOT NULL AUTO_INCREMENT,
  `createTime` datetime(6) DEFAULT NULL,
  `memberId` int DEFAULT NULL,
  `shippingFee` int DEFAULT NULL,
  `totalPrice` int DEFAULT NULL,
  `email` varchar(100) CHARACTER SET utf8mb3 COLLATE utf8_general_ci DEFAULT NULL,
  `address` varchar(100) CHARACTER SET utf8mb3 COLLATE utf8_general_ci DEFAULT NULL,
  `phone` varchar(100) CHARACTER SET utf8mb3 COLLATE utf8_general_ci DEFAULT NULL,
  PRIMARY KEY (`id`)
) ENGINE=InnoDB AUTO_INCREMENT=66 DEFAULT CHARSET=utf8mb4 COLLATE=utf8mb4_0900_ai_ci;
/*!40101 SET character_set_client = @saved_cs_client */;

--
-- Dumping data for table `used_order`
--

LOCK TABLES `used_order` WRITE;
/*!40000 ALTER TABLE `used_order` DISABLE KEYS */;
INSERT INTO `used_order` VALUES (45,'2022-10-04 17:50:46.879000',1,60,610,'tarokun@gmail.com','台北市大安區忠孝東路三段1號','0956781264'),(46,'2022-10-04 17:53:40.240000',4,60,460,'white164@gmail.com','台南市中西區樹林街二段33號','0965852221'),(47,'2022-10-05 11:57:48.311000',4,60,325,'white164@gmail.com','台南市中西區樹林街二段33號','0965852221'),(48,'2022-10-06 00:46:07.037000',4,60,210,'white164@gmail.com','台南市中西區樹林街二段33號','0965852221'),(49,'2022-10-06 00:48:32.144000',4,60,460,'white164@gmail.com','台南市中西區樹林街二段33號','0965852221'),(55,'2022-10-06 22:40:58.434000',4,60,215,'white164@gmail.com','台南市中西區樹林街二段33號','0965852221'),(56,'2022-10-06 22:45:45.422000',4,60,500,'white164@gmail.com','台南市中西區樹林街二段33號','0965852221'),(57,'2022-10-10 00:15:15.490000',4,60,299,'white164@gmail.com','台南市中西區樹林街二段33號','0965852221'),(58,'2022-10-11 01:19:53.741000',4,60,149,'white164@gmail.com','台南市中西區樹林街二段33號','0965852221'),(59,'2022-10-11 01:21:30.854000',4,60,460,'white164@gmail.com','台南市中西區樹林街二段33號','0965852221'),(60,'2022-10-11 09:36:57.931000',4,60,460,'white164@gmail.com','台南市中西區樹林街二段33號','0965852221'),(61,'2022-10-11 14:23:52.794000',4,60,600,'white164@gmail.com','台南市中西區樹林街二段33號','0965852221'),(62,'2022-10-11 18:16:55.665000',8,60,299,'bbb@gmail.com','台南市中西區樹林街二段33號','0988888888'),(63,'2022-10-11 21:21:51.218000',8,60,500,'white164@gmail.com','台南市中西區樹林街二段33號','0937088775'),(64,'2022-10-12 13:26:08.551000',9,60,460,'wendy@gmail.com','台北市大安區忠孝東路三段1號','0937088775'),(65,'2022-10-12 18:04:07.938000',9,60,215,'wendy@gmail.com','台北市大安區忠孝東路三段1號','0937088775');
/*!40000 ALTER TABLE `used_order` ENABLE KEYS */;
UNLOCK TABLES;

--
-- Table structure for table `used_orderdetail`
--

DROP TABLE IF EXISTS `used_orderdetail`;
/*!40101 SET @saved_cs_client     = @@character_set_client */;
/*!50503 SET character_set_client = utf8mb4 */;
CREATE TABLE `used_orderdetail` (
  `id` int NOT NULL AUTO_INCREMENT,
  `createTime` datetime(6) DEFAULT NULL,
  `orderId` int DEFAULT NULL,
  `productId` int DEFAULT NULL,
  `productQty` int DEFAULT NULL,
  PRIMARY KEY (`id`)
) ENGINE=InnoDB AUTO_INCREMENT=84 DEFAULT CHARSET=utf8mb4 COLLATE=utf8mb4_0900_ai_ci;
/*!40101 SET character_set_client = @saved_cs_client */;

--
-- Dumping data for table `used_orderdetail`
--

LOCK TABLES `used_orderdetail` WRITE;
/*!40000 ALTER TABLE `used_orderdetail` DISABLE KEYS */;
INSERT INTO `used_orderdetail` VALUES (56,'2022-10-04 17:50:46.958000',45,3,1),(57,'2022-10-04 17:50:46.960000',45,7,1),(58,'2022-10-04 17:53:40.346000',46,4,1),(59,'2022-10-04 17:53:40.349000',46,5,1),(60,'2022-10-05 11:57:48.319000',47,5,1),(61,'2022-10-05 11:57:48.321000',47,6,1),(62,'2022-10-06 00:46:07.138000',48,2,1),(63,'2022-10-06 00:48:32.158000',49,4,1),(64,'2022-10-06 00:48:32.159000',49,5,1),(65,'2022-10-06 22:40:58.471000',55,6,1),(66,'2022-10-06 22:45:45.432000',56,2,1),(67,'2022-10-06 22:45:45.435000',56,4,1),(68,'2022-10-10 00:15:15.499000',57,1,1),(69,'2022-10-10 00:15:15.500000',57,2,1),(70,'2022-10-11 01:19:53.775000',58,1,1),(71,'2022-10-11 01:21:30.863000',59,2,1),(72,'2022-10-11 01:21:30.864000',59,3,1),(73,'2022-10-11 09:36:57.942000',60,2,1),(74,'2022-10-11 09:36:57.944000',60,3,1),(75,'2022-10-11 14:23:52.805000',61,3,1),(76,'2022-10-11 14:23:52.806000',61,4,1),(77,'2022-10-11 18:16:55.709000',62,1,1),(78,'2022-10-11 18:16:55.710000',62,2,1),(79,'2022-10-11 21:21:51.231000',63,2,1),(80,'2022-10-11 21:21:51.232000',63,4,1),(81,'2022-10-12 13:26:08.563000',64,2,1),(82,'2022-10-12 13:26:08.565000',64,3,1),(83,'2022-10-12 18:04:07.947000',65,6,1);
/*!40000 ALTER TABLE `used_orderdetail` ENABLE KEYS */;
UNLOCK TABLES;

--
-- Temporary view structure for view `used_orderdetail_view`
--

DROP TABLE IF EXISTS `used_orderdetail_view`;
/*!50001 DROP VIEW IF EXISTS `used_orderdetail_view`*/;
SET @saved_cs_client     = @@character_set_client;
/*!50503 SET character_set_client = utf8mb4 */;
/*!50001 CREATE VIEW `used_orderdetail_view` AS SELECT 
 1 AS `id`,
 1 AS `orderId`,
 1 AS `productId`,
 1 AS `productQty`,
 1 AS `name`,
 1 AS `price`,
 1 AS `cover`*/;
SET character_set_client = @saved_cs_client;

--
-- Table structure for table `used_product`
--

DROP TABLE IF EXISTS `used_product`;
/*!40101 SET @saved_cs_client     = @@character_set_client */;
/*!50503 SET character_set_client = utf8mb4 */;
CREATE TABLE `used_product` (
  `id` int NOT NULL AUTO_INCREMENT,
  `createTime` datetime NOT NULL,
  `name` varchar(100) NOT NULL,
  `price` int NOT NULL,
  `content` varchar(200) CHARACTER SET utf8mb3 COLLATE utf8_general_ci NOT NULL,
  `memberId` int NOT NULL,
  `categoryId` int NOT NULL,
  `cover` varchar(200) CHARACTER SET utf8mb3 COLLATE utf8_general_ci NOT NULL,
  `status` varchar(100) CHARACTER SET utf8mb3 COLLATE utf8_general_ci NOT NULL,
  PRIMARY KEY (`id`)
) ENGINE=InnoDB AUTO_INCREMENT=21 DEFAULT CHARSET=utf8mb4 COLLATE=utf8mb4_0900_ai_ci;
/*!40101 SET character_set_client = @saved_cs_client */;

--
-- Dumping data for table `used_product`
--

LOCK TABLES `used_product` WRITE;
/*!40000 ALTER TABLE `used_product` DISABLE KEYS */;
INSERT INTO `used_product` VALUES (1,'2022-09-30 01:04:56','淺灰圓領T恤',89,'無污漬，商品狀況良好',1,4,'https://i.imgur.com/sXhnA1T.jpeg','published'),(2,'2022-09-30 23:33:32','金色燙字白帽',150,'潮好看 還很新喔',4,8,'https://i.imgur.com/ln3B1Ea.jpeg','published'),(3,'2022-10-03 21:38:23','淺咖長袖襯衫',250,'多口袋 商品完整 鈕扣沒有鬆落',4,5,'https://i.imgur.com/StBvjcC.jpeg','published'),(4,'2022-10-03 23:12:06','抽繩寬版短褲',290,'純白無污漬 透氣涼爽',1,6,'https://i.imgur.com/fe1zl33.jpeg','published'),(5,'2022-10-03 23:22:35','黑色花個性T',110,'圖案完整 好看 舒適',2,4,'https://i.imgur.com/1LOWVIz.jpeg','published'),(6,'2022-10-03 23:27:09','黑色圓領T恤',155,'簡約個性的圖案 很百搭',2,4,'https://i.imgur.com/w1ZCjHv.jpeg','published'),(7,'2022-10-03 23:30:26','棕色長袖襯衫',200,'連帽襯衫 可以當薄外套 也可單穿',3,5,'https://i.imgur.com/Qbjh9VZ.jpeg','published');
/*!40000 ALTER TABLE `used_product` ENABLE KEYS */;
UNLOCK TABLES;

--
-- Temporary view structure for view `used_product_view`
--

DROP TABLE IF EXISTS `used_product_view`;
/*!50001 DROP VIEW IF EXISTS `used_product_view`*/;
SET @saved_cs_client     = @@character_set_client;
/*!50503 SET character_set_client = utf8mb4 */;
/*!50001 CREATE VIEW `used_product_view` AS SELECT 
 1 AS `id`,
 1 AS `createTime`,
 1 AS `name`,
 1 AS `price`,
 1 AS `content`,
 1 AS `memberId`,
 1 AS `categoryId`,
 1 AS `cover`,
 1 AS `status`,
 1 AS `categoryName`,
 1 AS `parentId`*/;
SET character_set_client = @saved_cs_client;

--
-- Table structure for table `wear_share`
--

DROP TABLE IF EXISTS `wear_share`;
/*!40101 SET @saved_cs_client     = @@character_set_client */;
/*!50503 SET character_set_client = utf8mb4 */;
CREATE TABLE `wear_share` (
  `id` int unsigned NOT NULL AUTO_INCREMENT,
  `prod_id` int unsigned NOT NULL,
  `member_photo` blob NOT NULL,
  `member_id` int unsigned NOT NULL,
  PRIMARY KEY (`id`)
) ENGINE=InnoDB DEFAULT CHARSET=utf8mb4 COLLATE=utf8mb4_0900_ai_ci;
/*!40101 SET character_set_client = @saved_cs_client */;

--
-- Dumping data for table `wear_share`
--

LOCK TABLES `wear_share` WRITE;
/*!40000 ALTER TABLE `wear_share` DISABLE KEYS */;
/*!40000 ALTER TABLE `wear_share` ENABLE KEYS */;
UNLOCK TABLES;

--
-- Final view structure for view `cart_detail_view`
--

/*!50001 DROP VIEW IF EXISTS `cart_detail_view`*/;
/*!50001 SET @saved_cs_client          = @@character_set_client */;
/*!50001 SET @saved_cs_results         = @@character_set_results */;
/*!50001 SET @saved_col_connection     = @@collation_connection */;
/*!50001 SET character_set_client      = utf8mb3 */;
/*!50001 SET character_set_results     = utf8mb3 */;
/*!50001 SET collation_connection      = utf8_general_ci */;
/*!50001 CREATE ALGORITHM=UNDEFINED */
/*!50013 DEFINER=`root`@`localhost` SQL SECURITY DEFINER */
/*!50001 VIEW `cart_detail_view` AS select `cd`.`id` AS `id`,`cd`.`cartId` AS `cartId`,`cd`.`productId` AS `productId`,`cd`.`productQty` AS `productQty`,`p`.`name` AS `name`,`p`.`price` AS `price` from (`used_cartdetail` `cd` left join `used_product` `p` on((`cd`.`productId` = `p`.`id`))) */;
/*!50001 SET character_set_client      = @saved_cs_client */;
/*!50001 SET character_set_results     = @saved_cs_results */;
/*!50001 SET collation_connection      = @saved_col_connection */;

--
-- Final view structure for view `order_detail_view`
--

/*!50001 DROP VIEW IF EXISTS `order_detail_view`*/;
/*!50001 SET @saved_cs_client          = @@character_set_client */;
/*!50001 SET @saved_cs_results         = @@character_set_results */;
/*!50001 SET @saved_col_connection     = @@collation_connection */;
/*!50001 SET character_set_client      = utf8mb3 */;
/*!50001 SET character_set_results     = utf8mb3 */;
/*!50001 SET collation_connection      = utf8_general_ci */;
/*!50001 CREATE ALGORITHM=UNDEFINED */
/*!50013 DEFINER=`root`@`localhost` SQL SECURITY DEFINER */
/*!50001 VIEW `order_detail_view` AS select `od`.`id` AS `id`,`od`.`orderId` AS `orderId`,`od`.`productId` AS `productId`,`od`.`productQty` AS `productQty`,`p`.`name` AS `name`,`p`.`price` AS `price` from (`used_orderdetail` `od` left join `used_product` `p` on((`od`.`productId` = `p`.`id`))) */;
/*!50001 SET character_set_client      = @saved_cs_client */;
/*!50001 SET character_set_results     = @saved_cs_results */;
/*!50001 SET collation_connection      = @saved_col_connection */;

--
-- Final view structure for view `used_cartdetail_view`
--

/*!50001 DROP VIEW IF EXISTS `used_cartdetail_view`*/;
/*!50001 SET @saved_cs_client          = @@character_set_client */;
/*!50001 SET @saved_cs_results         = @@character_set_results */;
/*!50001 SET @saved_col_connection     = @@collation_connection */;
/*!50001 SET character_set_client      = utf8mb4 */;
/*!50001 SET character_set_results     = utf8mb4 */;
/*!50001 SET collation_connection      = utf8mb4_0900_ai_ci */;
/*!50001 CREATE ALGORITHM=UNDEFINED */
/*!50013 DEFINER=`root`@`localhost` SQL SECURITY DEFINER */
/*!50001 VIEW `used_cartdetail_view` AS select `cd`.`id` AS `id`,`cd`.`cartId` AS `cartId`,`cd`.`productId` AS `productId`,`cd`.`productQty` AS `productQty`,`p`.`name` AS `name`,`p`.`price` AS `price`,`p`.`cover` AS `cover` from (`used_cartdetail` `cd` left join `used_product` `p` on((`cd`.`productId` = `p`.`id`))) */;
/*!50001 SET character_set_client      = @saved_cs_client */;
/*!50001 SET character_set_results     = @saved_cs_results */;
/*!50001 SET collation_connection      = @saved_col_connection */;

--
-- Final view structure for view `used_collect_view`
--

/*!50001 DROP VIEW IF EXISTS `used_collect_view`*/;
/*!50001 SET @saved_cs_client          = @@character_set_client */;
/*!50001 SET @saved_cs_results         = @@character_set_results */;
/*!50001 SET @saved_col_connection     = @@collation_connection */;
/*!50001 SET character_set_client      = utf8mb4 */;
/*!50001 SET character_set_results     = utf8mb4 */;
/*!50001 SET collation_connection      = utf8mb4_0900_ai_ci */;
/*!50001 CREATE ALGORITHM=UNDEFINED */
/*!50013 DEFINER=`root`@`localhost` SQL SECURITY DEFINER */
/*!50001 VIEW `used_collect_view` AS select `c`.`id` AS `id`,`c`.`memberId` AS `memberId`,`c`.`productId` AS `productId`,`p`.`name` AS `name`,`p`.`price` AS `price`,`p`.`cover` AS `cover`,`p`.`status` AS `status` from (`used_collect` `c` left join `used_product` `p` on((`c`.`productId` = `p`.`id`))) */;
/*!50001 SET character_set_client      = @saved_cs_client */;
/*!50001 SET character_set_results     = @saved_cs_results */;
/*!50001 SET collation_connection      = @saved_col_connection */;

--
-- Final view structure for view `used_orderdetail_view`
--

/*!50001 DROP VIEW IF EXISTS `used_orderdetail_view`*/;
/*!50001 SET @saved_cs_client          = @@character_set_client */;
/*!50001 SET @saved_cs_results         = @@character_set_results */;
/*!50001 SET @saved_col_connection     = @@collation_connection */;
/*!50001 SET character_set_client      = utf8mb4 */;
/*!50001 SET character_set_results     = utf8mb4 */;
/*!50001 SET collation_connection      = utf8mb4_0900_ai_ci */;
/*!50001 CREATE ALGORITHM=UNDEFINED */
/*!50013 DEFINER=`root`@`localhost` SQL SECURITY DEFINER */
/*!50001 VIEW `used_orderdetail_view` AS select `od`.`id` AS `id`,`od`.`orderId` AS `orderId`,`od`.`productId` AS `productId`,`od`.`productQty` AS `productQty`,`p`.`name` AS `name`,`p`.`price` AS `price`,`p`.`cover` AS `cover` from (`used_orderdetail` `od` left join `used_product` `p` on((`od`.`productId` = `p`.`id`))) */;
/*!50001 SET character_set_client      = @saved_cs_client */;
/*!50001 SET character_set_results     = @saved_cs_results */;
/*!50001 SET collation_connection      = @saved_col_connection */;

--
-- Final view structure for view `used_product_view`
--

/*!50001 DROP VIEW IF EXISTS `used_product_view`*/;
/*!50001 SET @saved_cs_client          = @@character_set_client */;
/*!50001 SET @saved_cs_results         = @@character_set_results */;
/*!50001 SET @saved_col_connection     = @@collation_connection */;
/*!50001 SET character_set_client      = utf8mb4 */;
/*!50001 SET character_set_results     = utf8mb4 */;
/*!50001 SET collation_connection      = utf8mb4_0900_ai_ci */;
/*!50001 CREATE ALGORITHM=UNDEFINED */
/*!50013 DEFINER=`root`@`localhost` SQL SECURITY DEFINER */
/*!50001 VIEW `used_product_view` AS select `p`.`id` AS `id`,`p`.`createTime` AS `createTime`,`p`.`name` AS `name`,`p`.`price` AS `price`,`p`.`content` AS `content`,`p`.`memberId` AS `memberId`,`p`.`categoryId` AS `categoryId`,`p`.`cover` AS `cover`,`p`.`status` AS `status`,`c`.`name` AS `categoryName`,`c`.`parentId` AS `parentId` from (`used_product` `p` left join `used_category` `c` on((`p`.`categoryId` = `c`.`id`))) */;
/*!50001 SET character_set_client      = @saved_cs_client */;
/*!50001 SET character_set_results     = @saved_cs_results */;
/*!50001 SET collation_connection      = @saved_col_connection */;
/*!40103 SET TIME_ZONE=@OLD_TIME_ZONE */;

/*!40101 SET SQL_MODE=@OLD_SQL_MODE */;
/*!40014 SET FOREIGN_KEY_CHECKS=@OLD_FOREIGN_KEY_CHECKS */;
/*!40014 SET UNIQUE_CHECKS=@OLD_UNIQUE_CHECKS */;
/*!40101 SET CHARACTER_SET_CLIENT=@OLD_CHARACTER_SET_CLIENT */;
/*!40101 SET CHARACTER_SET_RESULTS=@OLD_CHARACTER_SET_RESULTS */;
/*!40101 SET COLLATION_CONNECTION=@OLD_COLLATION_CONNECTION */;
/*!40111 SET SQL_NOTES=@OLD_SQL_NOTES */;

-- Dump completed on 2022-10-13  5:48:26
