/*
SQLyog Community v13.1.6 (64 bit)
MySQL - 8.0.29 : Database - 18_project_db
*********************************************************************
*/

/*!40101 SET NAMES utf8 */;

/*!40101 SET SQL_MODE=''*/;

/*!40014 SET @OLD_UNIQUE_CHECKS=@@UNIQUE_CHECKS, UNIQUE_CHECKS=0 */;
/*!40014 SET @OLD_FOREIGN_KEY_CHECKS=@@FOREIGN_KEY_CHECKS, FOREIGN_KEY_CHECKS=0 */;
/*!40101 SET @OLD_SQL_MODE=@@SQL_MODE, SQL_MODE='NO_AUTO_VALUE_ON_ZERO' */;
/*!40111 SET @OLD_SQL_NOTES=@@SQL_NOTES, SQL_NOTES=0 */;
CREATE DATABASE /*!32312 IF NOT EXISTS*/`18_project_db` /*!40100 DEFAULT CHARACTER SET utf8mb4 COLLATE utf8mb4_0900_ai_ci */ /*!80016 DEFAULT ENCRYPTION='N' */;

USE `18_project_db`;

/*Table structure for table `amount_prod` */

DROP TABLE IF EXISTS `amount_prod`;

CREATE TABLE `amount_prod` (
  `id` int NOT NULL AUTO_INCREMENT,
  `size_id` int DEFAULT NULL,
  `color_id` int DEFAULT NULL,
  `amount` int DEFAULT NULL,
  PRIMARY KEY (`id`)
) ENGINE=InnoDB AUTO_INCREMENT=7 DEFAULT CHARSET=utf8mb4 COLLATE=utf8mb4_0900_ai_ci;

/*Data for the table `amount_prod` */

insert  into `amount_prod`(`id`,`size_id`,`color_id`,`amount`) values 
(1,1,3,20),
(2,1,5,33),
(3,2,2,11),
(4,3,1,9),
(5,3,1,70),
(6,4,5,1);

/*Table structure for table `cloth_category` */

DROP TABLE IF EXISTS `cloth_category`;

CREATE TABLE `cloth_category` (
  `id` int NOT NULL AUTO_INCREMENT,
  `category` varchar(255) DEFAULT NULL,
  `parentId` int DEFAULT NULL,
  PRIMARY KEY (`id`)
) ENGINE=InnoDB AUTO_INCREMENT=10 DEFAULT CHARSET=utf8mb3;

/*Data for the table `cloth_category` */

insert  into `cloth_category`(`id`,`category`,`parentId`) values 
(1,'上衣',NULL),
(2,'下著',NULL),
(3,'配件',NULL),
(4,'T恤',1),
(5,'襯衫',1),
(6,'褲子',2),
(7,'裙子',2),
(8,'帽子',3),
(9,'耳環',3);

/*Table structure for table `color_prod` */

DROP TABLE IF EXISTS `color_prod`;

CREATE TABLE `color_prod` (
  `id` int unsigned NOT NULL AUTO_INCREMENT,
  `color_name` varchar(50) CHARACTER SET utf8mb4 COLLATE utf8mb4_0900_ai_ci DEFAULT NULL,
  `prod_id` int DEFAULT NULL,
  PRIMARY KEY (`id`)
) ENGINE=InnoDB AUTO_INCREMENT=7 DEFAULT CHARSET=utf8mb4 COLLATE=utf8mb4_0900_ai_ci;

/*Data for the table `color_prod` */

insert  into `color_prod`(`id`,`color_name`,`prod_id`) values 
(1,'black',1),
(2,'white',1),
(3,'gray',2),
(4,'red',3),
(5,'green',3),
(6,'yellow',5);

/*Table structure for table `item` */

DROP TABLE IF EXISTS `item`;

CREATE TABLE `item` (
  `id` int NOT NULL AUTO_INCREMENT,
  `ord_id` int DEFAULT NULL,
  `prod_id` int DEFAULT NULL,
  `quantity` int DEFAULT NULL,
  PRIMARY KEY (`id`)
) ENGINE=InnoDB AUTO_INCREMENT=6 DEFAULT CHARSET=utf8mb4 COLLATE=utf8mb4_0900_ai_ci;

/*Data for the table `item` */

insert  into `item`(`id`,`ord_id`,`prod_id`,`quantity`) values 
(1,1,1,2),
(2,1,2,4),
(3,1,3,1),
(4,2,2,1),
(5,2,3,5);

/*Table structure for table `members` */

DROP TABLE IF EXISTS `members`;

CREATE TABLE `members` (
  `id` int NOT NULL AUTO_INCREMENT,
  `name` varchar(255) NOT NULL,
  `password` varchar(255) NOT NULL,
  `email` varchar(255) NOT NULL,
  `phone` varchar(255) NOT NULL,
  `address` varchar(255) NOT NULL,
  PRIMARY KEY (`id`)
) ENGINE=InnoDB AUTO_INCREMENT=11 DEFAULT CHARSET=utf8mb4 COLLATE=utf8mb4_0900_ai_ci;

/*Data for the table `members` */

insert  into `members`(`id`,`name`,`password`,`email`,`phone`,`address`) values 
(1,'石一惟','9f5d55a37973c822837f46763ef0719e','tarokun@gmail.com','0956781264','台北市大安區忠孝東路三段1號'),
(2,'葉宸','27dcc1fdad8bdc3720f0b9509a6e8c12','jjiro264@gmail.com','0968524462','新北市林口區粉寮路一段101號'),
(3,'丁巧巧','c078ebdb28e3be554ab2cbc1a40c0b90','sanrooo@gmail.com','0984273132','台中市沙鹿區台灣大道七段200號'),
(4,'李晚晚','9f5d55a37973c822837f46763ef0719e','white164@gmail.com','0965852221','台南市中西區樹林街二段33號'),
(7,'李威廉','27dcc1fdad8bdc3720f0b9509a6e8c12','abc@gmail.com','0965852221','台南市中西區樹林街二段33號'),
(8,'李霖霖','c078ebdb28e3be554ab2cbc1a40c0b90','bbb@gmail.com','0900880665','新北市林口區粉寮路一段101號'),
(9,'李婉琳','9f5d55a37973c822837f46763ef0719e','wendy@gmail.com','0937088775','台北市大安區忠孝東路三段1號'),
(10,'丁蘋蘋','4a2dcac44b91ba8a56e661de671ca443','ccc@gmail.com','0966888777','新北市林口區粉寮路一段101號');

/*Table structure for table `my_closet` */

DROP TABLE IF EXISTS `my_closet`;

CREATE TABLE `my_closet` (
  `closet_id` int NOT NULL AUTO_INCREMENT,
  `member_id` int DEFAULT NULL,
  `prod_id` int DEFAULT NULL,
  PRIMARY KEY (`closet_id`)
) ENGINE=InnoDB AUTO_INCREMENT=8 DEFAULT CHARSET=utf8mb4 COLLATE=utf8mb4_0900_ai_ci;

/*Data for the table `my_closet` */

insert  into `my_closet`(`closet_id`,`member_id`,`prod_id`) values 
(1,1,2),
(2,1,1),
(3,1,4),
(4,2,3),
(5,2,4),
(6,3,4),
(7,3,5);

/*Table structure for table `orderitems2` */

DROP TABLE IF EXISTS `orderitems2`;

CREATE TABLE `orderitems2` (
  `seqno` int NOT NULL AUTO_INCREMENT,
  `highlight` varchar(255) DEFAULT NULL,
  `id` int DEFAULT NULL,
  `clothcategoryName` varchar(255) DEFAULT NULL,
  `descrip` varchar(255) DEFAULT NULL,
  `orderNo` int DEFAULT NULL,
  `quantity` int DEFAULT NULL,
  `name` varchar(255) DEFAULT NULL,
  `actualPrice` double DEFAULT NULL,
  `orderId` int DEFAULT NULL,
  PRIMARY KEY (`seqno`),
  KEY `FkC_Order2Bean` (`orderId`),
  CONSTRAINT `FkC_Order2Bean` FOREIGN KEY (`orderId`) REFERENCES `orders` (`id`)
) ENGINE=InnoDB AUTO_INCREMENT=6 DEFAULT CHARSET=utf8mb4 COLLATE=utf8mb4_0900_ai_ci;

/*Data for the table `orderitems2` */

insert  into `orderitems2`(`seqno`,`highlight`,`id`,`clothcategoryName`,`descrip`,`orderNo`,`quantity`,`name`,`actualPrice`,`orderId`) values 
(4,'這件上衣是最棒的',1,'上衣','海恩斯莫里斯服飾是瑞典的跨國時裝公司，總部位於斯德哥爾摩，於亞洲歐洲和美國等多個國家均設有分店，產品以平價聞名。H&M由埃林·佩爾森於1947年於瑞典韋斯特羅斯成立。',NULL,2,'潮上衣',1000,4),
(5,'這件上衣是最棒的',1,'上衣','海恩斯莫里斯服飾是瑞典的跨國時裝公司，總部位於斯德哥爾摩，於亞洲歐洲和美國等多個國家均設有分店，產品以平價聞名。H&M由埃林·佩爾森於1947年於瑞典韋斯特羅斯成立。',NULL,1,'潮上衣',1000,5);

/*Table structure for table `orders` */

DROP TABLE IF EXISTS `orders`;

CREATE TABLE `orders` (
  `id` int NOT NULL AUTO_INCREMENT,
  `member_id` int NOT NULL,
  `order_date` datetime DEFAULT NULL,
  `shipping_address` varchar(64) NOT NULL,
  `shipping_date` datetime DEFAULT NULL,
  `recipient` varchar(32) NOT NULL,
  `total_amount` decimal(11,1) NOT NULL,
  `invoice_title` varchar(72) DEFAULT NULL,
  `cancel_tag` tinyint DEFAULT NULL,
  `recip_phone` varchar(20) NOT NULL,
  `shipping_method` int unsigned NOT NULL,
  `ok_tag` tinyint DEFAULT '0',
  PRIMARY KEY (`id`)
) ENGINE=InnoDB AUTO_INCREMENT=4 DEFAULT CHARSET=utf8mb4 COLLATE=utf8mb4_0900_ai_ci;

/*Data for the table `orders` */

insert  into `orders`(`id`,`member_id`,`order_date`,`shipping_address`,`shipping_date`,`recipient`,`total_amount`,`invoice_title`,`cancel_tag`,`recip_phone`,`shipping_method`,`ok_tag`) values 
(1,1,'2022-09-24 00:00:00','新北市XX區XX路OO號',NULL,'多米羅',3000.0,NULL,1,'987654321',1,0),
(2,2,'2022-09-24 00:00:00','台中市MM區TT路OO號',NULL,'多羅米',150.0,NULL,1,'987444333',1,0),
(3,2,'2022-09-24 00:00:00','新北市MM區TT路LL號',NULL,'多羅米奇',2466.0,NULL,1,'912345678',2,0);

/*Table structure for table `photo` */

DROP TABLE IF EXISTS `photo`;

CREATE TABLE `photo` (
  `photo_id` int NOT NULL AUTO_INCREMENT,
  `data` blob,
  `prod_id` int DEFAULT NULL,
  PRIMARY KEY (`photo_id`)
) ENGINE=InnoDB DEFAULT CHARSET=utf8mb4 COLLATE=utf8mb4_0900_ai_ci;

/*Data for the table `photo` */

/*Table structure for table `product` */

DROP TABLE IF EXISTS `product`;

CREATE TABLE `product` (
  `id` int unsigned NOT NULL AUTO_INCREMENT,
  `product_no` int unsigned DEFAULT NULL,
  `name` varchar(255) CHARACTER SET utf8mb4 COLLATE utf8mb4_0900_ai_ci DEFAULT NULL,
  `descrip` varchar(255) CHARACTER SET utf8mb4 COLLATE utf8mb4_0900_ai_ci DEFAULT NULL,
  `highlight` varchar(255) CHARACTER SET utf8mb4 COLLATE utf8mb4_0900_ai_ci DEFAULT NULL,
  `actual_price` int unsigned DEFAULT NULL,
  `photo` longblob,
  `file_name` varchar(255) DEFAULT NULL,
  `mime_type` varchar(255) DEFAULT NULL,
  `colorId` int DEFAULT NULL,
  `sizeId` int DEFAULT NULL,
  `category` varchar(250) CHARACTER SET utf8mb4 COLLATE utf8mb4_0900_ai_ci DEFAULT NULL,
  `stock` int unsigned DEFAULT NULL,
  `FK_ClothCategoryBean_Id` int DEFAULT NULL,
  PRIMARY KEY (`id`)
) ENGINE=InnoDB AUTO_INCREMENT=13 DEFAULT CHARSET=utf8mb4 COLLATE=utf8mb4_0900_ai_ci;

/*Data for the table `product` */

insert  into `product`(`id`,`product_no`,`name`,`descrip`,`highlight`,`actual_price`,`photo`,`file_name`,`mime_type`,`colorId`,`sizeId`,`category`,`stock`,`FK_ClothCategoryBean_Id`) values 
(1,1,'潮上衣','海恩斯莫里斯服飾是瑞典的跨國時裝公司，總部位於斯德哥爾摩，於亞洲歐洲和美國等多個國家均設有分店，產品以平價聞名。H&M由埃林·佩爾森於1947年於瑞典韋斯特羅斯成立。','這件上衣是最棒的',1000,'PNG\r\n\Z\n\0\0\0\rIHDR\0\0d\0\0\0\0\0C\0\0%iCCPICC Profile\0\0xc``2ptqre``+)\nrwRR`?\0> v^~^**`d`v\rD20\\@\ZJ.(*(%8h]^R\0gd$e@좐 g ͗a_ \' v@t0l-bVep/,L(Q0TpLOJU,.I-VK/*/J,IM!\nA!hI	P<@X(v!\0ɥEeP&#1a>9KX Lz00OE2030\0³OC0\0\0\0	pHYs\0\0\0\0+\0\0\0IDATx^fWU5~Of2%m&}2$BXD?\' _XAPM`H!R^HL{s睒Lg>ｧs뮽>]>MMMMMMMMMMMMMMMMMMMMMMMMMMMMMMMMMMMMMMMMMMMMMMMMMMMMMMMMMMMMMMMMMMMMMMMMMMMMMMMMMMMMMMMMMMMMMMMMMMMMMMMMMMMMMMMMMMMMMMMMMMMMMMMMMMMMMMMMMMMMMMMMMMMMMMMMMMMMMMMMMMMMMMMMMMMMMMMMMMM<n%+	{3W\\9mŊk,Yzj|kl@@v.ȶloxK3Ϛ5kٳ:u)S,C_nݲGyoC9dkhhhذ\Z ۰Z&Nw}V: ˗Pv @4q֬Ys5;#Wpys=sz衙W^=[o=c=P|$$Hd[7(k0_͜9g̘L0dG޻ج\0aC8<`nf\\[vڵkv?=LCoLA_g|~0s@\0cA.C&AB.\0(N;oM8 }=m=!Z	4@8$-J[n]v\0ϙ6mhe˖u\0:L_[P0!Hs=~ߊt7{ʸ%J?orؘ6qSǮ\0Q < \0\0({\0!G$>f~ջ!nywPO}j3ò4M;\Z 	uqy7}={w&L?t08Dus\0&BPIioiXye8O@F=\0&}Hs3ނ:C:ID5\0wkq}\r\0N]?~͖38c2/5\rmN@P:ml;\0/9w7s.튿wȝI|b)<)Ұk+P*u?+!ב<o<ߒou5	4	lhl֪&\"f9y$Wd<X!svk\n*eFV܃!8ȴ|<ss(k-h\nc~d[ˏ<E<AG 3LE)F\0<>4G^3	,䝋:s!l4pmOqsc3prXg\0Uƿ&0w}ګtgVA|6ŋ/n0n2Y[!M;\Z \'@+tԜ9s0B#9\r@lM\02_dyx?e:4	PZ&Z\r/ӴI0$#ְوhw:4։:2o[0OД\0흃3QnĦ11+W̚6m#Wʆu:tl#?LCq`V#ӸrvPOnlǽ-[Ϛ&@dmr4	`9A\0\'y@p~8#M!FP%s%9߅\n(cmd>\'Q<l)-iȀ|bl2dpTۍ&NLzA%#Æ|M#@ק$ml|r}ߔ&+&027yxdǘ@v	hLFbE+_q:8e^6ֽlj4	4	Gih&&^0{=X~4@i8\Z``w!豈H !LY\'#@#Ve<V}hÏ+$MWB\'6JelXBczeeQ\Zn~Fe\r[7Ap@)OŖ!H\n,HC|Lg_{O@.vn%o~3KP@?x\0=pY1\".\r	@Q:1gxbw|bxM`GL?K>\\b.op#%`&OE\0zMOu<7}2?4ցs{°$OG=oqu,{ғDn4	4	h&pP[v	\\{Lv03jN@8$@P+bX1?\'Ƽ2l Zx)\0sP$S8`93U5P 0/~ľ9S>g/_\0_:Cx0S2=ӏL\0Ty]wݵC3AseUy~px͙h(,Z>j-8s$hl\'KW]u|%$b>{? ͉2g&Ŗo:h5KS fd(#ӟ#qbd6X<4\n$9+\0ϙ7sP,>ɷy\'Qb^0+v\\sMb##@UÉo:ˇ_Ȕeq%bdzNs.+pv, hَukhl\'O_~`SB>\ntAO\nu j?*}I8Ȑ?PTi;dX$g,(0 [PeT?	n5<P[@ #xbF=4[Ȉ	TQ2ґ`0\0=|C@&Sg1>swUh7q*ub\0Z$0\"ڄh$\031L	`Þe|2+2+;0k#XZNL`J\0t\'\"͙,K@͗܏KlSgĶnfW3+;xQnE:/3/⺅Ȁ19ʎ阆ehc<ƕuK\Z.@\0f>MMۡ\Z 5y\0P@Q?J4(#4t)8C%E@AG@A\'biDVGqJ_|USY<ju3~h\ntj\0}f2L~oM,L:*+	ƔȄaLo%W>{\nw!PǺ0W8L\r_E6O\n\n,(^,Zh~ܑM\Z {dJnxLv{Pς=wo{U<A\nd2Eq#2?Y2\n}ĔU[(-v3dJ<\'Х:b	X.geu\'}C}ms1cr馛Qn\n*0Gp$ct\'+&@&M&V+ 6\0ԩ~ܒ.}\r${@OtM[N\rm9Y6Js\0\nx_%qA\0\'B<I>5K栈XMKLB`LBF,=nbмdyH!9D	M^7	8N_M41^^#0_eb> \Z+bNNE>eـk+q|\rkhUSN6(ݨY5	4	li	4@%kDv.P	{.Tw%e\ZbaAҋm\"  [&K`N@Ls@!st}˜s7ŏG^ɿ/ǉoFƎ2!/F[L|tg2	\0:kEO$[^4Hǭ.2%Kn&&mW\rmcZH\0L(E0cPOB=\nw/)M.\0!R#Ui/`\rx]iOEmt 45vz>	(&hm6i.R1wEPt`&M1~i$ s|1ڬma?j6Tld#a|o>o 0ޅrihf$\063!;?#@ӡO=b\'\n\\S\rʤ]˭\'1Y\'8ZX0er?l,-Su2te麳hb\Z*+AVP #X@+*	XVus;\'VƲ?q\Z<k%r|{,|A[\\1ihx\\$\0\"Vh%p饗0vLVςb?J8(}pqدɦA\0F\0ul%	3l%sЧ8PP~qlY-3K\06\"mOĄNmc(b)EDHY+@G0ƼqdXŋ{9\ni&𕝵RTG)6ʹdΆj\0|\'Cbp#KL\0Ϋ=e2Z&&G\r=>rm6	\0Be|\non\0/%M` \"v\0Be/P%``Js2ɼ2^mY3lnޔ!\'pL\'	U}+GݷJi/8cb2k]\\b	<v\r]ƒ190Ȏo\'yQέ8~Mt㛵O@V@d[IڝKW\\q.]?S`(\'C	\0+j<V@o\Z2*r7H(\r\nZPk\'PFd\"֩-<~2y(1Hƶȹ_LG\'F\nU:	;IS\\2\0\0p4SJvZ)\0̘T	Κ]<t5kB	sS؏{\ZA3gfܹOۈ\Z F5cǔe]6Fv,O(`HيŨ*gDTeZTb`9#z2Bq<\'`\Z	LG۠zgC\0K֙5c.K YLK0Ր2-L#Wh\0Ib,Wl\n	o1b}.r>?0IpŏљI֣KF_8q\rɼ߯g{5̘<97	4	l\Z 4yM-\nX{6ĠtBX9N[LObs1dÁB	Imb^b#&Iy鬏@G	6i<욮`I:jܜ	\"YŜLIs2oMc,bd\"Ur(ͱ\ZVmX`Kp֊UQg]2T-^klî<iOko6	<6	4@r7	L\0|\0Ca\0/\'@-7ĸIpcAD\\ B$]%7SR[h\'%6u;p~\n\\	,oAa6P>!/I,9AZH\0\\Kf>ciWJ\r\"gYZ.\Zߚ1د-q,\0Ȝ]t=8\rX%z\'x̯III&I_<I|2\0ОD~(]&c- r8 (sK%|tyGgŲ	l&6m}\0:!\06#xCX0*\0ǔ3eq<rK$nd8u`Ze#\0\0 +8vMLϕveAoO{6.ol٣[&@d!I`}w;CC`Q\n37m4@zQu(B\0\" 7o-&3&,S&3GϠc1̟Z@E_2y5ڋRfYY.A@ɀoϊ	 9p5(fFDjZ#K2@0jz:{:O+Lei1EܾE8c\Z[)7pK$	hlՒ6	j/0:?\ni~t1ONЦJdS	ȧ+q)j)n^s&gXgd2 Z/<輛Դ3\rAbdT[c4fBe`bLUZ8fFVMLK@~;CΈE}Tϸ9,[:]cy>QsO>yզ喾II`h͐&G!\0ݡ:Ls\0\0E7N\0qMbm΂t0r@x8\nE{ paF9}Ldk\0)1.EGlM<\n *.z>IcyF9Ҹ2eI@\r L)ʄcn9\"n3s99&~mmu|	?p{|̿II66n\0*T(g%PTsTm(7~s3d*[L@b1ة?bL]ISZq/`\'3\Zn6z^#ʈ=Bv鷳XN&}XQKd9\"U RFfHqdy>ʸ:S.Tfcu95sy*Y=ǌ\\7A.gbN|fZAM;\ZCO\0};\nK{ƕLab$oSh	pnR@#̌3A2X\Z 2\n:׵7!>)yeqH_M?viLFAO`\\v芜Fc J2玛]5jůeaf}McchY25\\e7}MM.|hXnƩ1Ze(gC=dYxf:k}d	v16ʦ2)^(@Il/ߠ[C\0@u ;Өn#(L<rjY}t֗}Q?VU9]\Z4V:(]`VE\\5|S+ t`¼lɒ%mOz;\Z ۩u~2	b#\\(AAVjȕ|kAmSyj{mjt2~zՠ\"ISJ\0B6+)d$&?1g8hd _gF$L}}P:\0Pt	2%8-N \0Ĝgsk(c-n|׿^{ݺ9֮7	4	@dmf4	T{y((&O9}ࡇFِ&SΘ&-lyٛyr\ZR3T=\'v\nܸy/rv &iX/\0@3?WLjsq#]|!@#_4[m6Y&AՒӦ֌k||~_*>pe~ѢE-fنz@%ڔh(@yP9\rY8D(-1g2J@M;9o,X׆qpC	`HpF`6LT^`V~W2T>N2&gogţ0ڗKm0$@o./&\\^w0`K@LyXχqc8w e\nyVuu\"1qv-oC]oh$N$K\0`z|(S\\X V*[E͈I1OƔ=pXKu(ȁc(NAk@)\"S*%#$1?1+0]NvY	J6L̖\0)J J3p\r$g\r2)f}~Og.6_r\\=:90m7ci̹/\\^PaM0xP$H1d;H~\0(r|pQh)9W:&%)i5m261d<[6XPX\0Za%Gmcsd\"\0$3˟OM}2KJ,\\;Hkג&Xcbn\niT,KB2ЮCgN>v5#2k)?e	rw!9],)s;M?oތR+I`fU:;ZvH	`<8n0#P~ρ:fL28Y26+Uo6Z{ԏi4|Z9)ˁ\0;3%/EėYOG<%(|._ڟRiVcA]EeI\0*q0)0ѽ)}n$kA[|y5uP6+\rcsh2s户WeM{`X&n~eA&_7b}J61vJ	,[lO0&Ba\0Alv\0kS+Jq+97uW5k RB\'3NiRL2TВ0},s0tIcI Cf?d#89]˴ٖls@As8o㓋TjP2V-q=({8k:<nsM;\Z ۉg:}\rf@~T(3(7>`8S4L:S\\W-s\0Dw6KV,ϧsb|Hp\njX?wp\"pX]ձSl`bOMe?\0@U4	RyL\nx&oj@:Rܳnd!/Vq	<fڨǁa5;iS]l/=0}(	\ZDv6-&v0v\0Yeœtv|kA7\\5Ĝ:{SS_5Prpk()$%0\"h s1dT|Xo..t̙>FC1qU98ry9 _SsWɹwdׇ2Ve%#zs\0w4	<X|	\0e>{o$\0َ6?J\0a-@)Jd0%RUR_0WR&ܔ9C9齼Z׀W!gTn^A\0Q@ďJ$#]7ek&˗FL\\fn3[[Yf^u3if-93GPkT=V}n\nUm~?dyiy$cE{cL\n؜h&@dm:@X}`|986\n	0H	ljDlLUf)\r\Z$98P{ԏqiUg\r.Y@ϣ〦O8(\Zg\nlc(+n_OjvȝT+2^&Z=s@r\ZV46}5&+m蠘8$CvmBW&^%oK;7{aݽRK$K`;1k$pw7g0Z)pT]_\\]9\\)qZ\r&9wDy\Z!hż@rU\0غ!TcRn\0aA\\uv<oFm\";[\r`K]bd5HvԀ`pyQ>hf2g>bu뾸e0>+PĴ%HkC9M[&U\r#Md^?7	H5\0)*/fjWawKJs\"69ȨS\'c&^KbG`A@1WY1Z-SWWM,XQρfYC	\Z7G`M*IX<Lю0k\0jU\Z7}Ή1˹ύY_Y/}vKm9}\ru@J6vh	;i8.|u@#eGvV¯IIz\rIavd\\z=<_n-c\0Y3LkZ^M]).VLmr]>Z%O@O2y@qL]Wl4*\nШ22Pk]ׁ\0V҄fM~#z1us0_W_h> /#<z.v&	4@3NWDoPb219k\0G\nYW9zQ_s]?SZ{Ʊr<8vo\\3׹R&J#UCR]KfQ)ٿRzLj\0\\ҏFR<Gq>Ie\"lsCaXeb27|pc,3&(\r)sW\\pGvt `5M2M;3\nH(CXV1)\\gZ7\Z)KPR;U+;\0_U3[5-oFg`oW\\EA#AbŔWLbܯ-t*˖ObX9x0m;FLǆ`S`LZRuW/YDy4:p9IӿϝuǴhErT7>0atWXӖI`{@cȶkmT\0c=d(^Q9@)\r[)9WnH	<HJi@\0fP0\ZW^_ƍlh4ddsPɁ\0%pPbp<꾺qBw/ot\\-D4P\\0u\r9kJl8?X,&9kZ_@ˏl`M0.`ko弶OǞSxG9oӮph7C0U0$(ɧAc+ʚH]ȉ-j Q3a/M^dm;y?T]jjo1=5,c!#Ff7,ȁW@iD%h)/A@v\nH3h\"=&`|<:k6ʞ\r&+3^,C=ڤ ڳ\'9mZn8A|Bh#AY\'ѿ1eowhv7d7<˖HK1*]ٺbvӏcWX+EW\'<pmY\rPk FeJ*S3*53Ğ9p\0\"vYo,$a5b5pqM]7>j89vf͎f\Z\\\\lA_JuLt-(lVfORȼ z(k9ʼ4a6n^bŚ.삣:kY$\02;I?HO$ty궃)ʖ2MZi{X1uu^)[j;\0s\"Ly9tQy\0kbnt	2rfbp>T\"W7*M9/2WTn ]fgd.F/6l1ieV|Wْ=G[],`\\2^sUW]u	Ƕ\r7׃MKmzxZ6UP!{2Pn|\\#o5P5:Wg2YꮼnlCC,O}jw\'w/)z@tTAqfL^wV	Ԑ(\'6ux\ru$ܤ#C68`uQ?.q\0-m@%;?ȎkL1L0&֐*}ym3jp6WZXA0&ϟϹ7>fvS-}(ȶQkm+c8E[L5@p` EʷV5C&P\nqix38җ]pQ#r0 |tpkn=#;\069&q\0\'.iWE#-/1s	c3/1͖j[4)ϑ\ZDOf7|@dVHFy<\"sb\ZYXUX)~oQ3~x\"~\0f|E]t	\'V6\'ȶ!i\rzc¹O%ٱ;2>W0\n\\2:-s	6L@ʝ˙P3YukvFks=	8r!f/M:7a>\'YxM̞nkT2%(=$k\0\\:[kj\0tS4]&BKcɘ		lZ)ƌQV\\Ld#ѿ%u4@h-v#ȶj\r]nY0qep-r_+q4HKS5/Wę=sO~}ku]e*IǏDR2ٱL_EWHR480HVkt}$@R2\n@8[)RNbmؖ]rNa$ցC\0La.hL.j,qVSJ\0۩<Hj8@mPx\rm[+c@dдm\00C<yC}v\r6,)\'gt{2HIA5@v}kʒUy(`ƔFNCȁia2ua2}\"MΜ,\Z|C۫s,\027[}*K\'H/;V@bgter~u\0ZsBl&>lA2:|%bʖI!\']w:ӱb\0٦>ZJyqk)(-:wlj4.3\\8P>O!x}Y_j8SQqqU\Zwu\0X<\n-XCpJ6oϛ772d5<btLq_\Z;z!01K*k6Seй#\rbtEu<%:cd&ti\Z\"j\0\nP3yկ{/89\"E\08a0m&T!AvgLw ǣ1k2v69MV8H\n/U(/~Ԙl\ZMcOwqusL׿tj׼5ʏj 9j\0#@2Y.\\i4`$&p$pu󺜅\Z9T39m+7Nyin4\\Ōq!4ECgCԨvfbL2_zJ|[nv~@d@́\0gG*%g>q`DJJ1/*AzSL\0f<O@{Gt\0]d̜Ї>{{){T9xҊ\Z\'kyY=6iejN`*L;2_IluO Wy?\r2\nR/7V.rHUIJeX~j&B_b$*%i;{fdߠ]_ dҤڔ)bIvs|6IoOhl{\Zֱ@sn<Vq`j\"sz&W)q&P7Q16ٍW#T+8`8@$Ձ}:Y8ڠEu?R_TQoA~\\`Bݫ=>/4PF.fW$\"#aRSQ_~lۧ0,jƌ#1oǘfErxeZ,	_G\0]Q1hǞ^zG}th&L͇lН;pt/㡽ME\rjJץ֧)qmqa}@xjfMӉjGiOA\03PLTj*P7	:8N2y9̻LhSxEHMEw;*/ X3.d]43EʆH@JfM!%2Hy_jX\'-u/$dy\0^sOC}b797	<^hl+wH\0Nsa69xX21iR^)i)b9jVǕe\rƁCy\\@&\Zg=Vbqjv04μ8TAM\r\\Ƶ\\j~~oaQ1x{xe&Pq-ۨ?lTٚ\'>G6:Snup/ДEz5fGd\\$ɾieo2k!J:=2\\I ǬWs@p1ȻYBlihlKKշY%\0|<Џ\"w<Z88 96YjUs Q7I3\r;񎎠ʎ\nu;2\0L}5GrR\ZJ{Ȥ\0r\0d\r$kLgwoꖉM`]\rl>j`@ Jc#Y:\njToaׁY]\0_6q^9 ꠘeh. SYLO+.y`<VV@[E%U:r\\;8o)\rMmWݟqWj7f*[2cj%KQ~mW48\\\ZՀp9cW}cow!!\'Zt#Y*hLc֠Li W@TuMrE3#\'eD0ŏ@eїQiTj/jbi2jk4#7k\0v5S淪I`[@cȶjTW_},\0]f%DJtCfj@Q`L\0ʒJ+g#C\"j&YQKT\ZoʬYC,n,C:\Z\\L[@d2|qFO+7mrq2W\rNx|~Ls\"N6	jdE26CkeW\\ѯLu,1-Cձ%\0ypsI\0Ja<2;#)ǣؤ?X2yٟ>p`A\Z;q3<.g_tA\0HM`;O}X97;JCh8@rֳTξ鷃B}6`L1uNDӤ,_m2WzFe\'_>C?̥dhtS,6M,~d({\\??q+I`S$L\"v\0]xch:rS*gCms\0W^R6(s04 ͕>{k*n|&K{[Y9j`TCy,kv̖	w{{mwS	đЁN?#8qe^I֭  ;\n{;Jn\'0x`4!W\0L}/>hb\ry]qn/<S:>sAQG%&mL\rmcҚC}2<9R6._\r( 7\\Պ~ZktS@D?묳}L8@U7cs`A(ܿR+\"9`Q}]v,Mu\ZnٲeC>d~~;Ӣxa7A$ʴ@&(K8%@A>WoY&-C1ƴ\"R}kftA12Vۂ%0c9ZPn\"ED|/@\rm㫥N$L@fJছna	\0A	mǕ8/Ѧc٤ɼQr\\O}S2U	HL5RzdooBQx0\'Y$jsm|jR3hLMscMf3^s\'gtʇ$K`7{{Y-wjܔWOGc=1{T֌u^yƉ̖USl2U}_SV	XNK~=/Hm,;e̖nh69,Q\0߮xb\',85ms?[\r\\:ƵMc4]XN0J54-d|_h(J*ZƧ[8qဃ!ձ16egt,z̥#Y\\Ipan	꬜tyvgbl㞢6?Q3[>Pa-6W_>!{/pǱ;)4F`ǍŠ1?w _r.,ž~ʎ\r\"R={ޕ~jyE	4@-Jk%^P\0οɑPa[]\'jolfHP(n&.JdSxd4j<	⇊R7&*cj`\'dqg.ۧxGY{j07ꪫc=6 IP)0仕\0Nw\n$ѯN$r!L`и%֫^GvMu=lC.:\'d\r.;	ԦeP(\0L]Gm?\06\'J=3@ό6\'s67@1mCdmCk&H\0o3?PBdd5ns%6	R<NM=ЍN6֌ǡ$dE\0o\ZWSqGNe:\"4AAvr9^lh\Z=3A=X>=\'\\p.rը>?=W-.6-s6o줓N\nyЏm=ꕠ*W47۰s5=OY5ɔu	(xj,_mrĔ(\'k,^J2~	.Q2pFe.KqytF?IZm]!Go\0\0v <i:X133F*~}=CJٙ3Lc2Gv^Ϗ8gj`l~[\nAl:jS._(QKJPuL.Ϛբg@@fXNv/\'\Zq0C l\r_Lw*_A>X1(s}.\\OOu_|q崚y\0cp@)}jL9R}9^8V~R±w-)3y(ŰϚV\\bf#ex<hZ[EbUX$b\"\'c`p׆nmL:pc*M^XNTlj}#C7sޝʝadΒO>\0G2t</2@y96^)v\'A//Cg%u H!0_RovLX5nJ#6p	_\0Y2(>tkX0<\08$=gf%%xY&AJ}2@ƙ 	tYNl?&&_	X&{/\'m}6	lhl[ֶ$/R<cb)Xude<|߈PXdJ,\"<OJNJ\\LRt6rf\'>+_nѢEQ?Yɋ+_J/0V7\\4<ZyCqr\\BB+N.s{J\\h~e*hnvnX&;^N@_1&3􅏝s_F@y@|X|UTW]Jm*~\n]1~	Ȏpuey1d),4m!2࿸-7i׷	4@TkgH\03Q<42AR>R(Iʫ_\0d\\Ͽe.J	:BI*SCp$fv$K\0gd#\'~\'z`GGwfwd*<418L2{{!-dғu#澡LC-P&|1|8jO\0`y?}4|<5}>;&FpeX4^ӧs+\\H q_XC/}֬ܠ\\iQ^\n\"glMlنvI`[@dڈWxh<]؏@d)e)U(w\nr\\Y~{?E&G~J_rGBbugtA_\0A\nΕ?ύ<|#*&PAfW룬r(+{oFoNu3Q&F\'<!d~Rtw >oz	F`C\0`o2{5Hrgs}L4x:8@<e}2c%TZUXn0x*\'T)[s-<7cu&lGwʚuϚ5c]cr^`\0	M^iMۢ\Z GiR	@-ƃnHbfZ)Z5WM	,𼔂Y^xa#(6i1 dh\"0l/K^	;{Dd?O	K[1ՠ\0_n}	Y˄Ų~[,ڠ⊘\'8\"xAjNY:0BPSw;JPH_\\)_4ﵯ}m^{8ݏȏEǶK&٭Y+s.[C\r//YHr ]|eqLrfY2U\n;MaSKJ/يCa<gi%\0v>;SRa<wC̙\r*)(r8@栌.E4 y9TJM%sӓ;YS|\\G(:a,XНz#Nbj3\rRwF-xy{^dU[B~~-K 1@LasvoH\0&8~bSn0]q0#s~;Y@\0v}6o	bP	Teԑ~eҼ\'#;h\',0& wmoJy[+)k25mοV%4\n\ZbF ?L@[fK%BsA|0l=/7%۔IKMJmrXZI\0smSeuK\nVz3\'xM:^8MU5h\n=Y:1w=l`;ČW]yU8c̀TT/˻Y8f5* ]ek<><<~\'S%I\"8# \\uuGsӟѽG=C˯m?MBZ!ah	K2y^WrJs+R$qG\ryLPǩz1\"\0\ZKk2mO{$ 2$ >J\\$ 7̳\\T\n]emϛ@3>O mKЫ\02e,Q~\0E~zP56.{}\')[I7RK$\rJmpPZK\0`f>d9[d+\Z-ՠhU~*W)#Be1\0J\0|rHpT2?P\'o{OF󡳩@T5ՙdܜ1}pYZPTlM@|{`jYѭ`DP駟)A2$daMo?\"\r\n$\0#n-a9\0r_b{9K04͐iC3}Ǉ1Fy\Z֧A5K!@0{V?So#I6~fbe!EY\Z\\kbZʈ3}a,{rWF_K7kn*ĄVA:{&R^`b&<\ZL~P4s̐HSLZurĘV/PdlV\nptdl&X-0v<x;S(Mx?<ăمR̡ٯb\"S2lT2IKnh_\nr\ZhSNVa5R&$J9,j0)lcIIARX\"}B^fuybܪrwev0<Ogo)N1G+u7f39V[;y?0<;.:8SvJO?Ӓ#G̞K8L_c[tY7Yb,??#TSH@(ʊ0!q(,KzwO~򓻯׺3g`o#}wu?λAZzӰb!Ǆ_ΦɄB162]Q+zb{%;<*[l\ZA\\IU/,c1v1E\nk}v.A}K2}hCd$JmudZF$\\<	9K\ZƤ0瑊Eoj<OŠXK|3]R\"FgT\nH˯Ca1D\Z7I}_r%89<S&_Rx`ƒupg~g<E+\"p#pe9u ?{˛<Ohm33e/\"M2a%;\'͍\0\Z,ӚnK7\rh*I%F|0㌯\0r[-|~!T8d^_jp\0@ӟtwAuTժ =>usV\0)s \rc̗R PyiNӴ<W}*LZ]^=;e6@Op[@dڈ\0E|sȴz9)\"¨/grbv88ilwٯ0X\0GȤ0h37w?i=ؼ= 0U&܀z#V2P,a(X C/ua8@n-(Nig\ZOK+_rlLW#\'P֣QB/.X_q:/H+?{+_|%Ov/#?{GPL	N+ep:%Ä~Lje^ʟOb]`}kg|-V~GY`a&,\0Ct\rp=,C0s*&QvKUjUԱPp	ʸx )C#U<2pL1n:ǣ)-rBl9\"[#I`{@!^Gn\'k7{{$ڔ\'Q 	8(|GLʴ%#샔+n]NT,蛵)[o[Va-bTzb__`2I_/ɇX(qO|2}q7`qEKF ꫮJE hAٳgO}/48jw078c)6DVQ/+%|`c_7dfA[\'~9td\n3J>ٱ:;-?8G/KST\0) _n77ݏďwuo?ݥXq{_\rL G/`.=@ka?\ZG-\n}f|8W	Z	|)VsxW/	bZQr|mkE@\'zB^z.]?\0nRo$J1dlMFܮx@<lnse˛uS.-\'=I_Jc7ޘMa߈Jb2Nx	\'fJP7Lfy {wuBѮ\\2b=un`gXORőː)-}KFk:h(Lygk֬ɘU7#m◾Ҝ9tz3{&k`\rb>(su cZ.ΰG:}97@0͘\0Nl\"A\nHb7#G_fFn`%+uGxtM	^!T2X][LC[	Ɛ |Ŵx289g#c29\0Qb|^s?4Mۚ\Z Fg!x@-6,Þ\nFobTL9?˓Y\ru~~{׻ʄ*o:o!.37Q()VaUdXކ}!%7a}gY=V$&=:FԔ#}϶]O~Ug.&_ux_1SJ~wD6M6k0S\rJ\'x$nTlJL׿tg}v0o\0S4@/|{ wuO\0O|7$Xʲ /YЂ6m-P43#3na]溏L1QB/\nߒ~8ixWib.D/R~ZQ89}o~4	lGhl;\ZPvq3!FKu>	dϿTdsMvfC=#J\"k2ް}s{	@oY˿|ww|&-IprAЮX>f}:B\0|Js?sXw{U\\mU4)\n}TO\nd\n{W\Z/٫/j⤓NY\" ִkhJ\0m>70<*lמ{/\Z{/Ұʒ/1\01l/~bq$\rħb)eSn\0w_	nOG&f_~%{l3Ac6U\Zs2d`ȩ%BnOa>>~grߥ(rcV$_x#`d}>_`# +x@Yтř!͖=v?7t_Mۚ\Z Fg\0-&l\"KUPP4]_ob\nq(S>942$QHsS|s%٥=?_%[(LlL\0JD2y\nSu޼(0h#rguw7Jf9,rA+W L/|WQ¶O\'UmҪϲFMӺDDx\0z.]^`	C)0\0;~bcIEF_\\1Ւm#3Jp{\\_r=<묎Q_fo.0#Sl?AԩBXUZaM\\<f樉9!0<G4ּϸ\ZTv&bi޲19,.2i_h8mi2$mlSP-6!ȶahLp0<ؗ M.>cxMf4	)=d\n-\\|Ģ\r|\n\n}|6fFv}-:sWt\\sudяL릒#4ʘG?~~_&8H%Ԙ8 8[>Q?S  ׳iE!p^)^_xJLP}1¾/	2\081c]6Ed7ZfmdJR`1mZ+ʽcqB[!6F]q(<=iQ%$H^pAc[cl11յuV\0Ylˡh9cO}~lk^2Tvb3)ƋlA\'/71\n4i$&c2toilT;6(3-P<\n#n\\`Y7Ƶ;7li%	4@-Fk	Xep<{@k\r`Y2-z1\rVxILXz#8{җB_**e/ʗ\rBE88s_J(+J̝e>ƍOm~L\rFEର \nnGWJl˒`V?UL#a)L}Me<5i	a;¡IW(ڤuR]L͏ڪ}%>`::d_}f\0.$ƿ+\Zmf^O}\n|>:VJI[TOzrկ~1g.BU˘jO~S%-×ɼ(P*#2Q&X=!#d~{LȴZ)p:Xc*4+8KV<m;tk&L-v6`;[sPyfnR_o4SL)2%A\'Qh):0[<G%EV\nETP8N4ExX83/2|j&PY&זIƐ*2Uxs Pa*&@s^L\n*@ɘf[H*\nxBH@G`WyfMd?G}ާ\n[vw~M#~sd{#,L/n~г${cw!6Cse٣	d,ɝh68y,0rkSbfi$*|8}nk7jwLI;5/&a!\rQ\"L_4iZsi؎$\0v4X;[S8jR<ԩF=ދ02WR$x)*7?lCe$@N,x~~y&IVʒs!lb=T^t4mEBҔBcaN\")G*:~o`@K~=闅w\0SYz\n{*`AH-̼g;afv}X,Wrs$.9pI8A[{	5\0^&^6b)òs\\eJ=U1ޠaF,U=ƿd[Ώ;\Z(\"8?oE0YuFƧoLLߺx82̃bSXŗessw1f<9{`e>bĈE\0qΆ]_~h^~4	l\'hl;05!x`Gq?/,5T0d\\YVH@ȟ\n@JNeo}E\ZWb%X1q*90RPM`D#?ݿ?߇\0 ?,`r)Oyj:OF#ނ_XݗUBҩۢMft@XUm+62t. >&l`<nJuLcgeFl;la-);n!֨,H~j93%;b&@\"=1[\'?<gVpSV{_Pf\0*Gn.s1\nv)<<Z}>obMs3\\fa,z 3,N>>WE	T6\0\0\0o}l}޾%\0=~;tߍJ<lmLG\'m+?1IufA\n\n@A:?Om2ƙǵgCY6*\'*HnNoo\'?#H?}G?;R3_^DRzaSPN=48?#_OTyHcPl&JA_qy&f8~,<RK#MJG,\\YL6Vgmo;n\0`5%/|bse!m*l])S)_dRS4l΃ſvX`\n:,)`F˔@`GXgYp#P>K6c]eL~|E/uE2:ac#-M֒@sZoW^qmzc)@fop2GN&\nAN\n!@E#@g^@aY\ZlI]8P4dgطrH1F7CB7~w\03Ymʤ7\Zk&@(n=P̽s@{k3Re#Zg?;ݿ-o~xwԑG3X,:@Z\'Cɝ+.!:o20?\ZIч@\nD	\ZeNǧWTxg2W.T <d8֘VXa^x|l˥^ڛ*3E:\'\Z\reb)l[,)p]Nax:ߘgCK$-HmaZ&H\09xxw: qTp\nUVRT<d:yH!ZiĘ<t ,K]dLhR䇼O2D\n+\"~)׳Gnlo`{Dq-8JU&yetYGλl-%i0ć>pia7^8s\\D\'?}㟌\'PV@{PT//RA>1,,vL#[Ac,,;J	c{jH^eYY.rD?Pvu1vOs(6gi|jB@#e\04|y+5	li	4喖xo$<<ЏwFehP.W(WhMj@iȆp8蒒q,g}m05OlQ\0|*\0dY>ǚ\0d]bX`\rg]fULṮʓx+Vc:/=я\r+̛b*[c -{q+0~a9~{3=Yώ\rYaK#2ӹ\0⏱C\001NS \0PUO}S#fE9묗&&`%G1M0Ƽ\'4_%YCzbcLYtv+FSL\0Yu0jA\0p|l&G\rm?cSi1KYBʇxGKCʅ]f2**mvƶSFTJTd(_/y](h5xȗD c !F/\n;.5\nSNIpX`a\0SO=NKLŲwu֯Dأ\\X؉sKdhZ澣|\0ڴtO)gl}<{,dcbg(qL+S!-.^< `]`sږ)UVQ\"\\fa,|&19}n83,M3d>u1g:!pǦޛ-}@d[JҭM74Ã~Fg,	;SGv,\ZtH@LqKX\Zmj{mvPgZ\\;+o#ӪMa,@GK)\0\\O/&GmP1>/G!*qðbN;4JC@c}e}LFX=A_^Y\Z\Z\'1Ge\nKw\0ӵrӗrƸwd|փa;Bɒ>gi^W5})~q/hU`M\0L@Uz (D6*l_X|z-V\n}\"vA[GÏ9?R˳U$\0V{t}R2ٱ=֗ށo=	ȨtheExBM-b\\oʑ{	a\0H>lkb9D	K+CmuP;!.>0F	X24Dn{b\n(]ʰa5\'2\'{S-\09nfK.e@u8hMC?-\ZdJ2CmbaCr:-+iR<Ξ5їhn`\'~Ӻs=jE#fde/VXˉId~.ayczQx\n9kN\r[eBI/[yw\nP`ٴwE9G~cɖI`J+V	\0`Z#[R9:Y/6\"9-}[TGȲޗ&C\0&3ۍK\'_3:bhWJJ03҇pˮ;cşe Ŵ%\0e]|.Bjdyb}LK}RضV<ʄerU`Mg=U?!_Z#h}Za2eGmuGלTo!3%A0<edlEFX`yN)aW\\qEwI\'EMn	Ĕ|jQL	`*sxh6\nK%.{ gyU$ImmDZ{ǃ]S+53.]0ݠs{\\Cws#Y8c2	ՠlS@ҺX\rԜ=\"S>4I&	\n$\'@\\X^	\n`c=)E	%7)pe\rJ%^;,YgjvO\0=eL0+M\\D{;:t:/!|(0`-.֛&rrdȍ\rq3?a2d՜b^i$\n~Q\'	ȤL)`nrg}>	0%I,p-\rB?Aߛ?$mV-6;4;gh.x.F4wq!sJip7˔\rE]!dĚi̸gW_JqFfF,̔o\\F\0G(Q_*	tZ=Y˗dڴD!7EҨKb^ˋ>	<ZwyĒ~\\fw:u\\^9ww/\rWDaF%ص+%ܰ\\]+Z8K\rSnSKL\'	Ȋ)2T|!6`#Xbn|QU\n*oh&F<E*6S#8E?{,yشnhl˼ո	@ǃ8<wwcPzA8HUզM2\r|pwR`RT:<ST4[rܬkTN#Y˚LiX]5eTp$F2 Nfsl^PF=O*7l[eDY3m2\rU]>\'c>\nyճVTf C7Pw(VYRYA,k%%mAJ+	~d^6_t/h\0A542\'-&1?w&0:-LHdׁΊ?99ǻ-~ouW}(κN[M۲\Z ۖGg\'l{a}0&X&3bV֬PAp#j*~GihB\0*,]2)yѕd\0,8L6-%\Z|ĔgWG@QF{L/-XzA\0E|\0S%LgɒRC2T;{S!Moe3o\Z4eyc++\rبlYG#\Zx-qNNf,`1<`,+\"Ua[~k̏b$+PLK0ƿp+q#Md\n[!Ų[a?_#Fm\Z9E9\Z\r:9 )3\'3ΜsSgo R4PlO]n>dhm3Az\0.jF=Ŀ(o\n2u2cTDeb,`n]3D,kCe;͸( +7*aQ_ſ+	4K@\\R3f_~b2cHO5&䡱yRX:3ԣ)MQc|uߧPql+Kg.r*+͖r\'6I) #\" ߜslEMr1=  #h<Ūs0Lة!Hvֽ@\r\0tx8/tqXtp$kGJϻb[5dC#[ADTmR[tYљUeNƮ\0-&d2ԕ\Z6F}y4>4``zk\rm)l<5$YI+`fd$eW_g`k%2[\r[	)/b5a\"􌧧ya[[sՖdxN,/\\Bs>,+>e&P&6I;\nƆE6~;릗G!6ts<͡e<G<\'[?v\\	4@v3Q/ăp<Hmlk\0\06_IYMFmO&K<PɼBJA+N7րlu&GO6<T%ZɀY\Z}<Dz[<d.cu1@X&btU^fNeJ&|?ΔɎ`NG_XCtߛٺq\0DԱHϲl裶z\\g9k`̧<bX}~详M˯R/5N\\Z${ސ۞ASGNs(ӧ`bO[a)ߴAl>WZ&!ȶ[$pO|?<XͲL6uR>NćҥK횡0dq	0>*VpSڣj9&?L3t5q{URAne(`-\rh5+,P87Q	GWo:pK#kʠoZf\r͚0sVLbĲ\0VGƥۦ	7*	~f%R	L= 4Ȏo X-Z[A=|gyOyȈKFN`f;\nc9Uybdj,X@\";L{=\nX8q3Mێ\Z vbn	shC@<PmWA,Yj2Jx\\:)e*+.,Wuj.*\')Z DmpJmb:\nv#}9ث5KEA&<ڙxs2*\'\r/_W}#ײcM 6`5s:	Mb7Ř@\'~RZ\'PLMP	2Ě3\01Qaʆ>Ջ@֛BLheա5)&{呹y.\\/`QuT-X$\'pĺfΜQ̎zI\rFy~lnfif%\06;4;W_\0ex>4[3P$Y˕+I&Es_QIIoˢbzw	lNnx8pS;ļrL#	WN`+{R;\np=\nbbꙬf)(7bM42\'	0AӔ6\0#Wi+=!땦~]ڨv\\6xe11mi}9_(l\'_2ɞ繺Xa5h~}!Jl⎱^tL9QN9vd,&Щ@ar蛃<Kўdmݞ$\04Z;p[KC?V3QrTkA RV\"K&րC^.4m*\"0)OQmݷY\0WiURՕ6ʿd\'PB3؜hc؋,>I>G-Ij[LFy:%O5 Ƥ߿l\ZS`3%MV)\\L`1%u68N^G2hqW^ KboM1_x<>Evk./+X\'X~c\Z[;1(sSwm6*ȶсٙS3C.ƾ2dM)=(Pql4J/#*2dW]uU(qmr`JoJU3%3^5f8\0[;9eUe\ns_Fh	چՠs?+&}Y@vd}H\nPZ!sc\rGGO-^ӟg-3PZ}[42U6׾@#2\n{LH@F9,p\Z(d;VyU[NEQf,qGwۙۗ\Z ۾kl-w@<0ǆP7d97\\ŏaϏ|M2/oS]f1du0qL7xRPR#i~dry?؝\ZmF#3#ڍPdXʖj\0UϑYX\0\"96q!%@pz`-\"XDE##r1\rɦ~cB6KlXhsv6\0aD)\r_ÒQ8 @\"k;%m%8=C0\r\'(cߕ~0\\TZug9;\"_n.;qk$\0ٶ0\n;y@͕7$\n7Ɍ\0Ţ86_2VɁʁ[&%HSYAetgoT^rV[\'Glr\Ze:c8bN.^~STߧ/a^.;7P m(/;˖Br8R9twmX̌I/&6+z&h̘ˋLd(&3s\'LS-R\0kVkdyK\'|o$w ιsТɑ!_^ȎS%J9svy30yrqJcЯ|Κi,}=y`г]oT	4@k7Qzj29h2\\z-PTDdx]\nL5Tpܠ\\Lk+˟Jq`;Fwԗ\ZBae\n<S6mςʄ4U~(ABKJlC>Xa%˰wp2fܜ	T0Pŀ+\"N_=\03^dC]>,o\"WYE\\2DxER_d;բo\0e,#VLc[\0sR QpAw`9p=n	LJ?2j.K 6{Wb& 6[^]v\\<s)c]tW5S-pHk\0암5pGpR`pLyׇ	r];\0V+yTw@#KZk\'u;\nDJ,6c78i}\Zi\\rR8 !W*^Ivw`)%<\rũ&(m\\49Z\rNx@~1fYLC EEveƌVϏE/OYPdƴM˜M^x1}zy=NTXwNQk\\\nyvgq~q@d`[\'D<9jcrw\nց;=WģTd7OPƭ7ü#Ev	T8S#dP3@gN(QU؈U9rׂт2XDH7n|;`#{&MrJlϑ66\Z<I9$26Szc_,#b(~`2rpsǴ/Yn^T夲+/)9i?7MdZQ)Ŵ>P%pp!u^\"l7({4	\nB_ ̖h		4@M<3Djg\\:g\\K+Rfz1@&ĨԨ</;\0PY\'F`F`r8t*RPTrHpTLuݾw\rG (?pDv(Q2VN:o:] W 7`Z׭YW*Pu@li=7<,b\rè^[cjp}|\rL*d;Y4r:9C`pU.^#piό^*!Һt	}#p#7@6mU	4vK.x!puazctM}(-K$ifq_ʄ&M1=ˡbǎs-}5RtL6؞AM3\0Ť+ҴYfָ6XAԁ\0_Uڠr.(eOW(>ө/;Nw}|̉O:$,7Y@(MѣPI6ʐ֚qrV2&PKȵV_b\"z9ҊQS!b}d	01?}G!%Fc,C`@L	.1OSv\"<hkw&)ȶwa.e=Ƥ`f2U?k5sQAQPi]{Q91n_\\L\nE=Dl>\0(ͅg?B1T^:8BldVўlPȲ\0	hTfF1\ZX,ƀ͒<Sj/{4\Z0f\0nKǻ}ULπOӂ^`M>gM !4;qq%^D۔y3`izQdMj5]sfH=4y@Y潑Att/&ܼ],K.XKZ$~<Ʉ9Vˇ7WO-ȶ;E>+%̆8ri>C3Z.!c~:D\\,o+ir2hRj%foh)F6gq:6\n6Y#J\0e`ޢHG͏0\nx-!?oo\0	YN?4&w??w]zYGGM@c\0hӜ3?d_<-~y8}ôW9,vHИ\'`Y]{$\0\'D}&y;-XV])lfͿlVH4_gdT[2`nʏ_Xybd	e}M[S\rmMuM|<Bs8;h,8fJ,rQϲ	饗oWlT\nlCì%&[(9`seYc\r\0\'Q \"DL\"n)Γs\0Đb#M1p\rρ^VQbe@y{ٝ??w?ӷl5D+(\0g0|s7ow_\rIuȔ03;%,6gcXM}~)z,{`i1Y1mOcISuCc9HVK,OyџW?͉\"IAc	%,#,_PC 0s2G2Mȹ_.g#v\ru/@{Frdz@[LͩUio.K`]lp֒ŊM?;1^o`hNhPs*:x/ɝDĉ*:@H]u:1(\Z0SD	F㧍/\"HSI)0p\0Kw<A4J;vXo~/}=`?ܭX\"}VF\Zʕ+l|%wo~[k`֢N:`UP.d^tPsN\r=#hH+9cq^X!(%ţ/8|IR~\\t@M+Y@vm]wefعXFK!M1%2MřO̬Ze2ga4F;GmñbhlUCtW|~o)VYL8I8gJjD]|v	%EQa)ѿx\Zq3ڮdFQ4\rU\0W]jRb]kd;ttNن̋i.	W\nfc%C\0Fӎ z&U\n\",V!xQG^˭\08`W<l6]8%Kj0\"i;)q\0pЮy%War\ZVCTIvT|ĨRsRJy:L693CjJib{vuUv,u ڿ}Uσ֓@[O;uP}0ށ0]+cgWN\\QɟFFu]oR4ZDJa\r&q}r`\'K2NO068Q4~{ߋ7rsL:fΚ}ݫ^Oz(G*lVi[RkMt\0V\0I(eKQKAtQ\Z{ӔKro@z5}]n%:qg=+zg>/iʜdGWaQb_o\Z\0rG M`SiU(bK2hZA[D_Nxdz$/Wl檮sn+p\\iqQ\Zwy.`*S%$几2Is&s}=(L}r\0,\'rw>߶gC$$\0ٖt\0X<G폷%8DA~pFEb)g)\r($|ytePY<CEօ&**/8@\rkco*B8]2Yd\Zx:\0>^}#=A(ZJ`^C\\KK_;ŝŵax/﮺*lsDeiz2F^c-9=pת|4LwHW#ꕫ©//vx3z`{c9{_UCvA|+ŋOdr}јw+\0+2T	1̕ֆ9t\'a7Ll\\@),M	\0,io{_ZʹQgր$HX\Z@l\"v[\rw2ɰ9O47O7ys\0a(|dM?mh&mbvF9a71bp@6AqWf-lR\rdp6By?Md m9&ERƚr^(q }b˻9;X;ֵ@Y9}JSt_\0\"0P=tnk)E_}ⓟ8IBCIsp\\w)M\0(_\"/0W!+qg5e?gGl*Bbݳ,exka}\"G3ŰՑ~m_h#?EYZ:yN;@M[L-^,%8>4s.w3̅$+ՙ2M+Ь6ɜXQ[l9\n%q,4{VS#]&P!hۢs9G n$\067$;~\0njoZ_^gU<	L!.E& \"%tQa:jbLgk3B)Eq}n7}oB];57Λ,֤ٳfy*0\r*3:3Mi.GCmp2oޥXͨOdVq<@cqd\Z(`j[c\'?Ow{roxcȈ-d>ߟ.wB>e3goyZ0b}n	ҩ_M)\\ xDzW9۳d~Ā]1-Z*7ɁTb\nA&_~tOOlA̾V6N_\nw,aY\'pnZhlkI~\'~\'S0`5S?L\ZR>H<4\nPhޑ\rizɴH1!}`\'ߗAfߟlwʩ\00wKF\\)2ycRjPZ闿_r\0(aN$\0Fw_by*L~+`|\nXQ3+r\'X)n<eq.H^|L	e/~lƑ\0@)#ta&\"Edx_向Zؚdb*~3*Lk}\r\0WVjůXEx9G	|tZmt2\nH#sJ`Df2>A`1S\'ZY5|.p)=M,9_r>/\\hlc-.CUv<87T 9MRbp2=)8O\0R~<RミAolu]f&Ja$By?Hj\'tRC)OyJ[=c+|]h?cY\'_bUv=TbBO~`9cn!4.[eδST2P?#+~S|pƫ2,uW\\yEotM/~ЏP. Q\"p&lqɔ(@\"`djUy58N\0@`syBLVjẅ́CWVa.Ȣ|WL&YʁY]KLG9\'\0tٖlW~_9`#-I$%=;Yxpx8ҙv<=4Lv>QJ1H38R#U\'_<nzѹӷ O՗wp^+^\ncbt\0&*=ph	?~swВ%}t9y~f`7~\Z|4RjSp;S=\0D{(C6~ԸIlRҹh<(K{^쓟d$ͮGo~Ȇc+&2d:Ab`dJk o8N|<KF*8^Q̕G\rNXbɌK\09o		srܳB`7Q(>Xa={H@|*:b?Ӧe/N\0,{g\'C :묍~9\\M.6	<	4@ײnX=Pd2A+3+(W^~-7q r42	I*13a*;bH#0.i2ׇ?Q/%#aJa{CN~R^\'~\'ʐ9Cxw4Y7-a6\0쮹Xe)@g@>Va	9DA]eX)t069fW4k6)9[}?>4\\Dph}~_A/G9/R/0_*ɴmr=xkS$`J\Zf:P90%GL$UVko#W3TԚq8PzRGN_ncxc_&qn^)|S)@ܡH`$U%\0VU90>^z]dT5X)r6(s-`92wF*(:7*0El_hh;<x?a\"ȃo<{w;{Mo\'?0I٥}a2m01Ip-`R[|֊Pgn\Z\r7iֽ\03}b$yn]6ܦ׻ݽ20[T`@gӞܐy6͟-ŌI\"IwCXJz~>h\0>ZX]lO/p(P\"	aKLAXyt`RDS%LϕI!3e䗦</S*ATTfjڒKJ[@yB=]o<č}ƴtME\r=鵼$<C&mY\"夷mG#lՊ+V B(c5xm\Zڔ[.\\ {q>Cm@s=g.蟿ݛ.`ˁ[o!C<D\'\03fu7tSWfnqrkBuŖmt!2QBäYѸ/2_>KhzȈ[X%?yk+Cim\"0Zer\rd~jRX0,4(i~8?+GfڛRQ9Z\"ƿ!L<Osvqp;3x`(n|7G \ZSɁuLGJL#\'@z|Me6ӏ}\Z ۪߹*x_:IJWZ o\ZVƝFBH=^S>:|+WZ3լW\0rd=*NOVAm\"Oػ]\'0Is\rfS$(3/;r$W)Z\0nAFLsK}*	Shk\n2S+#Hko>3g=i˜\0c/~K	pD_;꒠\0~gß娞[\08b2gbN2`s!aj&gssr0S5gn7MoaZ֭#0c*	(9Lin~d6\0\'bu\n!`*F U30\'7:S\\,fJ֣Y/Q$w@d[\0\0\'{ Li&[Ϡ_2%RrDj!g̔1mkR|gs/\0fR<^W&왑XИK~]T$-E6㇞hx^(,?O;~\"^ۊאM~P=#F~@9ri-Sg?lCeM0C_9~+X&fկzUC[Fڜ}>~\nU}~H2MzbĚ	`O/3c2@ꐃ?n-Pn*%i76m`l0Gkn]Zu1Z 4Ei>`Q4V|f0W&- ȶ[@`gzK^&R䩓\'$\\jlǁ2W,*)\0%S4t2B1[<,a} f9(ڌ&9b5Ukv~7ŲG?\0+5пd%<o`+>vOχ2esn[(Q+V6B>\'u;ƾig`*pG	~o03x_0_2_2-+e1Q5+_hCV<L0𕓜3A;\"q\\uMc lc흙S-m{)0u~.\"3;t7\07Ab;4[χt6?ޢhl{,UyK\'Impe,`M cpIL8\'!죫d\nqs?gGwƩٜ|oW6JߟdƚbLj}dum,dAoFʑwLVDl/CCPE!t\"(w̉{mj=Mtys\"~7k|\n\"H[AX9VN\0B^ӛ>V)s*Ī@Y,\'`-X\nݝW\0F\"#J} 1!99׳Ls &ZsӣP<fuMX1U<fMbjx]`pߵ5Y.H<{4#riJhl+	~gx>/Q+]I7z_s>rWkc,_IcʿHPQ?\r&T 5;Vͷ/b;\"uqABRRab+*!lC#C0U|3	\"c&6Ng,r\\IJ9qUJv6?e?c:̶!p/2]ӟ`$sܢE{uǻ׼&>JbxQܱuzY|	+m$=Q^J\0	9+LL4Q+4$0#6JdW\\v9e֥k)aN_]GSGȼ:H{CJ=4Y\'eGsphԿ?3&--ȶw(yzIqcyƉF\0\'@E:`FpW^8P HYS4r)l7IASTjZ6I8?ޗZv]tQ\\f,cWAx	TL&ce_png?dtf]9!M*Bl-\\(QBŐi\"ZӯB5@V?\'/gsv}_ͪ,s>^X\'pd*\0hebKp8-c\'Vim}bSܴLh=:d4D;	B{;0/50[V$S&s)&Y?~s/xd0u/0V?\0HO+\Z(h綈\Z \"by+ws`9=WJHIȕ88Rs3d\0Q)衬#2}&RbN9cUbf}\\᠇oG|gq%[\'gWpu:&\n\\}.{fD\Z\'%c=\r6l]b1rRR-ns^pde)y>ϟ7{MP@AP};Y*Mm \"cxU:wSDcflKV:2\rbx1f\n},y \0LcK@{Fm򗘔duS;][[9v8l@Lπd5Wd>JNUg鞆Uч}OC\r=Rmer⁾Ӵ-و=VZ=5}sn{{,KbL\'%SbFϽ,L\nQ ~KxB\"8w0[O8	h68so}$Tꊾ1Ё=c\r\0p\n诖#R ShaN\rf˜SsqN3b\Z93FdPOޯAc@`l6sKcS\02/©~0lVF9ht{f#*sjzi$3:3MsZ&Fmw>tڎ*v.{9fGN/&02w>\n<%85ۙ- ȶw*ЛmJ3ވ];Hyv\0SqO+PE|&㔔C{	MMT豚]\r|t3ǁS2^d0,XL)SG%d{tuTba\00Yg50~[o\rŞ*c5G`\"Xa8Gm,,h4RUE.eZƐ#q̵\\A0ľ~~t3>rϞlv$q;Ĳx׵C׽=*e֬/T6e*yY~-X  ~Sd8aN9~y\'6r\nɏuG?XZ	>ٽ7	<\Z	4@hlg<(O+fƃoz;#wo#`ZYJY9x%gdJR,z:B+ҌcRXv\rtѾ\Z\Zky)${,ATlcn>d0MXiAlc[ml@PuAc\Z\0;|\\y\0n0[	/VqLG!h*qs|7!V(/XYM9%C6+m\rĲ2k4O8ZO=uu^@e#.g|t/{r.LꟘ6/@lBx03Eʄ1,.3Ifgh\\<cխlx%\0.❻<V{ /)>xeBvaJ_o^\Z\'ug)6<(B9-^\nH>6]W(Yq}e2:hi8IA }e+4:5\'c=&J1q `栘`wߝ{VӇ9=9^Sc &K~<4Gv`Y[nde8^<\0c\0a96G\'q>_~7~-%)ώ9Zɶɍ=@_:;	>Qi|zHiK^>5gyarG4Nwx~`ƆP|wYrJ&kuq)_Pt~hLӗl#R<ND2e5\rPLȥm߭ǖ@d[J;i=xHއ޷K.\n>``d#Ò?\\\'(bc9L\\1̥DXWnZa\ZC%\"s\ZS(=UecI2T&T(.d_/\"-uT뮻fQ-PrVZWٿcwg1FX)@/$+E`;=}4N>/~fo6;ޥ>ŸF``\0#~>c-l[?`TClWLJ0NCؓQs|\0P!Ǫ:@Al^4db\\XX9(@@P/6jr,d|q`h\r1/z~ h6>rW2,[JiCvY&vѢEҥKg ^xxy6Rn	4@؊\\K,Ye\0xH^މ%vfM\r|>hvtnN՛o9Tdu0>cv&TM2My%.F.j3KC<X2=묳p\ZɎI{9c_~G\"wj\n;f~8f`Jys oyKxNlݴ]P2_s?xַ87Cuxy{?W.\0Lmiast/Pk<}G\rLy4Yإ\ZH\nJ9U/y/=>$ҋ/gd(ou~LSfbUQ!u+2-ǓWy2ٸx9+CpQGq%mƽgg$<ρ=خ7	lN	4@9\Z+xgJxÔ&Z	pFF\nN_+E鋭u>MlU+\\>hJMA5g0PkРz\Z\'X)C2~e\"}~ t0ߟg.0bēNY/SfMJ\0B0%I:%VDk]u(y!qv`]=C48~+^~>{ӽ\00u%Wa|)Ro7㏍7\r\"/21Ӳ8h\\m9t̝Ϸ/{@}׈UVGTԼr|=>P\"dي\'59Uh,K,\r	/^}ݓKreg\0cݲe˦1\"ywɦ\Z Rnut{=x[6|o_JgxΦ|*֙*)\'nΩ++g 7I+#`WTWi\'ƴdjg7sWgsjӄid:E$̘]BN5(/u?py8̕Awf\0h>\\b9|f\nPH_YM\r\\N?V:^u]zYنKgro{[@E\'C=/v^Y\"O9M\\xAOͮ6LpueaʧlQ-/s(y9u<w5ܧ\'ڙ_u-otp	U^\ZsI2VrOu߯ҝu\r}}CYOK=6;cY%⋻x	h*]M[R\rmIiuz;\0\0dwP\0_ă\Z<C|-%@Mp\'!p󦔓3cbѤ\0FW2TY;=SAIHiE\0O<	!뚌p\0RTrd`\ro{t9(k3Nuo~E5Rr|+_;īf	j\rOge7l0z*+@Fld̴\0@ub5\";gn~w*	T~=La;ɰ?Csq@,0cM~o&N0#˃&S |Hºd[$tߨ.36֙upH\0#\0m\nuAv\\\Z\Z^\n+OX=)_N_	xOmLBZCaqQ7AحhՐ;#uK\0ɵO\0ʨo6<P<x0/]qL3!+ć4fînrTTb49!E\'JoT v׭%G6f4c=+2^^͜23}?xZ	saq﭂PKZr-ݝP7t#={l1T^	cOd8>2AkuHzl8gK@L@gJZ4ʩtwCaڈ\r[u#>K߯ؼ:v\r\r2|+_ٽ:V8\0,-祟>e?3HRԘG}W;(sjX陟^$Mh\\^#f8zbdTe*#Wpmryz]99~瘗R\nA	nƨsAp|\na>\\{R-wcŖI`sI%V&K\0a깻Cz<x>Cvo(x&v(d!(#8CffTtG$s$vKJVR8R\"TBׂ!Ѫty{%[	6ՊVeN-旌.,j2KTrȟ9w\0yPK2BSؾ0(:zK?Q.LԶn3>v9`l7eo| 6zxWOw}h,I3*=, E/>ُaΣu`av7XacX: p{)ã0iHKu4n4o;I\"{r£96=&]G\'|Fmg&^-2#&M!$/:?eYӒdz-F)u=ޅ{rbYt$E%\0wl2	w7{\0`nx0>0>yBO~U(2\0x6$iK?ۺ$$ãϫLԤ8czn_⡿PC\'Mena!گ_]Wb\00-+d0+pdF\0:2@d8u=o>8ƁիPf+`	\0	.¦0{aH⾎ɤ%;Np꼀\"bNqq?ᐯȈhJ6(Aw5N0tuvȈ	X!/c1Nڸl4\n(XX-`W4~,W|$>̼dl/Ǟ*@XmZwט/f>[gXYJ1mA&N]jf@&I	h%ƿY.͑W7=ڧI`J-(V%OʾϿ{/|ĵq%ڛN\"e{^\\6JVN|k\')2W\01pT,C	<ԧ>\0dCA^>\nhOP(ebܬ04\n(ذ631J4`j\'6_ʓL(\0h)Ω˕ńl;J$\'(BxC(\0?kLI{Z \0)J?/;QOGK=]n`׃V9k~x9 \0WYr]k/K\0NfxD(\'g@K@=\'?{kcr^>ߌ3hpFM 0;9GN6gbw\"KaF/P9~{l^\'Lƾ}\Z *boOO|	nrF܆\0}>3Bq߂ȹW+?T2z_az1{+?NbA\r_<\n.?z8=*k {e!孺j>ؗۺ_}>u/V2ٴʍx:7{+a\n.)3ʄ,Ƈ>!՜K\ZZN%0lڰbO f$7s=DfbGut^%c?т\\֮*fRف@X̭Tʁ@\0P[z\0XЛtxve0Q.\0UDruƋK1ҊJerz9Ql9I^wM#ҘL^h6L,}8s7Y2(*F~a4}(S\'Ke_>>\nhuHs1d5̇o[\r[ILvM\Z {ۊ~lS-u.0f,<<xJ`g2gH@DoT\0R6z;JPh\\(֑L)\\Ŷ-8\'+Vڳ#&1ghhRW\"hL,xzV\'oyk\'o[*]G(Jg{}BALH%@4SO9N	`hVܟHd/Ɋ\nI$	^V,Fcs!72\\PaUgC;%;K$I1v4+tHpK+̦;w,徖ٖٮ,wߚ>A\'2I;-\n<1-og`~##G+U2;Ip\0TecЕ/s-%#2ɩwܵ#Xk|e܂*CV@d[U\0@:f݅ExX?\'ܑxHFb2a c!u7Ef9P}M<eui\\ͻ\r\n6	4g;^jH[s8Bf;^tK^}W_կrLPPTaR22TsLwauo)Ɏ,&Kfzd<#NY1V.YRd? &FRV@oDW$\n	žr)DLn aY,̞^<y+2T !zI`9cm=M\r3<9r}G@ofeg{bdx@Ӳ<x[[qjKX?>i^rA}ư:?ףMww}cӮ5	li	4@%{\0cv\'bw!\0p3\0Nb<+)3*\Z2evѾ!zv%Df-@\0G*(Hn\0ߏj]/G6Yw*`M+]9MO<)pM^+{(̒jUa5GZ	SbPJ!,\\c1Q>΍{3:; rAv	\Z\"=A>яvwb%W4ĖL\'x(\\t᫶v\ZB`͗}c|̈́/Xb1,S̮3gj/>2ց -\03+pYwrdt >l,Ka_dIl[PZ%M 0<~|e,L/O\ZcgѮGp=e4K\r|A[Rt+pg	C-c%/ɶr	zꩰumN<6CKݸ\"$<y	2{%{AQfJ+򾜙mAr(І`^pkЬۂj6_0{gpOSϚ~\0Kr@f؉4d\ZEK<~U\Z(L(w,8YI\'c@hiABx _wV2ܬ%):| |8Sb+&rXg\Z7YC`<\Z]v┇3\rMd>d2eoEї>=?]&\n93|AJFʅAgdsI%b~C?_t>\\ >K)@ew\'\0uhwp݂}+ɲO6-ȶiL\08fV<7>E>C[pǿ#ؒi]LCJ5U.@[B>c&Sܒ9S:gIx/7\ZQϊ[96HfQߵq`~*a,8(>1|Ɛ=!Y9	\0C؎{GiO}jsMTbkޚLy_Ɋs6Ч%cM3zu7lJM`a;*>d`C\0+˸lX+2z%ӋK*\0Q7^UλY~\Zj|R/\"b,~	Y.1Ltq1j>x10}*\n^.h}խX]&]m07 7yMKmzxZ6$]t\rr\0lN8{\"Up?37ARɤI%B/VyI1S	2=4*\'gڠBu0ԇk񼀖8L\nx\\bY4%ٞ`}*+5XO#$駟p&@&=,kSF*Tr\r(JYؠ\\_ Yviرެ ,[9W`N)zHpOe~sb\nA8!S.1s\Z7)2WEcܸ3a%25~8s]Z\Z3^#x\"[@!<pկ~[|ً/+|)qSP(f#?v*bxc|1Gܶ@Ls(J~ʔ5-l݂]#vނ(s=fSl&%\069,Q*t7q߃*K}:G(Ps<fl R<WQR!ѬV)>;ʧҸu܁dcytyk3[OE0vH\03roGb%}OA8/>ZVX;o&VɰfȢ>%F`dNÑm?gx3G/b&?1Q<V״m;Abĺ\r;\'n,|bCapg\n\Zn9PHZ +@G֮9%v0Qַ.8\04$rZebY<sg4G2b>)22N<Ĩ_hzȮe\n7~jInp]60xGbv%ȶjݐ\'#Ň\\s͕x k_(g}2VB(db+T|)Y-AvN`-P<hr4#E)>ہJ{9wQ_5K)G2)i7ҷa~P-虱^Jk\Z7	@ZKDos^\0\\u7~7t}\0\n8Ћ5hɴ-o7CF\\drb*}OfWsB1r%h#atߜ$ϻcipoyfX}|*|`x|*|N{ GC,W\0 _a\\KVy2VݰLnռw FFmo*InOZmך	4@Tk&K\01ɚ-`\0\\b;#Lw(8t)N퓩o76-ùzʁN(~9aQBVf#杭*^Has8!J1P(,\n	ľc̋LlNd]P1ʒROl}Oސ`rJlmDep6ST.GxMW^yEw\rb=`&YlX;\"G$`bϗȳls	Xa\0e;V\\0t\Z/,4fV_⑲0: {;߹}j]~R*&se%c/>lB)\n6a1b9ʼD#5G\Z܊w!\n֫\0ĚYr\rmhl\0Vf-̮cvʞPwix>x<\nA-\"QX77OőuATYQ9DňIIn?s\0(ed]\0%v(ñ%w*apj\'rL4H&`\rKwyf\0lŸh~xwGtzZ^\'ͺi`nbK_6k\n >l)K2cmߚ`ES9X@>OY+@\\2禟,+\0i*c/-fi	PFj9܇ףE(&|N,+[$}tۥ\Z .5J\0V\"/v饗^\rs7}<\nc%D5$fSYQyм\"\'*9|W;qEeB\\ `t*e^)xg./S\0V7Zp:0m楯NI5S2a<D\'Ռ|ML~Y߀$(ÒX6U5Uْ@@[*\0$+WB%pT>P~ejO$g0Vܾ*\" i\\MeESG\0pj;yopM^|C}|ʲ>E?%AvXn2qQq<K}5dm|Gf/3Hw/MvI`@d;@nlLoŲPBEǥP\n\'B){OYf@0fسuP4+/b,^Er\"I,Zp Z+\'c\Z9ʸ03s\\~&XV̒RIog嬯\n_vvGmP]7,\ZsLꯙ \'ǿbT8r<\"dN&\0S&$Ɖqޣs`\Z{LZxB<.$4uz޾E/`~<!\0]SO|S&ۆ4k!SޅdіoݸBȋ=&U\r#IOì	\\,(5dBp#ǹ0̀\re3lTtXZs7>5r%b5RgNxPǱY5\Z)؇&\0DW60k?jڼ޺} gXL+qP8IXT	e#*%\0#seȇ6[\0OmJ	k1-2\nt,IsTEͲ=ȍKvoӖmo0H\\]8F(-,\0żҏlƕW^9:/}=M{\0F?00r%E|aye;0鮇nsލrJ3InS%$\0َ6?YWb3<cr%tLRPh85e\n\0#P@+q<)4 WYօmMpW^H!t`x\0Sey@+xmZO*	\0Ԍ]0\r9>Ȉ\0M`tH,٦/A}$@a)HL{^D:0^͸5Vc{v\"ưWX>Fjh>yށtj΅z&Џl|+\0Hs/M!#(2\\O={LutOq+X\'l9#FcHe$[?	`%Y|,\\P	T ^oϰ@\" !ee|=bF$IWI{jtZ0D1y(\Z}(`% P˅Z%0\njLN3a-Sզuk=`OځlGA\\\"7nu# -T+Ǧv	9*MV\\+@X@WV:=eJ8-Pr@FϿ|y}XÖI`[@dȴvp%7Ʌdje*E>n :׀/X4g0|\\j@pl_\"5ʩ|6׾dцr1%Y(~ļ^h\r)i1e#fV[,7@M<EfzL3Ny.dxNЕ+|,Bu٩Mg~lt+,M(YS M.oҽ2n7o|D\'Z/\'J\'|)> .,/V\"E y[6\Z Ll4	lHa\0vJfV8@AI	Z\Z)b}GdM\0u:\\HPRv.O\nJUnTЂ\nPc\nȦm4EY8e+Sc%QobY91cұuϚs\"Biz2w)==M̵؄<u\09a+[3)QHԸXs@ml~w;u%6\'	{\0yʥ\r`þ7݋RUII`\Z k3I`I\0\n:t*){o7\'I\'PQ3#5詁\0LpbTnh0\n(Q{E[m{(Ι2P\Z5q\n[Sj\0+Aڲe0pidK֩I`ĉ\0;WU2 je*bǘ%0&ZU_C]bŘ>#P+q{77G?-NsՓ1cuqb[yҪ$\0َ7G۰({0S79Xf5Wid-Gltd¡D9Q\0^#6fLt݀|f8G{(@k%I(D_\Z}Cr6E%pk\rFȯrJ׭.X_xȩ^Fgt~s~c3-1PeO~OߴRF#}$7ՠr(\' d囄!?w/9[˰.Bl(o$$0&|ۤ$$H&!&zvW:]L$#2VU&Sw=CGuz;#)w-rg:wꏽ\Z{~Ln$JD؆NCTdQ_u:V]\\{HXcW\03pE2^]b,Z\n̫\0DGɧ_nM09t U/Xa\Z_&&$\0YM[Hh		&\"8\n	x|D~D〆|̏/N?%Q=줯?qܟy<K0\0JY6\"7G\0Js0M.gz#ʢ&Ieܾu>=,es&6;KC%sx\nM6\ZDk֥EBσVM@-ڜhB@ L2*8-QؕUG|߱acT:fM\"\0z}s7	gE(VL\nGʄhqء6:sy\0!o.F(Qֿd.M6}.`Y6Gb]-bu&+f,1M\'sїl>踗Quϱ-\nuaӓ]\rmAI6&K-79LՈטL/*^3gfXRX%8\Zc/dd+$(>g&y^ s6\0A.\0\0j|Ʊ_ʊU\Zm70Ħ\'F\0m(d]L4֏stqpwED}h&c_H~o:*Ks\rރٜU$6\0fL5\n\'\'3u%(ʺF(X@9WI\nӃN-ߚ$rhh1Y;ɳfB_Q+I{P^9^WÌ\\9J\r@dA:|\"m}VXi5,®Fڇ\Z BVM	UmZ4	l!	@EDXMVDzj15>@0yfͻ]*4`0S}S\\<\r W4rH\r&>?roXci P!?*$ 0}N	n׳d^oL`Vf,Ai\"ǆOQ&PҀh~A\r ,Yկ>e	Cyo\0\0wh_ƐmAI@dmN4	l!	@qt<45ii) jș8#VM5cG*HQ\0S4ȴWjb[T}HLPӷ幬3qktsGWi@[=m\"noRy b~zgDxd?`D!Q.M ^븕R0\\L`(!R`2\'*Nٮ3{JHVu*KmmN+Pr˺nVM@@%ڔhBWN|ސ٨cKb^l\0X-of6Z	N\n%PPDmW4l4TD%,A1z슯eHey%sQQM%)CVjl/6Jx\Zf\r#?Gd6ɶrqp.ꛢL\'VV\"\Z~4S\\	\0`kN[yЪi%|ڜhB\0+A2sUǘ޷Y*LC\Zs߾*0ύ\'?*7\r\'уu〝Xhjhܵq׃f:K3{\'G͓N,_ʭWa$OA+#{]/c蠄`!14(Ӻ32CmЯMnݏPfU>9Ⱦo^CVwll=Z5M\r9$$\0P|8hM69rf3gM&cV	-*&ghS^LlVhՉǸ!Q\Zw؋hxEW0jN4YrUhกܬ\\,?D`\\X 6BDU_\05&JŸn	ʘh sk)o5.CYm[U$$\0	4M&-$2(Ù~IlN޴r]\rjM+Ndg[uRd4Wj%\0ToF7Aw~	x,*\00%쑯F-\r\"pjְ5-ƬcK\ZRu-k~g=fkA͛9&7JeSGuL +n\r;{[Vh4	4	@!kӢI`I\0Jzo,(ȑQs̏R0B\"An>/LXRȱ\Z2#D\083/SIYL.]3R3P#b^B\raB988\'kUtM@L[?UR*iLWm\nX+CRc@G,{ir\re+pD8,dE[2\0Jsȴb&}&23U[Vh4	4	@dmZ4	lA	ȱWzIl@1O;b566>¨ء\0Y0f<j~hXHfM_Lj;\0 KpɺSdt$\0ћl9Qu`eq=\"4҇_gPA,\\\0fY\nsh2o[v<=u6L}V?=~c[VhU5	4	ThM&-$(̠ϪQȶXeRΈP8Lxru;󃹳̫Pp(˯3V6X2\Zr\\)Yp\ZI\rGZp4\ZbԄc,\07G	3̏?µZicK, I?/OWs</-\" @.tta\Z{,Yd[YЪi\'CE\00*g6FL渞Ȱ\ZyL9\nF@D\r**9<R~_#[n̘mrO`LM041olmeV\'0\rq&`FW^2?T\n6PHYP꦳?CY0\0(9_iݚAaVmzj&@dmn4	l!	Ї\nq:dg`/h\0\'	.j_/gh>7_J|	uL;#%Zt*[K^2WMg\'ko>`$:0_!Hg֬2~+*Jp}7VA1&#XjeGP=%iͅqc=F1}ly3&eP&¸[/L@1d[YЪi\'flI`I\0o,4]9앀\'<\nRڞ*$U9ӷXQBC|SzJSLjc8n?D\'d(jZtYDP?dɯ|q(}`21=`H[-p>ga_ٶiYedYdIy~ɒ1=vIVΦ,ay7,\\MM[T\rmQqvf	@Q΀(̎ 3HXVdrtR`Q	0ԑi\nÔdX?bK0\Zx+sgxD_G\Zp\n<}{p8sm##*ʲS0d&G61ʖs{nr\ny Hv!+=uL_2|UpWʽ.	}+{J[\0#mݖp	vfm}o\nh&˭ V)2c!#0S\0LT2?	l%\ZsRؓڜ|n\nsP>)#03u+L8/=,%.Q>d@H:s.&9K@Τq L6 .8J?\Z	xt$qҏȤb)V{v4`Tc[+wmd[,w\"b)0XbX:2ДԢsC{,XЂmH!ۆ5eǖ\0j\02ziHůHf,$(+/KJ7Nҵɴ6eJɞ96#dq&:]Z!iՠ3=u9\'@V	~hB,sm[2\'0*IN\0GLF`\'C~\\V\njaBÏג>dᳶnu7[d|<_Hb[$7OWL[\'q*\"߲/ֻ߱&m_\rmcZHI\r,hj`oLXqbjeyO-irV%	U~1YW~7,hBSa),,@|bdIn- 3܆ɢ.3fشD:`[wwHsNo\Z#P.L8FSdٮ\0{0OʧLA`ecz#wXX#bg4	4	lM	4֔~{\01t\n ,\"C@p ᙏ#ɏ\0\Z)jS_\r\rڪҿ+#`Q^hG3?`C1lf -W̖E#/fQ$Yxie{?T\Z;Fvd#Lu:-,[i.&%uu[6H\\lc;+W2K4	4	lE	4l+\nUsI 1Wȷ\"惕\0KߢyxK1;~T<±%@Ũ\Zgܜr1eY9GYaD^\n|G݌wF 4H~>r؂˞5&)KUS!B?VPN_6I2ð\Zڈ_|$=2-{pEU%͜	-ysaXp\rў[w;I`ے@cȶhف%\0`Gɐy͙^L+(\'ȪNq\0/M80a-JyZa]	\0Pa\0K}uHzMW2r2~	h+cyX.)0I-R4Cs#O%(F\'ʕ+p\'E߳-KfG2e\rj*Cq\\fmYg^wOڶ/ȶ1j-A$@$mVܸX2gɢ(y7L\0́P8`g\nCA#9hl!;JC3DP./,&?&},#g`SDr	Fчr*ٺ\\U&g8±J	|g͘	,YTk֮-֮Of2):\"9Ϛ5+:Mb(\'z_|$\\\\klyִnlhlPPS#W,Qzh٫7Rqs\"Ջ\'՛lKV;חK#>^Rp[o^j D*|u\0㑦ܤ8l]FmB4b)YY՝iB͞2׬/X29,0Gs2d\Zܶ5I`{@{#GVYBY&ԌɏJ\nx+J>n?\", _3,6ARQi\0\Z9S猏$@VTՉ\0#H@]Pa_>VXp5f,|@ړdWaB\0Վ0}&3MKjBlj)k底Ѯ\\剠\\Y\0jD|E0k	<sLgV:s\'^CZ2`H:&&_\r=2n54	t]w\nDhrY1bjFMICu\Z\r)l^Btbd4Qk#\0\n8t@ >GY>-YB\r@7%mWMܱ߱SAъr&1GlPW\0gVS\\HBm\rv8x3(Mk*S<O`Ȫ]tmh\nhl+UIʐϙq,#AɌZ\nIJ3*\0$#\0)X%qp8Y_#Z,}CI侖iSK\0.Adf[՗}1e$b/7)줩ub5#WUzAI40d2麟ꔳne)[̀t\rիM6eXKbn{%BkY|mD\rm#њKÒ-QP@iOΈK{ɲlo|9C\rI%نWD	K_>W C\04-Y$Ms9q\'ǻb={k4TuWWF;oĊ,\n4*\\ɐH6Ԁy[7qQX,^\\v΂ynҒƑL~vjڰQlmyn+wAƝ;p8VQJfO&t:Le2w6KwX\0{glR4:[we+\"]rq_3+,z2|G;ZNp&˽\"A! %D1xt/\"TՓP<E[BiL.޸NC{W 7	=7xuGZ7ƭ{?VDR~K=1yh}b]^*#̵q8_Wgףi<;Uν>hiC2_d2$S̶8b 8	.{0iGћyZw+v\\+wH;٪wSPgn#mx,\nWU)a5ATVl,Zmpe.;;!+W{3-P,}W?ҟ3g{_G`?.K\\b24l\\ǘQǖIzpBZulK-CQpTuef)Hh\']W*R7d=hE];pm\0\0IDAT9գXrU就z5ʅ|mR?vϺ\'eZ|\nncE@mȋwub<xnCSz|*{F-cUfj\nP=V^}\'y-ggl)4ك9:&,9O;f BpBʢ4KZf%;-`;nj\Zd2vL헭|\\V1%NI)\0EEJfLKJ;F0C50F%-FljWwѪ\"9&΂].T0m-mc7y?)1,b^~w hʾR>=uiđQgiC:h ;ӷwZ, \ZKn\Zd2SD=\'`&te}ZƼ_rC-qȎT n	$6>mЬT\ZB)[bd۩~s\0qRi,-&,.`\0@`@)x\04s%&cos0ب\\P5([D~FnMuT*ٽ毇Q|\\2)V\r3P6~z9Nit?d!ۧc}jO0v\'!p	9Gd$[H\nkU=\\Q%3K+aXTǈqC8R8-{Y͹a+)6v%I{A,	LfFՎ`*<Kc~dPG-+ݍ(\\3QҲ ] /eE~Vb=l=#SħEY>SK\rw$-(ϓ^,@\00+(/\04և\03Aac\nL\0c%d2\0MMA}U=#1atՕm*idbklB@hK܅cMg)pqIGHhKp8es%-nPGh_Auq\r*+܍|AdU6UMs@S\0Hg|dG×ojQOmm	[ &`\\cw䀃NITƎ9<Pڌ[\Z-Z?jpOH30S&6&r]/(V_|L#:^F6@[fϒv@PTqՒljG%;ǧc[=8;NT /!\r2 Eg,+u݌{\'?Ol *[]\'nn-0&b?6Q.ízxdnWcӥ*(ʔgKl2U	BQ76b\\+ͽ#K2I4ݓ\0>ՅA\0M8+#+]0p;T,O1xAvFꡒF,V۸>锫eĂIE=o:<y`X;+\rZp[~Џ@[	Z\'hnj-1!*[0Du/\01ts#f\0Jx;6LdSDqꚷj\n:*+@1CB3nkqNHbJڭ9}$kSԷN{<eRP#Q	c5dƅx5\"vOl\\q12W\\x4\n	d?\nq0>	j׸XЯsYs:Ԟ) jqg=@ٓy1`#K;2|4@瀱Lr[N[f]rl*Lampb`K\ZSe\"VKn5؟l4V{RτTw]\'CFEzrS*HELP9re/-3vK%q.C=kK6LF;ƯV?g|ypY	Y0:\0sB-#O\ZLY_[2d裏)^ßj-,@L\rB&ul2+W<x}MӐ\0jtC\nT <R`MUp\r+\\jpt:B^@/>\'04Ts%ӪBI@v\r[>[5Mk.7YHx4\rUk*ec	e܀]6\nƐemRCR[|&	Iʖ({p|êyt^v$_@\'EM嵉yJZ(d8\rpgM4w53\np0\"zD!{Evw[+@V;j܈0\\ʮ=\"T=T\"{`uL@LE1n\\\\lUKwbǮfSIzFyw=0^I1I^}8w#UEf\0nU&L01dwJU7xC#-Qܹb?Ak[	XpOD[`p%eGJffW?g`=:#\nfلކą	o1I9ۆiru\Zb5(e\"SW&ATu,#~}%٣EGreea+ɽgi\n\0it,\Zl&s\"X\nEm{m~\Z5Rs^jC\\o{$ck#UjAmDWbKQ}~!h\ZN@[`Ls2lⓦ	r{LnT̋x\0{sU{4ÏM(e2ΉIbSsA\0W]pqMU뾐j3>_܉ԋ5+&0ݐ8Uw_l7\r9\"ج?-LوQLbvirQ\nGY{Uv/_zݼ@ð˧;zdΕi	hKmrHV9y՟;Ｃ}-?ߧh\ZNƮ]k[Z@~o#܁haL%FYwI0ʔlb\0]Zw%UDA(41>T#8U9ˍ%Q6yMqmA?Al@۪d¨퓆wp0]2dnm+WbH&\n8Թj.O5{thjRe7\\YѶN\rǝȊ{]^FQ6*ޔ8w/P3lQJtWEM/Ziُ@[	Y	o$.+^`ڄ``LcNUXVXE\"i8X%\'؎(g*urqPo4|wq.@qd/Zٟťr\0?)fAPCI`8srgU:ƘX5G+$*7ڵItI+0  }z3f0%7BUyWj%L҇~xz-8ytP۸[hh@UhZ&vXr׶:KRסr@7Tsv0m]C18) m>Dd|Z,3}UPpW%mڗqN`$Ii\Z3\r\0[WOGm>#*1ﺭ\no#cu%Kw)JJxA|}\0ܴօ\ryoMGۦcK֏cG[-,\n0r7	O@va(ds4\0L7WM\Zq#cX^~&ܐjk5sݘ	\\c`L*x8TjS5)+rST&U3)ī1Y\'`\r\newvrSun1vbrڛ7ݽ\0r΢.McoO#~UJ`VciU&5],@߭f/Ek/nN\0Af@`Lc\n	4K\\PnY>U:3ZE\Zg]l5lƖ%.u{U$z&6LסcX{ruj\\8mǘsے#ϡykoo@yoMjPrscS\nRWSeڗ2wO|\0,wSbM NF ?6\'ʾ+GL[-ph8u@LtJ;7LhrUMR%ZR#jY\05ږgU1<?ʭ^C`H\ZN7\'1J\r1X0ăN(!8u Xme0uA\093pP<+>\'ή+FSSںjj4xNvfپ2WHK/=wpUZP=!LX׫Jm؏N\rd\'c׮-P-~dg(vbdne./]OUZu\"Q\0nBbI4\0ImA\\ca:\r>;jtK1[m8q\r쪛5K1\\sܥM=tG3Rq}Q	M V_:o0ͅ$01iOnd{l`(5KH^4<6]2^	b[!em\'d\'dnf-famUu=FػArmY8i\087swcek;.EWJT-_-	߄Q>bÆå8rn)ldr3jW5kqI|;6}.ERq`*#XK%Q=X\0q^g/K-}7q/%\ZwH{f\\Hw!\r@r\0PlN쪇LuquP~?At4v7P\nMFl\'ec^cz<U	x[qL[/ԦtL	ʆZ\0F}M[ 	KQh|K2`)Sc](`gֺ\'xi	@ç]yd	)\\Å:Ujev~^+Ve񔞶LwxN&ĭIEi,ǽbcԯ:\02èj;_s-p2hdڵv,a<:nvMGݥOОbY]2dq&dOm2Y1`[p˩]B-ԃXeyvNψ%Kk\0OX|\"Z\re(~Hb+Jx0ռ(_>ӄ^?*τe\rm4v;<E\024ػ4L\0\\ļo|E&-oZ[-@vs]R6ƴ;FxYXM^j\0/S!{q-&.,p`Y98\r%g$_f<?\n3q梨<0P)/Cܻ/(:VT@[ ?EPm8a6UL\'gn~6vsϸ\0e4=6yt!E|t@}AQ]\n裏Bk*u]2-5O4=m@ڳkklZ &K1q^Rcee)s!tL9Tuk3yPf%缮u4<AB&Ql,5LX7Js\0܁sksh3,wropqU&)-??-]\"TtKO`|sX&0ݒC6uőe~NNd(m\r[\09#U\nU_Hzkm\'`=#wm\'b\Z䵘oAdRҢPs婺PoDYh`>ɓI2;`>k;tCSJ[0=7x~t/q/$P&tfc(msd, .c#ET3kgFXZv 7\rnL{RRiAUt=5?xuBƘy{% ܘYZ~	?!	_Ą&wbqF<k,71Tr͇+n:4k5 afoIr0a#/Jdr{mĪ;ج1^rɎ5\0óA	z;8]\nOo`jM;VJfɏSZhlPr*eT\ruJ}| F%ӎ0$\ZƖ&HU%X10GS]6]\\r=qd=O@О@a_, `/7\\jcIS t=7\ncmYN(5VcCJS\Z)G9U\0>ʹSmrלO67d ꙫ(+*uPCZov{O5LJ-\0+\rPa%lBprS[ü.GQ5\0R!l9`4FyOٸQ:Ŏžɹ\">eXz5\rdlЮ-P-1)<ՙwcRb30Q\nayܓsIy&}pDdπj6||R\ZYm٤\\ǧbC|ʭtZ6=#?l9\'P.^0h{cT)J.ȱSFI^Q[\rwr9\"n	Ï:\\y;]c\\著P}rbwH|p@o6.H䝋i~\'j5oW\"/pɃ]rH-@r\n\'nW#1a]OeY@Xdƍ9$y\0ssoJZ~~F<k.)pԷqƈ<c#4MH[KEi9#\\ה\'up	Ylwcz7TO\\}*p0vrq\'Ωtkʦs3칸nN\rd\'eٮ-0-ĕxG-X\Z,04Um 6{[v\0s$\0@^hzx˕Zո`p<-)E(g=qw[|7]na)4tkXKRR<o%T-	TӳO#m/‵Tm:M\Z\n[6WY7)P+/6VeЯ;C).E_@0r7ޯ|!pik#)<W7cjy~U_(O5 Τ[woر,[8Ė8ᾛQfj}^*\\_v>r8ܪJ*E,Դ5Ţ\rw$AthF{s%nYn(X3ƀ=ܟuhmQ\';pcz	`UJi5i%@URRRj|0ţzS2v/l@cmc@1kr;&Ɨbj]&\']UU+݅G݁~Ãί6@!	bp_&Y͜SKe\0<	hd?׾.SJp*\ng\0cYX1gS͘{]-6sF\n>>xtk&ѱsM{Z/cݼys	DteR]ErropW(/>~	nN\rd\'eٮ-IRLZa%X8o>R\0Eau1e 6ڙ*@bHz, 0ANQG;NcWX*\0\ZsWv1ԻK68Ih8g0~\\(9@gv*U>1	c˦܈;`.,>;3U<7(b0~\\U`cr -G4e@^?m@ى+w(?&;4IH\0jER)y_@J,%JFH\ZM،کryx?<#댵|j@~J\ZO@m9qpQsc ڛ9m<FIW\\u\Z펅	`E\n	Hܷz\r\\1\\M=1\'٪_+2Gwײߗ6R):j5iT}C\"h {\"fF3՘\0i1C3@|Tkex4:+J,WpF##P}*`9m|\r(,.7w=@y\rJT3,!Oa(ucql8R!n*\nDzLjıbܙRRaKEdYsH\rO;k?2$snӝqٵkCmk ?`=\'j\'jnl,p#&yw`eQ9$lc7T#WK `*܊5IaZM\\)862[췻2,!\n:3XD+qSPTj\'7$D1]TPϰPϦ]F,%+b0h#\rtG&jJ@w)%\r{Ϟet-`}+|^m]zuty1Wd7v\0U5S@S1{7x7bn<K1isqsCJD1i(	;k\0\\UY4\\|l0%F@p:5ꐫoBe##UAwޗg- VdIc1T2f;RnBQJ僙?i]S\ZeM*4T,LSśe*UĹ-pI3B*J+J zb{Mʚ܍c!ۇ?X=Ƨn~g1)ū1*!mL%+KiiZݶܜq-UݓC\ZnIV\"C?\\p˫u]dpwΚ8%X/ŖnpŪN6SJסmhe-E\\){s5AkM#.vMga6|]IɖHRXc<Qxu|1ǛF0̮{Ke[1:qTF5T>>j߶\'d2lWIN@ZLhT|(\ZWM{r@֢(A~kOI|\n qYK&ur,G\\p\r,\'xRסp\r-@xցrܞ86WOOTub^)~;<	D`PctQPEʦyq-1J!cZxT(3UȀCdCϬ	B@Ֆ`w*:Q WGַi~\'in׽+a\0k\0\'g\\j֤\\*;9a{9&q\0kMX@oB<~LuR౤\00jg$**6?7vmgCӣ6wWd.@+x0S3G\0װJѩ-eWBXB,=h	,uoJnc˱SVcpĎo(~zA.Lro7/Ś{Y<p^{m\'hY}vSm=@Lzp\Z0XC|&m4fwϘ-uҼ_\"wY:-`7A\Z0p+r;̇\"X+h<(IY_G\nʸfl2%ů\Z6#\nNvz$,	+WrΫ&=xVq-;\0ʚj_nc&,j(p.4\Zi!\0Hס1},* ZJ@11bԱT..}O8hT܆Y@(7bR{!&KM\Z3/M#Z*Ak/&՜]p\rI𖞺\"ܕ-	ĥ*73jƄ6ۆd7&tuP{:Tgןvjd62NLW;RxqϪ<ZiLclơh6WNW<cƕ-z>\\#Pf~w$VI{1=j\nJAJ*bg]H:y	r_n[mN\rd\'hܮz-_0_+\\|,&k}B\0I&\0QNr~7j87td`2a\"eDe77\nGЙpbRb\0HLk:XL9{juG՝1K;kį?JfNa&5k%WW성iTDG>ExmtP=Uy\rv/*WY**ƪKR&ě	Т;nd=@ٓw\'Qycb⻰oMҤ;8d.\'v+aUx2P3mD_ץ D5]rH{,P\0Q1S$P\rr3F@סrA9ץFTu\\.ޡM{ͽ*瑮Gf(e{#,1K+(&/N\\(~uƍ_ϵ8h ;;q,6%&kLK؄2_@d\Z w&YeUu2T\r@HZ[\\HWStW+\0G.vP9?5\nLc<6;\0FQ&(1T11Ø87qᾜ1ޑvhzӫ<nܗ%T,W:J&WeXLt MXo߾}N\ZN=	Pc1\0m.\0@DVMrXyLVjۖA0;:dI5W켮ڍxs%5vp9;Wc+\\>FW\r+{B?\\:*jh_L1	962UIԴSYmKA^	rQnJe\Z̓h\ZȞ}@Lm݌ms!&b^\0-Pڲ-2p68JB\r>\0:^wAVQ\\>-0*vJc_c2..o!<^niE<m>6ſ.e໺aӕCקR&;.SĮJ	ަe\ZWZ쩚?	Mn723;j࠲>;\\@3y;Pw1x铻U9VAv8\0\":c\0UU}\\94դz)\Z6_\r-Nk_ŖMԵNT\Z\\m)UՖ$uUIyŹRvV=@!;u;t,_	.?M*CRb?/נx[]lU\r@I:Bb[ -\0YMmP}tr`ZsFU?$l\']ԧx.ɀ<Zv7[YUӽ{v-p)&k1-\nVLU9IWa\n>4:/_ۨp*TW\0ZtGQS	\"h\\s{!AǘqnjCx W%r-}\Z#6Ɲ\\X=x9b-h/76_w&HP՝Qb)g:Γzun#;`vtϟA4=7|-╘N\0OURP\0\0]G*6\\5\0դfSMzP8<}ZmAy\'ǯM}o$SU\n^^g jtr?uۑI9^eal>^#j/ܜ7o޼ꫯD8?a[@3}?яb\ZO٘]%>Q33;>?.Go~Q\\O]r{( r8r@U~h|,_֭>p]=U/>%IIH\ZJσגjOZqpd\\?W/Bv\Ztά\Z=-Lw՘$wPT2瘻)+TϹYcwuk[W:W*r@\rG^.MMqWh{P.]ŬtHtq?N%}Mkm9g[3\rr_KC\rQ)G޲xoAltiݶ>ZlzD-0ݔ7ul*\\Qtj[uss^g\0QJHT\n\0ˁXw+j7.(e\nJÎrUM]]Y&c`#h?Kz+G^~:NJɕ1œ{nKQe/EX@[`@KehbZLceջி-k^OPUwTTގյu^ʚ`S]^f.\0hKsku=Oۮ\nfX\0U\n͕ѵq܉~\'?k֭9R1e~Էb/\Z˱D?m@+d\'ona,`=Ա_	amz*\0}G*qG)f[.8wzyOX,?^9>o,)R9qumm]qî(LDNvOp sKW]EC%sp[6uM\0ÁΫjSkqڼF=}og?oqG{Z!{*fFϲb=,\\]ͨ:I\ZR\\]/G`p!%T	u*(U]ixM)\rǶ\\؋mܶ~y[)9+SV\'`EIe#ry?]?z_~Yc;5h܊@̋Vl^1nwq9T(xW31s-jP$\Zgn[U)P?ķR2}l=T51ԻǽC{W(uXtl}7n__BW=.S5ܹ`C?.%LܺuKy^0^>{(mSiSy[Sϲ$S1:1nM(hU=qQL\n4n׭s¸F_*Ϋ~RW@׹Z׻\"F?xz*Q	^/6|\r֧@(xȱT)7[pLwqd\\a:tB<jV[6=τ\ZȞԝ|,0!c\0T&a&A8P0U@}E T5	h-=pK7Ƀݨ~xc&kPc[sf~SrxՕ:7$\\(_Q\0s6ݖWя7`-,ZcŻ}>Œ-AܚD\r[vl*\\3\'{T%M[Wb`!(Ec\rW\'^D[qdv]$΁_^G1V8íqW+g*O1cVm+˗[-*^㚫wy絟SW;w,?p{1e|c%`|KaqCO]Yhu*wՐ		nCE5Km8ZyZЁ$n\'[W\'֮R:=\"\0CRU:?4ݑ)~-:К齶VɅ)ϥrvj?\'{\\ugg\rdgp$8=w-mx,-QL[u^_ե-5i*СlumU7ר>6zxǀ]^\'}ڪZUс¶ۄl>fJUY~f\"pc>7`\rudU9e[k_\r{p-@vo)X &=F+Gt`Uk\n-\rP;J;\n,||uL@PAU*a?\rWV*:Hs#OXJ|[@.0O{ިW0FLʺGڋ*leWb7#A)ɶXcV@b\"{\0wXX*kPgu1qD\0-+a˕-=Vݺ%˭[\Z9Pmݪqn |HcgO=.\\}`Vף\"1倳Gٯ?cmt;{iVO1yqq9JYq`	zjBmz(9:8>L=؉M5ؼl{Q׹ϕ,[mm5.AwH8777=8]\\MYZL@܋qWBM\nqm[m5b[\Z)d$!fK	@ʌMz.O\nꚿ\nk(W\"9H0\\QrHm-x_O=j+Iwo!oCWGy.8 2vW4\r)OK&Pc;%]+b%\\vMہ-8!4a&IpU深ÛOp`*p5ٻä_c˃		R|22Bע9D`U0LyS>P.z?*$Kw!6pEJS\0&ۓlJQ/qm>\Z>d[sY@x>&̷ !(来Uz<JQp`p0mU@UTc<aUET[m(pP9ITgWזF[sͅnڪpkp	_jfKViNTW|/G~]--@[/h|bR=ڥDݕ$\r8dbo)lMꮼTCCOUPhtzԠ\niԨ8/cr|RٶpצΔw;\0Xclu_*\ny[PoZr9gl}{Le\01/@;8W,G\'`0jWfLz\\`eBu`)X-\rT0W\nzyJ9t9^V0F]n_6P2¿ض񧢕,Q{W@CyN~_`\\Vy>59աsp[^8	4UνOï~/r@Ѥ\'5bUƄ]9n*NUc\0tW+h\0/Sӡ*W^)^jw\':NW	wN׭TU!qe2J7wfO뀥2iݕ\0!WK=rʥ>&qWC%_8!4aׯEv/Dv\"(5js!<MR%ϬUȣ̖ɽJ\\1k̸\\r@~w/B永%Ty]U/7wU9[s>3հx24ԮT?&pLpK-GwzN>O0G3h\ZN]Z{A\0&uI h\ZW=4UNn2W̫jV޽J?M*JU٪g+C_Eρ.EpU<]a[(#+Хu++`19Qv1rV|/|;߹y[d,@v2vZ?P+/	ƀ AsgfIS.\0y\\8<8@\0vQFT4x\"w9 8AyϮl|9WӨ~-;ǝ䪟]$\\;q\\jHO7KNOw#{)c0wXs[w ߌ^@z\'gm׼hbbceg]MYq%M</WNt\0\0=2 +eU%ͪtQ*}<XEvw7fQ05[^Px}?;bf]s\0vnMU>W>qc\n(j\0t^r/E۝ vO\rd\'ona,p16c~9˄ےW&JMo6	ûBFyljHyÏEu`%F]3V+K@.@ws\0bPr#ҷ%6C$]IWX/.h傃ขbrB\'k{@[_n\'G\0i:dtwj|RZG[-ph ;Vsven/:%mL\"N&DWa̀+W!qqk\ZKQ~bv$ws98hx,uH+Ddsy}<70nɎտ^Vu:gwrPoW䜻.KW?trC{eՅ>*;`1,P}$\r0x)6\Zo ?t=@ى+W|jbLxí8_`ėis=xs\0**VuW:TwYU菏nHw]}Ё0o/y]Mªq\"s6>0|t;9ļFG\ng]]cէ+|$}c|chġxeodm1[\r|cWcRmI W0=	\nʄ̈́8M@&QRj\0g>Y8AL\0(W@؂\nf \0B-A/ǹx@reu@$׹	WRqqjv\n?$}E:@/psHs;yw#}Yhz^hLh\ZȎ٠]Z @͛7oDsY଺d^-X(\0	AdJLP-8jhWWUr1B}wwꜧ([<`SXz[C̄*r(d\0ۏ}\r\n\0\\\"]Ӿ+{|P셚F,0{5\\\\BoDl͟g#;߀y[XXmnݺu%ߌI\ZD>BoAB7*jOjHmN-rJhUÇÄ{+`G\'6A%tuȃhA:kx V/W:6۹sk\n=ּ;3I\0pۿK[r֊\'.`uƽ{>T[ܖRl\ZȎј]~[ &z(bJ}1`|Bjn<M\0$MuP}w~\n_GɟA#A	s(Ug jQ]?+Z/!}f\\>f	t3KgOc?5MCpVƙ.&|_th?6q}	XUbһ؋1+>9L[x=\n\\qppWU<ފz+_iLGsY@mr]@\n?m1m雧v]U=8p{4k\\B}5%pu[Be\\5\0G]\0s(1Λ3ף>AU4Y=Pc+L+bRZ/SAog\\S[[}mն+NL+\\\"1oݓ4؀:=\rsuᨮ.t\0\ZWtn*SV}Å{^b#upy-Kw	ML_=/Ʊ[QwJh\rdfʮh-\nL.q0j+bDN9ѦλU6Mu@UyjlPT?@JPcs8qWfbQ\0\ZSiU\0Suw-Ž}WWV[җu4^ĭ8vǱ;^-?c7iWCkbR;S?́c*t}^~AcVUj\"\"\0@6\'<Y@\0\n	c@hJYLp(+eWw3ҮkqѦ+\\CP	a/|px~?޽QOVR*?b/R.;/,Bz\'j5oW/b͘ǤLVke&-^.\0$&^Wö<ǀG1 _)_!`8+Bܹ$ RG_Jƚ\n=o\ncwݨ{R\0V[p; r:ڊ)6̲R;F`39tΝ;O 5@3u7t-xcrLuPpv\\Iq!sIu;Q/.L`[)	`,	*py\00WZptǓǡ+g_\n1foEXA^e:P$.OD]Itٶ@[`\rdhB5g*!]6\0㓯O6\0⊜ϩ\"ڀ]5,w(r	~r\"F6-Wрݣ<8$^ݥ@ǍLyܛR<ޫ\ZW!ņR9ƀngjJϿ7\rժGf.s^Z!;]E[-@߇1X &Hev䫘䓶C@^=ΗrM>5: hGT9gt(S}\\8GwN!Z\nxx/H}vs{P.{H*BJ0ȽtWQ߅ntm1J5\"0L[\0\0/Ourv!;~e[\n(ŭ!/*c\ZWS12w:@V5q))$*VHJMsx+F]+,gVz<>xPTSº/W3b&e<e3``<QWkB׷\\SQE&([UO^4-]ǹ1Ĉ17b\'EAU=>u\0rŌ>Ln\\3Eі*q/]o6nT)o7lFĴq\rPG^c?%v1VP|Rb<!KbG[-plh ;6SvEl`/,[hB=UKRUqwOԀ piw+El-V9+WsܹvsU@1N.CsFj1<kkq\r8Paw\0*]F&\rY`WoLZ	W­鯌Ųe磾vYXDڕ~J1-Ux.cTd˶L\nsG\ZTW{GW}SjրJZ*o]`Xp\0F~]u\\sXZɷrH_*stU&*\\~gUʹz	>-=UP:TUW@1s7r-aQ7Iߔܪ\\9q`@Af\\:\\*_XTUgܼN1U=&x[\'wQo`juCRgy?23>wY[U5rG]])g#s@C>S@MxBǀ2Ŋ)vL1Qh2[.G@v؞\ZȞٻѳd\02]y;&k1QLL><0\nU\r#w8\0\\۪B])Hե^U\"ܕ,U ;Ciq)Wu%r:簆r(O&J%qMJ}\'J3@1d[eo~6[Nkݻ10 >k|ycs\\ٍc,뱜\n4Нx-aLb/UK\n/>:2A:d0eW*T߁q\n	LXD0pp>yׇ~\\%5(>\0\Zp9`BpPg|oM<MuP\r;t%<&`qWySsr{>Xlr<d9Ƅ.^%}0\0,{޹|;ӹ,maqϰbRݎIQa8WLFLޫ+,c\Ze:(w9*du%\n\r\0q$\0uďYGrR	[2z^\\w@9\\!Kr\0wrH|4T͑1pP\'hT\\9&*KXR~lV,\ngoWwtYtݏͳi͘.n12&m5Ke<2QpїZUŪ@\Z;zN]Q*xWݸqcq\0\0誓To#1Q+\"TfT\0\n\nk\0=-!>]l-)\0}CjqAC`:&@vrW>h|\ZP2X%-m\'48~U*<T@s\0Qؙ9J@L+UdQP\0$]^z_|q\0G(V.jRn9A6ë\\\ntp?Q~UPtZ]Ļ\rO;l}N{\n46ݧX{ઉ]\Zl**dR7*G[-plh ;6SvEj,dWuf\Z\\arsŬ**^+u4O8~]RYMKxI@|ן{g q$T2}})\0xyĻ9ҾHUUJhW.:@2J{`\0Pye[P)I=;#eܫvW{4W\rE-H\nKL-&.<Jbr\0yĿ~UPpE|sV9(hvw	iW ]reLؤ}\0gaZ8˘T_;1b~`O\\RMj\0ǬS^ݍ~s@+|@\r`1\0lAJM\n {Rab7W\\w^v&@G[-p,h ;3v%j_]x^IOLDmDt*8xQBL\"]4aTypK\0\ZAib{+@<OprՍbwW*f@zt^jCϕ5\n_dT.>3ِ,rx\0~%rRZ{Z*|5-<dG}bh ;1v`Q|¬UU~7f)Ac^ɟ2ǃd\0`#+13`qPRƘ;=WxCZyO1\0!%m	0NiM߂d,W$vELuXMW9PS^Q;>+lARcl<i4=iw{g1IJQWc`C!sPJ|2G-7cUL~?K]PK<dtw\"ɨ_/,L(6zx	PՋF2jjZF;=Fކc	^r$Qƃ.Wk\0- bPT븻Q7u|}%5R;}He!1lA1`O\rdOt϶b11-A0Qr5~CAĆz$.ՄoehAj`%:&*Hyׯ8|\00T!6}l[0/&9T<w!c\Z@\r)߃5Iƻո?At@{\n-@v\noJw陲KvrGn)]+*LpG Q=J*@EM}_H %xx]!cU8Ru;dU^zTv3N>:l1Īm\'e}g@c\05/Sǀ,a<e$Ƣ%_y霮L#S?S\rdtNbz\'\n>\nk@v*)<`t;=;V;zq^4qL\0-*ƪDNHsUj:&	Dتt6\0D-Jw\ZR=JIG|Qct{J~b7`g=A#viw-XQiؤ݊ǖT]eZ\Z\\f<:Zn-($u>_&e)a+#\r[Re<ɡս-ǳsL:X-*`h2A\0Q֧2ߞRB@SU,mKAoUU]Wr߸,[e؝%.&ލv]~Ɔ3w	;w?Wϰ\ZȞ]\n1\rz:h<ˏ3_:RD1A9M^\06|k\"ʑTU>W(Wbٮ7U\0y\\T2I~zM. )&wE\rJ\r#V${R/@V:&0f7Ewn({ʿ	!4Cyt=&Cww91\082RFF\nMؤ8D?$;@zϵ=Qu:C-oߡ^:׮@.j\\}UYYhyQXpA\nJ\'{R|Vj@eW}<vy^*Y\0߹}??9@=@Llbb--XV7.,GC\05QUl(Q)!y:doP䀵CqJs(pHj*X%\r>LWonu\nq4[̸P	W3e=ϓVS]^\r¥qo$uW5`\\ls/[h\Z^HO`uj\nÖOl98C׫+ӕ$m&H䀀{0CV}@`\nJX9.OJ\nSwKE-7wף+~HBhjF*	6NN}j~]m{	)FL}AtخnHl\\aǎ\r5ϧ6kAߓr-@G,X.4[\nQ\nuU(z~G!UVdy*M̸(J\\\nZus\r6?}9qfuvZVHj$Ci+,74>|\0 \\b(g5wX}\03cE\ZÁGꞪxσn7?Ҷ@@Y\'b;څpR7k2/ dK=&e(u̕b1Ѻ\ZDlq>N8cj2F[Zq-Ū1FW	օ$\\CޒRj}b^^\0*GP?a&pf=,Knh|a4}avj?4bb:UHpn,De\\ݨjЄRYQ	⅂3%˾a4q8lIT[yw.+cwr tKB*y?q}^p(:J#kPl(IǤ3 F_E,P&p\'^ws2޻\Z_D,@v\"fJ1ym,5;LR*\ned*$0\'\'E~0;l)lU2\n6B>ޖ(c.i#Vxb\06v@z}t@\nhר=7\0&bE%\naOGc{*[~csw>r@ھ!W-h &\n1\nn$vyNd:_\':y:|lV^%p\Z;pP\n2\\u9j;S\0d_f[\02X;I)	@1=rKI\r#{>@Iw01}gPgrZ%UJ\\BtGh\rddȮf,0cȞY]>-e(\"UdE5?Wpbý \\|U*O\0,csP@r\r~V\\(WGo/x+6`MFA6pW 	]yxa_R|dԧ\\x{\r}sT6D@C\n˄\\JLcȞeُ@[,@vLj1!32n)eU\r}5Q9PP2J|BIQ][1oU렓^<tǛ: Wr#pxs:?b$&Z@́qi+eCw)cIe?`br8T?b\'v)ʞ _gՏ@[X,@v,fJ1Jz2l,\0R-Tim5toᬎv+9mieV8#X>Е7>i/2c¶4/\\@ LJŌB*^Ґhl:\'ӱ+WT_uaS@\r$6\r(wն r]|bԉ+>B,_ռU[TPq% U\0P\"AunAש:3+e\0+~wO%\'w\0v`F{擄]Y݉ %LmalKQG&o˘y%MI-\0 ھ|׵h E[w4+},\\a\n7L~B.C\nI>\n|B>΄y\0œҧ::CWмUrnqZCᖲp*|n+]W\n_`wZd@\Z#ʒ@~){}v6BZ\"c	\Zշ8oPя@[,@vLj19]	Z|!\n4	zTuǁCuApqHB ۀ}8\nĘ*TT}ƶ\0k-Hߴ(f\'Ѯyt!U$\no歾%i,S_ltSիU{Jj*([x6c,@;>|w_ڿ_}-prh ;9vg1)^IjLtCFP,s%)ÃM=mR*TU-Jal:M6>;VW)e2A>7(CnjO\0\'Ǟa6(H*\'n{\09Flq ӵ$|kR0vpxUy?w,Jv^|rꣀ@l-¦/;{oݺ9Gh|!4}!j_]{X^\r	(WVO\n#H`E9	W\0Ly=3յ*VUQ$uVr޳Ae,:\rW{	{Sa0bE\"镭U\np|&mHEܘ`J`=N(|>\"qdɂ1\0ߍ8vCxvr}C>V49}@$<|Woxodr\0\\ArPٲY&kT\ZZ**j:u9plK宰-Cs[C\r~}õ@? Jug^|4Z1X\\`{qa}_WuO䰵.;|UNuy?c\rXd\'@y\r׮]bw)lt\'?Igߗ?z=@ى8Inbܔ0@SU\0Ԫڄ౪<	((+*^OW{Я tsmǨ\n9\0ǵ֛zvvy4D܏~݇ؐ{\nmm8O9f-ظ4^(uŚTRZ)}$\0^\\ϵze`҃}@\'=zLO\rdOnP:aY=?\nsp}5cv#&e5\ZWRcV;*4~\\/>n9W`5G8~UǸPJ^Ut6\nc\'@`~_A\02VlSP\0]Xr]ްo^P\'ʝ@8cW\0=-.jϛ7o>R옃\ZȞIt)!PZe9EQ:8Ju>0A;mD915*\r\Z5\'\"{>+ ͕֡*LP2g~lEs%݇vEJ6ͺ&|0R_hR~]SbW%I-A`m=`	8{*JO]~1vx嗟{饗/~h|a4}avhnƄjL\\Zi9&0\r\\[Ik\0dbz1]I\\T@@s@qŢGaGAr0?_]|vZUtï^.aOtUNjr+/ƥ\r(w?@jWY &qQCwǟ[Ee=tL}v9H8$$:OsI*/>wEϱ_>1\ZNĬ]Y˿DJLLEIdLx:)8R\0M|mk\"P\0\nK{uR:JJ>WN*Tr`}x\nqn:.ޖleQU*_Q	t~{BlfBX\Z+igeC1R(::o[o%;ugWck\ZN@CZLc\"\\&$wtm\r]	Ai2R&\0\'Mr>*Q?,X$V]\n[u\\$QU:Fc<i]r6rnXG:`@ \0cQ9r|E;Iz \0A]^ni=-i3)\\jWp@}*r=99я~4^)|T/E8ٍAvp\ZȞgcZabL#;S\'\"&F&Cwq\rxtuq\nH^\\qrA}znD8u-RvG\ZE0B9rOr\ZS;}\"xjG(/}4Pfa_f	]K1ʈRc@Z.ꬮl	\"seK#SB؃(s3w},?wOG1	BLĩɯ$\rC&Gԥdnh29`\'iCu窬1}|d:U&o`AaBS*3>sXۂ0ŸhU#Npc8\0d^t,1wVQRX}RrsNP3y-0}ǎ43vد~\\\\X	9v, IX+\0dK?`ԫGF,Y!Uwٱ@{==%	Q<d92~\"4ݝLLʾZuN	GYqLpdhn\0	\\iթ]}s\0r[JU;Ws:s	SRt::媛!Ab_RR>p&Ie)bǘӮ5lפc|bz/Xd\nza\Z+ςhpk*S?mc@1/bBULRd,D3w9\0U`pQxmz*v*T2%[Za!%P.FwsHgԩ9ܺ\ZܾG]\rp:/	l܀a+Q7oXTL/c@Xt_3\'X&vLXHyŁV0T/$crն{Wmixߏމ+.A-plh ;6SvEb>	0&bbz95S&Zw|&J%C]Au+<`(y99@Gu2++a.Po^< Hx:ꋻΩ^7ގ+XԥLՌk,#%L~Lu{}8\\R{_죩~8r;kAeLc{\'?x`_~=ζI[-9h˘3&=&<da	X\nʏkdX}TNY[H*8 Uwh+}/?nE\0kX\n:&ѮjzBX7@QShTHo.졶U.e׃{&^UX@cĥ	Qzw	K j(|((n5xލq3y{@md!>𵘰:&-^_Q\ZW|Pr{ij~Wˡp=:L轻̘]=|n.}FA.Au\0(<<T/.Q\\\\G	yn^Q;RH;JFwd+pF~91wg:(`aꇾ7*vPdkC\n-Ÿb;Qn\\qA\"xq_o?Gkv-@߈@($_	Oc_c\"z<odw9&,Agҧ;5)Ik[mlw0t)oNmnBl<AqDCJ\Z\'>QG0Lۀpc|gr:Kv\03\0{\\/0COy{*>;&ؽ^N0}[\0߈~G<ϟqqo>?-ذ@Y-_FL_1UT?y;+ŹҢ8tbU\">ऺ5$W.`k*dğQ^Iwzv+BB\"ƨ6x~p5*c:J퉢%\0+w	5UoM/\\@ZPÈMSvcPw/}u}ލ?/b|_<߈::Oo+gYmcވ	쥈4Wc{)&є\\Af\rLGEhpjH\0+X(PTr:(9D\\M?+T\"V@]\\uP1J/SP:8i18C`{GNFV){EOo|I|~u\n~?eN~/^|~_|7ٟY1]j\rdR]-9-}͘@~/&ǯD?Ǥ8v+&D1y_Was\"n8wi>\0\"`rabU>>0u\'\\4C*$lKn khaW\'w*OtL@T\0Dcp#0B1X^\r{~O<*Jfmg}i?E\n{3e<_o~&Ruݿn\0.8)4e޶@.d}=\0PU^	1Ytu~9k1+L*aJI;c`*UNv{8w^\0SΕ/npd_ad+L\0mG۾(*Q}Ek\r&Եc@S?V*ϊKr|3yh]X?}G:&cMǢObR}(e+nWY1^E\r~(oEku׾OOQ\rdtΨ\n.$}_4\Z}!&ڛ13vL7y5>.$\\㳠M)7WtV(R޸U|(I`,y=+U*\'V=yW6djQu\nwgK >+>Kg.*\n@]T;+/Uձ,*PĀ<~ߏm7 r/0Q7Q\'nŷqo~#Kޏū^A̓3aΤ\ZmA=K/yN\nZ</ń{1&Ә/ߘPbr祘_1ތu._sRx\nv&j\\\0{Z E\0<qON\Z)IŀkPHYPT/*K/)`yc\0BPWy K׿j1^Aˈ˭(Ⱥ}U|~*D[][F_K6`O\n}׶@[-@ߐ)@(4˂/K1I_\rxb~YjZL)`i1[q`-><PtKjszHR~7ܯXmZ\\ }I|y*l1\'>Ć\\mH5+)%P{A@\'8>܋QݸN\r)^9ޏފ׷{qKWu2ַ?V[--@m5k楀\n-|]dZ0PY~?^_ֱ81+M]礪\rE->:QV(@4#F:	@H<9- -⮀6#b|g\'h*Jx+z0HϰCZDْ(IEAJq\'\0jyIR|W%ҾoIW򾔳hNnJVʯm4{=i\"NMu)R@ťo|\nM0&Wp%F&HJu*oƂ=pq:&|C>q>E-IrhU<\n@ѥ	dqɨX1V*%m72u<fG* 쾔Ãhw\r\0J*\0x|\Z|0~8`@+^UEZЊƏu\'\\Z:Q%䀮˿썸Ξ\Z=>I:`,.\n@EHuO\"|!i[:e̤v&M]cD$IIzM=\Z5ajUQ׃({/\"{Alp7?nԣ\0ym-$w	_R<DZx_jU\0JbT@+@L0PHvM)z}/~kbm/d/d-p-R7]^{5\n3Gpbu.)f7\n<D\rek#sIՊJRB:P\Z\\6UNSm#ELODbUΩΡ	ؔ^[:_a[-hm@[-hm@[-hm@[-hm@[-hm@[-hm@[-hm@[-hm@[-hm@[-hm@[-hm@[-hm@[-hm@[-hm@[-hm@[-hm@[-hm@[-hm@[-hm@[-hm@[-hm@[-hm@[-hm@[-hm@[-hm@[-hm@[-hm@[-hm@[-h^l\0\0\0\0IENDB`','4.png','image/png',NULL,NULL,'上衣',899,1),
(2,2,'潮褲','颯拉的分店分佈在全球5洲75個國家 共有1,238間分店。據資料顯示，每間分店的面積為1,500平方公尺。此外，颯拉的分店集中開設在人流高及高消費的地方。2020年6月10日，颯拉母公司印地紡宣布關閉全球1,200間實體店面，並將重心轉為網路行銷。','這件褲子是最棒的',4990,'\0JFIF\0\0\0\0\0\0XICC_PROFILE\0\0\0HLino\0\0mntrRGB XYZ \0\0	\0\01\0\0acspMSFT\0\0\0\0IEC sRGB\0\0\0\0\0\0\0\0\0\0\0\0\0\0\0\0\0\0\0-HP  \0\0\0\0\0\0\0\0\0\0\0\0\0\0\0\0\0\0\0\0\0\0\0\0\0\0\0\0\0\0\0\0\0\0\0\0\0\0\0\0\0\0\0\0\0\0\0cprt\0\0P\0\0\03desc\0\0\0\0\0lwtpt\0\0\0\0\0bkpt\0\0\0\0\0rXYZ\0\0\0\0\0gXYZ\0\0,\0\0\0bXYZ\0\0@\0\0\0dmnd\0\0T\0\0\0pdmdd\0\0\0\0\0vued\0\0L\0\0\0view\0\0\0\0\0$lumi\0\0\0\0\0meas\0\0\0\0\0$tech\0\00\0\0\0rTRC\0\0<\0\0gTRC\0\0<\0\0bTRC\0\0<\0\0text\0\0\0\0Copyright (c) 1998 Hewlett-Packard Company\0\0desc\0\0\0\0\0\0\0sRGB IEC61966-2.1\0\0\0\0\0\0\0\0\0\0\0sRGB IEC61966-2.1\0\0\0\0\0\0\0\0\0\0\0\0\0\0\0\0\0\0\0\0\0\0\0\0\0\0\0\0\0\0\0\0\0\0\0\0\0\0\0\0\0\0\0\0\0\0\0\0\0\0XYZ \0\0\0\0\0\0Q\0\0\0\0XYZ \0\0\0\0\0\0\0\0\0\0\0\0\0\0\0\0XYZ \0\0\0\0\0\0o\0\08\0\0XYZ \0\0\0\0\0\0b\0\0\0\0XYZ \0\0\0\0\0\0$\0\0\0\0desc\0\0\0\0\0\0\0IEC http://www.iec.ch\0\0\0\0\0\0\0\0\0\0\0IEC http://www.iec.ch\0\0\0\0\0\0\0\0\0\0\0\0\0\0\0\0\0\0\0\0\0\0\0\0\0\0\0\0\0\0\0\0\0\0\0\0\0\0\0\0\0\0\0\0\0\0desc\0\0\0\0\0\0\0.IEC 61966-2.1 Default RGB colour space - sRGB\0\0\0\0\0\0\0\0\0\0\0.IEC 61966-2.1 Default RGB colour space - sRGB\0\0\0\0\0\0\0\0\0\0\0\0\0\0\0\0\0\0\0\0\0\0desc\0\0\0\0\0\0\0,Reference Viewing Condition in IEC61966-2.1\0\0\0\0\0\0\0\0\0\0\0,Reference Viewing Condition in IEC61966-2.1\0\0\0\0\0\0\0\0\0\0\0\0\0\0\0\0\0\0\0\0\0\0\0\0\0\0view\0\0\0\0\0\0_.\0\0\0\0\\\0\0\0XYZ \0\0\0\0\0L	V\0P\0\0\0Wmeas\0\0\0\0\0\0\0\0\0\0\0\0\0\0\0\0\0\0\0\0\0\0\0\0\0\0\0\0sig \0\0\0\0CRT curv\0\0\0\0\0\0\0\0\0\0\0\n\0\0\0\0\0#\0(\0-\02\07\0;\0@\0E\0J\0O\0T\0Y\0^\0c\0h\0m\0r\0w\0|\0\0\0\0\0\0\0\0\0\0\0\0\0\0\0\0\0\0\0\0\0\0\0\0\0\r%+28>ELRY`gnu|&/8AKT]gqz\0!-8COZfr~ -;HUcq~\r+:IXgw\'7HYj{+=Oat2FZn		%	:	O	d	y						\n\n\'\n=\nT\nj\n\n\n\n\n\n\"9Qi*C\\u\r\r\r&\r@\rZ\rt\r\r\r\r\r.Id	%A^z	&Ca~1Om&Ed#Cc\'Ij4Vx&IlAe@e Ek\Z\Z*\ZQ\Zw\Z\Z\Z;c*R{Gp@j>i  A l   !!H!u!!!\"\'\"U\"\"\"#\n#8#f###$$M$|$$%	%8%h%%%&\'&W&&&\'\'I\'z\'\'(\r(?(q(())8)k))**5*h**++6+i++,,9,n,,--A-v--..L.../$/Z///050l0011J1112*2c223\r3F3334+4e4455M555676r667$7`7788P8899B999:6:t::;-;k;;<\'<e<<=\"=a==> >`>>?!?a??@#@d@@A)AjAAB0BrBBC:C}CDDGDDEEUEEF\"FgFFG5G{GHHKHHIIcIIJ7J}JKKSKKL*LrLMMJMMN%NnNO\0OIOOP\'PqPQQPQQR1R|RSS_SSTBTTU(UuUVV\\VVWDWWX/X}XY\ZYiYZZVZZ[E[[\\5\\\\]\']x]^\Z^l^__a_``W``aOaabIbbcCccd@dde=eef=ffg=ggh?hhiCiijHjjkOkklWlmm`mnnknooxop+ppq:qqrKrss]sttptu(uuv>vvwVwxxnxy*yyzFz{{c{|!||}A}~~b~#G\nk͂0WGrׇ;iΉ3dʋ0cʍ1fΏ6n֑?zM _ɖ4\nuL$h՛BdҞ@iءG&vVǥ8\ZnRĩ7u\\ЭD-\0u`ֲK³8%yhYѹJº;.!\nzpg_XQKFAǿ=ȼ:ɹ8ʷ6˶5̵5͵6ζ7ϸ9к<Ѿ?DINU\\dlvۀ܊ݖޢ)߯6DScs\r2F[p(@Xr4Pm8Ww)Km\0C\0\n\n\n		\n\Z%\Z# , #&\')*)-0-(0%()(\0C\n\n\n\n(\Z\Z((((((((((((((((((((((((((((((((((((((((((((((((((\0  \0\0\0\0\0\0\0\0\0\0\0\0\0\0	\0R\0\n\0!1A\"Qaq2B#R3b$r47Cs&6DSTc%\'\0\0\0\0\0\0\0\0\0\0\0\0\0%\0\0\0\0\0\0\0\01A!Qa\"23q\0\0\0?\0H\0\0\0\0\0\0\0\0\0\0\0\0\0\0\0\0\0\0\0\0\0\0\0\0\0\0\0\0\0\0\0\0\0\0\0\0\0\0\0\0\0\0\0\0\0\0\0\0\0\0\0\0\0\0\0\0\0\0\0\0\0\0\0\0\0\0\0\0\0\0\0\0\0\0\0\0\0\0\0\0\0\0\0\0\0\0\0\0\0\0\0\0\0\0\0\0\0\0\0\0\0\0\0\0\0\0\0\0\0\0\0\0\0\0\0\0\0\0\0\0\0\0\0\0\0\0\0\0\0\0\0\0\0\0\0\0\0\0\0\0\0\0\0\0\0\0\0\0\0\0\0\0\0\0\0\0\0\0\0\0\0\0\0\0\0\0\0\0\0\0\0\0\0\0\0\0\0\0\0\0\0\0\0\0\0\0\0\0\0\0\0\0\0\0\0\0\0\0\0\0\0\0\0\Znp{m\'9>Q_̛Y6gsҝ\ZmJs_zI7WQõ62=Bp}qȞGMZpjkjMu$בLh:޷3?O\n}3QX3Sx7y\"t;Mg	#_~O7WwugJBHgTeFWv9pɍ{M~p:vlmg٫GמJW6:GΝE%e$j%>kR@5/4+\0@24+\0@2(ľ``{ko׹Iy΢Mj;[t^5`~LnE־^x\ZFO\'/ְoc.3M-e\"4?j}|fu4F5^ٻ!GOsssrT548rIqZ/T0i{qRXp(FބYo+2TOORxu㼫A.)%L]>iqFڕŵHաV*p^TSEFP\0\0\0\0\0\0\0\0\0\0\0\0\0\0\0\0\0\0\0\0\0\0\0\0\0\0\0\0\0\0\0\0\0\0\0\0\0\0\0\0\0\0\0\0\0\0\0\0\0\0\0\0\0\0\0\0\0\0/n7>\'jSܨ[ҥ^x`&%j֯\Z46E>m\0UҠwzc7/-]ËQnPT׆5Wߍ3?icXe\'ggiԧ	-ij=?r|a1ώ[[֪/kV6\\9k߷k:Fx\",Ks:_mM~%qwq^]OTr}L&/ɋU,ЩڮmeeGJ-uUD᭷wIם]YQ#yqJ4{Oj[>n)~mOqZ(ѮEcOՅ@y:㾞z[C;\Z4`ƍE-m/5\rsMB]|-vD&1~ըR\nVwzR\\e_N#\ZS\'%{̿Xj;PV}LmIl&5ue´9朱/g܆B9TEe\rCt}JV¿\'\Zpfuh1u5?O/vP+V\Z]4f,)$Q=/o+iNhҷԩ/KsZex[2ŭ|i=}\0.Y,vFz*GWZy(1ia\"_?v \'N)+L;̖<_Z_ӚJԔ_݅H7#Xˊ^,6:G}̒֨\'ϟ.[\\~ޤ\")Յrm\\PIEӶr\r{d}NLo(~oBT\0\0\0\0\0\0\0\0\0\0\0\0\0\0\0\0\0\0\0\0\0\0\0\0\0\0\0\0\0\0\0\0\0\0\0\0\0\0\0\0\0\0\0\0\0\0\0\0\0\0\0\0\0\0\0\0\0Ư	rQJIY\\3Eθ枌uwTڧcd(s)yD\0F+)F*0{ʑ`WͱԾQi\\!)=_	1u.Vfj\n-A-796q\n#*H7SWL%|l2=WC\nRT*Ggѵc\0_^=c˗ʖ>7c9ZΣE2OܜȞlnd+J8\0}%\n%`!,k,i?Ʈ\0!TZ*[S_-p-$ℓGv/.gVJrY]t&;ʕ%jќ<~`_|\0ƽ(\ZBo4fn9~:O	цpU|0@j)Soa8kɰ=|&8TVR|#j>ŒaC}í҃[<lNǓF΅)QzZV˓V:^NoR5曌wT\0h8;jU栣W[*>W.vUVuElǎR<y2\\];u),	GSgY3zaYQV]Ol~E.*/N8]^7ե嬱:Uh{{\"/^klFjGJX\0\0\0\0\0\0\0\0\0\0\0\0\0\0\0\0\0\0\0\0\0\0\0\0\0\0\0\0\0\0\0\0\0\0\0\0\0\0\0\0\0\0\0\0\0\0\0\0\0\0\0\0\0\0\0\0?iX¢Kjz|~L5F*U[u#\\OdTk\'\n8m_g\0Ƭ\0I~xw74-%QqS5V/D%+X;ZO\rþFw59G:amyDrNBOC05Fc*M:Q{jq:9TʏYY`AosF{JQN3]iJ	kЫ(S>u#ERX $ͼ(WߢXE\ZN2J^~\Z3fgp[N0gpQH6q*:Wm 3]S̯iGi8_nҵH*$njn_ދrţTǦ&S{>G>5r:I󌮩~2=-:x2_+\0GOWMG9Ea{q~W_rOԭEoUK9lz<,h8J6ʴRR7I,a#ǟ<sԩY[]ZD3x]Njk&R`i엻\Z_FTÞ:@[ZI=\042q\ZpݮaZIX Oژ;;yS&ݺ|^pY@\0\0\0\0\0\0\0\0\0\0\0\0\0\0\0\0\0\0\0\0\0\0\0\0\0\0\0\0\0\0\0\0\0\0\0\0\0\0\0\0\0\0\0\0\0\0\0\0\0\0\0\0\0\07ì]]MB(=qvV^NaIGĩâ~I;nޣ-9J)9V6I?6Xeq*qe7N.Q߿sw.J\'&ߓӟ]:WYѣE}`qJOTaާ^(C^儐lmufQZ)\"OТen	N:iSJitu`imVQ?V)?wDAmݬԌ]J5קe==~\0FU7gM8˾̜[/6\'e6\'/#0lW\\:rՙFQI3uBN?h{܂ .J0cJmµ9ea9\\\\F\nPRTE)*tU\nX,#KqR:tF-$└y=EKCL)4Vt1\n\\wӡ8wdJN^yl{FK^)`#Yp%]r)O@^	n\'o~/eL~EfR4=׉}pΞ/>9\',j8}yQ*TE9MC*)WoU2h3)S44ԩJtւUi5Q{J>2+Vj2iU)A\'	&6k倍\'sAɷ=NT-\"ueqQ՝:\'9o)/B_k.^YKe5	ee\0\0\0\0\0\0\0\0\0\0\0\0\0\0\0\0\0\0\0\0\0\0\0\0\0\0\0\0\0\0\0\0\0\0\0\0\0\0\0\0\0\0\0\0\0\0\0\0\0\0\0\0\0\0\0U⫁Uh✖1>cgJ:N*U!NzjiQ[+z.ڢV̥*fS>\rgmVpQߚϙ\'aU8KNOVO1ڽj.9Z^ϪEK\\֝\ZR{g2K½7!]ΘIAJq䣏<tlÜ*Uė+ z9*KJsZnݥ {жtԩ1ͲV3e(g\r[Zj5*z,o<rIys^aF⣭ݸ\"\r}.^wct\'6Y[exm\'\n3;xIfqʪJU*iNq׸gtu*5T3)1=7f8ҩhI4ʤ䖭9m<s/\0Gqt(P*)E%rݷAq+qJ~8ʊtY]BV+]+\nuUQ[pZ\nK/|1t7Sm)IOJOУ=	YpwM҄&lU\'q^t:UQoDnû8Ug)(7E*B\ZOe5褲5uJҖg{?[ԖgJN)?\r-iꆗ.ی\\Z2h`iË^l*%hB*\\cD\\cb(zX]\\.*՞#rk>kJQ\Z<>>q!KE>[I/>DlY\0\0\0\0\0\0\0\0\0\0\0\0\0\0\0\0\0\0\0\0\0\0\0\0\0\0\0\0\0\0\0\0\0\0\0\0\0\0\0\0\0\0\0\0\0\0\0\0\0\0\0\0\0VW/mJߢY~)un+JM{pUmgR4t^0\0J5\nVē7Vouk)<y/$UJ}ݟ^vTs7N.7f^qZs֕DQNUgN{̰lUE[95(t^]^\0q\r0֛I\n\' ںt/\\.ENQy(}旿`%>!yUR=.Kcrj=+wmFR=Ժ4u ۆ3(mͮYg\nXh*ьc?> 7\nWZZNM++\0B=9ոFMIE}矊@aJs\n.-ƍHjI,e\0}+Ga8j]ۯa%67o};3̼7\nוS+ZKB]}AW;ʕ[irY|\"uBOE8Kj)ȣl(ƕ(5MJu*\'Gc1O\'OVp\nI(ΕiS)>e5impJ^{>m|W_^BQ^ҳ~ֶIS(K/eV.\ZM+?y\nԷB0fRX(Z4\"z\\Vv?B+UqgimҸ(r@q\ZʜV^DZVR5.&IՁi\nS\\E\0e\'il8[JXyI|VLzҜRg$]QX\\\0\0\0\0\0\0\0\0\0\0\0\0\0\0\0\0\0\0\0\0\0\0\0\0\0\0\0\0\0\0\0\0\0\0\0\0\0\0\0\0\0\0\0\0\0\0\0\0\0\0\0\0\0|fp{y\0	IsTpK=;Ul,4,2ՀwŪR\\wq]y{.<ES\r1\"Iu,Іe\'O՚FI:TtUbbjqR8sOyeZua5Rsј\Z&׆J;.Ju]V^V.5H}Կ]qfMU\'Mc4J+u{QuUۄ*BJ/0䗜ߟATV9R/\n/$/.dj N\ZSc,[x[bRD4GtuJ[z=ӅOܲ#ܦ}HJ=8^[T|Jt`\npuV:a,9tOBsMViIRmR\02xۣ+(ajN?\Z] [Є)E7Ǘ_Ԩ)kђ5EZh98 9\'Y+2v(icħ\nTΔ孚{}iԧT9TM+Q*pQ))?O/- +Vtկ%)G\0*Su)/O79=Ծ\0QUqqiR25|V{9}V*rkFkZ\\k[%Te~TmIk^7:M8I{xc9_dw%@\0\0\0\0\0\0\0\0\0\0\0\0\0\0\0\0\0\0\0\0\0\0\0\0\0\0\0\0\0\0\0\0\0\0\0\0\0\0\0\0\0\0\0\0\0\0\0\0\0\0\0-8ҧ*$}ݻ5;Qw2o__{\rwi.PKoR&T]jSQٷu\")~Z]S$THU\Zt(c8@eUVvjThbfcqڦ&ܪ4\nT=@bRTmYdʢQa(04wMƵ4:3B9yU\ZRLХw)4Ϧ6_Ђ̮oqmO>Y~{@IZFjʞ!9Gh#uh]XRg8T(/\"v[\\8VV5-zAwVt*5k:WѤ ֔k^UڵV</Gε/z\0ڔoyY׫t-Tn\0tהcZ]e&Z|T֭+Y맴exOoNo.gȱM[Z4ܧ(Ƥ<(uaքӆTK9k;cViSGmIMIIy.L#}F.jP)ǖ1*tSZR8\0#cTp*sP̂LirU\'Nk)/\r,/RnaRj,KR\reJ%rhRRʭ[HlS=?j*~#g2̟0;_d=\0ҍi鱽\\o/6JO\0\0\0\0\0\0\0\0\0\0\0\0\0\0\0\0\0\0\0\0\0\0\0\0\0\0\0\0\0\0\0\0\0\0\0\0\0\0\0\0\0\0\0\0\0\0\0\0\0\0\08j_+Wչ|,ytn$,t4ywZk}vQ\0/:pTh&7Q7ݿ\rig:[3necJRhQ\'$kCcRMRRö+To!xwmg6X^%yz\"*?yr[6qZ?rU5FDU*T9oh]yi-85i)\\TZ)s܃mER\r.]\Zm*2p^5[^ҷupʋ8It~]te&\Zq|jvvɪrG|$+%:b4(B4EeGuWzOMV)ozժ{_D̩9ҥ=	(%Iշ\ZmA,ב4Ƭj<mٺh[AAE9dSH-\ZjujJZ{$ǨV⢓N/*rԜ~\\6ݑW=xR/|_`1i,%\not*y<mKC0OJ\\1ף+|މcQM\']\'F2_th͊+6EJwM/u\n-[{6<jj+Ԣe\ZooU*BڭY꺷lm-cB\0\0\0\0\0\0\0\0\0\0\0\0\0\0\0\0\0\0\0\0\0\0\0\0\0\0\0\0\0\0\0\0\0\0\0\0\0\0\0\0\0\0\0\0\0\0\0\0\0\0{x}4\0_Fp=^sR[mkK\ZZcR~BRUaj-eV=x[s^fm4nur۹___5wwQ?s~\0(g\0g/@sTcb34haƚ5jc%9`lif-<d7j?-qNqOwKĝzP5NsSZ~>]ԕиM5N*[lխIFW%{QHŭШ\'K_\\:v\\eJ)mDD]S|Ji׊OKx4GidsZ*I<kPryEj<dD	S+\niInnu]v	&NUpy%?ͽn}j\0\rEV+Ѭ?WCʧ\\c%I71FւQ;\"\rqsTI/5T\\ Ջٮ\rᮤc[tZ5i>U)8Zk9j\r?wJOאFٴyᝥ=6PY{*x_Nz,\0\0\0\0\0\0\0\0\0\0\0\0\0\0\0\0\0\0\0\0\0\0\0\0\0\0\0\0\0\0\0\0\0\0\0\0\0\0\0\0\0\0\0\0\0\0\0\0\0FwpU>(9Mג}_N\')՞zJ׆Z93uF:To.Za##iۺ:xO-yʝkTh?֚{x,vl,tE}BG\nuҜ5<R}yJo?J~k\ZvAmE0 JH	T\"Tl8|f(	cfٕi3Uq۷WW[f6<&㖷%.\nO(jQz8n9k\Zu5FII\"R,\\Ws)fuIpIn._Qxo?V5m55W(haN0VR8Ti:n[:?~H\\.+u<1z}쒏ii|ƟЋ]]F\rR{\"Fob:Ns}x)RIO Fܮ,a`WuQU)(Z}2A{)+8t*FtK<רV1tzmFMoUimznn%BjRp.ibǭ;*tDT\0\0\0\0\0\0\0\0\0\0\0\0\0\0\0\0\0\0\0\0\0\0\0\0\0\0\0\0\0\0\0\0\0\0\0\0\0\0\0\0\0\0\0\0\0\0\0\0\0q>xٸ%+H<N{\0j~eF/,u4ClxbQ/|;Umg՚sJ>eLǧQnܛocC}NxeI?ӒÓwuZjF1PS/ùE,GZfߒ\'lr\rZG͐Z+C2m&5*$hwɮh\\m/ꦥH:~/Ս*R\nI붕pBop{?4c\0?HvVUtㆼOy1է[wRp+cUʤ	)/MW	IL#qi(hߠg*]wɶiUUb9ϘRëE,-8@h8O|$Zk9EmQN8sy({Vi<?\"5V&e(+<N愭n*E-0#VOU?ۡdԠ&	vΤd\r͝Ic)pxw/EIxkAWQޚCL\0\0\0\0\0\0\0\0\0\0\0\0\0\0\0\0\0\0\0\0\0\0\0\0\0\0\0\0\0\0\0\0\0\0\0\0\0\0\0\0\0\0\0\0\0\0\0\0>)O+;s4Q\ZG\\VQ7PmeVuN)&&ɷD||j4Vci,k\'&N}e;%J3:ϮyJKjNu2KSΟ,??P0Plk=K=`߰\rjyCH\ZeU0,aO6SG-Ũ\'/VρUweu<н$DNThA{7&%y.OCPSA-E~9~O6$eEJxU|V\'^эŅZrTaI\\єk\"A8J?#I8/38*AHW1ES>}J~]\0^#zGȩ64KF\':;SP8fnq\\(ښZRpqqWO+:KS#G|/9iF*\0/dW2\0\0\0\0\0\0\0\0\0\0\0\0\0\0\0\0\0\0\0\0\0\0\0\0\0\0\0\0\0\0\0\0\0\0\0\0\0\0\0\0\0\0\0\0\0\0\0\0FWQݥ/~ \\*MԪkҹ{+^o*4ԥMI\r&lo5Sӄ\\\\ԔJ	)f1~&(N\ZvF)8c埢,;mNX驥<7\\TxQAS!`L,~\\fӌ\ZTX_Qb]yj/nQ^HOdꬥ2TEK.ʢ.M_*{2qjЗܸn&u:k $v6^OU\'e˺$ysֶÎ]JH&2{%N	C/ϚĤ!3\r>_}Kf*ͬy=̣Sg }.Ҟ\'zk\0\Z`Y~kS{2 1VIIX@=-ȂMM`A<]Y\nSX&E^hhEU[k1ЊZK\Z>k|Fޫ\r{7rr>}S+.\0\0\0\0\0\0\0\0\0\0\0\0\0\0\0\0\0\0\0\0\0\0\0\0\0\0\0\0\0\0\0\0\0\0\0\0\0\0\0\0\0\0\0\0\0\0\0Ug,Jj8[ƛJ?uEx+\niQQ\\wETiI\'\Z-I\\~)W是1Q^]\0	9MFw\r՛\0FLL2Ӹ\ZۺUy\"[*7u#Wy\'5WT6H$USDV+ZTرֵEy2UhQпY<8M2ĮU)	´ZiU\'	޶TtU<(ťhxJ^aF9Cw%|Tqjj[zlf_ۿXUӺ$dV\'ɬk5\Z|Z	5I\"J%vm7Ͱ-ZJop*	GP[:7^*SUҗOUם\nVaAzK?/ٻձRI/(Oľ\0\0\0\0\0\0\0\0\0\0\0\0\0\0\0\0\0\0\0\0\0\0\0\0\0\0\0\0\0\0\0\0\0\0\0\0\0\0\0\0\0\0\0\0\0\0+{\Zr[i>iuҭ那}qiF;9-iYRz~K6m-RQUl#4)igz5գMݷ&FjI~)I\0i\Z4u/Ѳ\rz̓}7(P&m4wM`V5dKx9`RVKTBI{D਱<FijKA]\nl	<\ZF>Mҫsf>_\r%e/:KY(HӍF1rM\n\nl\'-ndvw.ʼ#^\Z߮7M\rl-d\"(8MA\r+vw0\0u\ZZGbw#_p-^[Xy|ֺr²9x[f֩QY~\0sIMhA/*=Zj.qwNT/#ON\Z<.c.dՅXe>5qWi˞)x/(4_MA+%@\0\0\0\0\0\0\0\0\0\0\0\0\0\0\0\0\0\0\0\0\0\0\0\0\0\0\0\0\0\0\0\0\0\0\0\0\0\0\0\0\0\0\0\0\0\0Hҥ:\Z D\'jĸԳ-5e%)cdVZ[U%y^5xǽ:XSMQ*{9lz*J\n0ܟ&xܧ[fm\'ԝƵT/oyF\',1ʴTo}L\\->m1NmsKhɮ6MɁeGIg%%L>@V=Y(_ӌQP^\ZkN;>\\u^x`RS8]wG,GAJ:㳒(ZԄ%]R阬?@lhI89jKA\\\'쥕|efvn=MtDRU$$j~0_-Qlo\n,\'J-Tj4[rRoYaW@]5hnko\ral8?XVzMxZ	[V|:*\rkbWX{Ay8,|HR	IxdRuj\'jנ\Z[;Yw2RS|mluNҪMsf\\G/<*V\no2zelh\0\0\0\0\0\0\0\0\0\0\0\0\0\0\0\0\0\0\0\0\0\0\0\0\0\0\0\0\0\0\0\0\0\0\0\0\0\0\0\0\0\0\0\0\0\0}5˕>E&\\5/4VE)ͤDտ$@f:%)N|r5|M=6ŧ*so;~nujM\\AʲTYLA\n5Zg* ^TG$@qsI`fZQ[r@KHġ7AQujS6rhUM([)y{%Qyi}r\"I8%]5Ny#gKQRqܣcF}ҩ*LE4uRҧsN5bY]W3ۺ.5)cr%=\\kZc^>	ۭ~k^ݿ.*m}^(h6__(HZP\'ᔶ ڪNmԢm:ZRx[vwM%BQ\'\"F9QHSZatmKN%񒍥$kw\Z))wc*Q`J(8e\"JfrYSAUJNJN\'iZUE\Zڹn/P\\^ޝWqM\0\0\0\0\0\0\0\0\0\0\0\0\0\0\0\0\0\0\0\0\0\0\0\0\0\0\0\0\0\0\0\0\0\0\0\0\0\0\0\0\0\0\0\0\0\0}:=5,:w^iE%k}ztnےɡTuFJsʔ#yUҹUIUM>l\rri3.tZ֧IR{9XFEkUjͼ/@1P34邎y-qe\"\nIϿ%brxymQ%$ iIʴZ谽5J~a=:mURy\n{K¶MH\'UiM,-<O6ZFNW<MNJ*ʤ/ͅ	ZXnTڜwcW\n׵<5K\\뷗KoB#4\")lO󒫀흷8b/<ժ6CU-u[f_Cw5ieDSB	8.+E]t{A)kk\n^IA^)\')gν+r3wVtۛK>\ZeG߫g1:LK+$!]P\0\0\0\0\0\0\0\0\0\0\0\0\0\0\0\0\0\0\0\0\0\0\0\0\0\0\0\0\0\0\0\0\0\0\0\0\0\0\0\0\0\0\0\0\0,rS0Fx_v=\niY֪ES7rnMa$UFER:?mТq%81|YIEa$eDp֢IQNY5 N+;c-Jji$ݥѾ^NMf-ṛiW\ZT3ANX\\=OX@F冰 և4̋	G>`C>@RNT0Y*rr5nZ%]T~)B^|XAB\n\n*Zʜ\\__8h]YƊjt{2HN<\0>JZ뵵_y7N_Uce8cO$(VcCüW-}:a|\"\'єUdVZOAamxAj.jɁQKwm:XO|{ɷ=QSOJ$B/JR}=BTizڬx̓r+%}\0\0\0\0\0\0\0\0\0\0\0\0\0\0\0\0\0\0\0\0\0\0\0\0\0\0\0\0\0\0\0\0\0\0\0\0\0\0\0\0\0\0\0\0\0Y{MZki?L\05|UeҖ.V6+Q~\'<(__ԅ۝Hg2z~`k{[ƩY[T*-++ )j5)e=3ʂ]:fK]V#,ВO9 Z8P,9Jxx@g\Z|#%&eN_\r\"]6-FũݰӐy4\ZRk^TkŦ@,#o2J%tRJ𓓄eIΛqA\\q*U\0Wx\\isE/Uʑo4c>Еste	9/,2gF	nMMu(i> ZecF<LVH[$#]Tymm[x5IזZj,AQ:TbpKѕYԄzU<Q|{u;y=/2\0\0\0\0\0\0\0\0\0\0\0\0\0\0\0\0\0\0\0\0\0\0\0\0\0\0\0\0\0\0\0\0\0\0\0\0\0\0\0\0\0\0\0\0\0<\ns\'5\\>2zg\'dCSwEȔG8ڧI9qs\'Z/\r	PauHwZP\\漀YiRro@F\Zi<Hګjkl 6e\ZX.Ձe<EI_$AC46nȨģYRMſpғ{g)\r¥a^_r\n-=s k^7_zuF52%\Z>[Um/\"ޜאJRU\'5EDVi\r>a:ӋV̥l{y-s,Gc{S8!UԨ̊Ej~6V\"VJIQE乐ko\r5WY\"K9@IC;EN1[dq>RXA:gŗ\"*-$y#s{pK\ZO?=jT\0\0\0\0\0\0\0\0\0\0\0\0\0\0\0\0\0\0\0\0\0\0\0\0\0\0\0\0\0\0\0\0\0\0\0\0\0\0\0\0\0\0\0\0XзV{F\\,<+:ײry~}RJ/R_OTlL<-.>rw*vWΥS|?<YzV\"Riz=)\Z׷ 2Soe2lJȃQZNr`HQ͔H%\\io סF= >H=`1~IR5Bk,\r$㦤%Tnq\"ѩEN\rV)ʢm,?}I_-jdB?MFT7D+wΜ{.x{\":5Z7	US]:5varE{W#9jM?<*6c[r	!IIu\'5rԼFKYFҲQmbJt C\Z|+x^V)THMN-tHw+ҍHO\0\0\0\0\0\0\0\0\0\0\0\0\0\0\0\0\0\0\0\0\0\0\0\0\0\0\0\0\0\0\0\0\0\0\0\0\0\0\0\0\0\0\0\0\n۳<F\0\0{oԕq9ը7P4\Zyo<_&T}e.x5 ׊@D^X{Ίҷ6 6I.HTp 1mӊ-A\0(C.R|Qlk8&Bnqǯ\n,䀱f]Ql7->.NIY%AY5H֋r lӮϚ,mIQM9Rq61ey*xR	p}>,JniWϭ>ʔbd>xV.ާKY=,#:g*Ey~eW:rwV~,#5fXVT [R\nqj)|w*mK\"?y[xU99:[.EͭEF4<\"DM-\r>ejO-*\\N3)S8R|)W$pOe5eW\0e\n\0a\0]`@\0\0\0\0\0\0\0\0\0\0\0\0\0\0\0\0\0\0\0\0\0\0\0\0\0\0\0\0\0\0\0\0\0\0\0\0\0\0\0\0\0\0\0ujFM\'@(V$(xև\Z!qQARRJ+:ߑE+nJ?`NtFxTezv\ZRyD)MxV{X\'\r\\Y.M\n	M\\mMK/P-kŗӠI6V:QX<iow+_Ze#\"Jxy\rt	TrX2_jncN29cŦ;˯@\'b]U*vid㾬66#oƻJFkq*mǭfPS2S#gkEvV{2į\\5(G\02~ǩE%J-K+I{Uլ{t cGTFR^`](;cpdɑQ y`ʥh+=H:;;~3HD8Y8	.(V9Ҝ<>,3#ii\rzCrw;[E/(1k먩_U\0\0\0\0\0\0\0\0\0\0\0\0\0\0\0\0\0\0\0\0\0\0\0\0\0\0\0\0\0\0\0\0\0\0\0\0\0\0\0\0\0\0\0^ٮ1S^.-jP忁F)4TvR+~@L[ 9%WT g>8(:8m &2m ʮ1%:\",lMpDFxK,⃕h<xsUgX\ZPEn25-\'X?Ndxi`(qDyBkmh*,x3UO3k|s^eu0e.KQ\"Ҵ,,y[ܠ\'ohxu<ǔ|}Z6Zڷ)[PWǉ$=}\r+_WͻК(Ia#蝚*KUZiѩvW#X&̕\\VS^Y\"7:)F-굷Pmg9}?5\r:*\"M4iyn>G2K~@lKA??kNE\Zp&AWI4[DV7*zӓ^>6FY:\0e\0B%}\0\0\0\0\0\0\0\0\0\0\0\0\0\0\0\0\0\0\0\0\0\0\0\0\0\0\0\0\0\0\0\0\0\0\0\0\0\0\0\0\0\0\0^^=BQ^\05\Zc,-O*!8eJ<y`qu*έMg{j9L}mI˜qyGcp0Rf֯qE|A-V5E!UKzIN	ӌצXTYpRq[(JTrFrl	]_P)8%ТmsՖV=dqU\"lG8MOe(֩NwZpQY1xR\0U)}ڭ*$#75ciN^xSf%\ne$LݝuTng׺lTᲿi:#w	SMr_2%o8uEbmIo)сHT\n#oiJ\'Q)lZ4g;]%KKcըVң96&Qy=r]m̊O\0\0\0\0\0\0\0\0\0\0\0\0\0\0\0\0\0\0\0\0\0\0\0\0\0\0\0\0\0\0\0\0\0\0\0\0\0\0\0\0\0\0\0{CU{U|E{@B	O7|^JrbH}x*-݁=Ќc(M5roHQIa0mo=Y[rʫc\"|g	\'ϫIcA(a`s*qX\nBsquRn9̓<&h/H%VSshcg4A>5a\rx?*.:*b?@-})t{Z[k·\riMm$DƬ̧}qFXLqxJ{+՜,ҞQqrQmIJJ8ت;MOS[p*c^Qxe\'- IK2\\{Y#Od x^Y(Ff,un-%A%kjS.`nm+	+sȮحڷ\0z+ \0\0\0\0\0\0\0\0\0\0\0\0\0\0\0\0\0\0\0\0\0\0\0\0\0\0\0\0\0\0\0\0\0\0\0\0\0\0\0\0\0\0\0<ںxnnu!\ZJkVY<XDj\Z)yJ#ˆMNݷ)t)Vю2\\T_\nSӓR6*{+BeG&)S<XE閥מ}@-+9\\@eR6m^i\\j+=Nz&}uRާxֲyuqj:^x؊lW)ϼU:k}~\nөҧ\nല!NR	Q(ehJHB×0獵8|lQ36lCNn4)IF9/\nIy8̩\'Zޝ	u)i_|[R47S[+PĖla	*;>@N+oyFuɤ\ZwaX+k)}\"ف/\\lqЂ{s(xTiʹ_fj26=7	7SL\0\0\0\0\0\0\0\0\0\0\0\0\0\0\0\0\0\0\0\0\0\0\0\0\0\0\0\0\0\0\0\0\0\0\0\0\0\0\0\0\0\0\0>@yNyR?}\0%5ys]JڛOT4$k{~DiO\n<{Q~_P#Ikt,6yH~tU;۞\nDYn	P0JR2($wF<ꮰdTPyߟzurBY7ԃ$\n}}\0MUXd^aVP*NY<%\rS{.N.\ra줲0[5lA*F\\&AJ֣Tc%jaN)o\rc	8-jZ#Me:{sW%}(N*Ue\'	>xIUI\'\'ͽ kFM墣mmEF4		acd[9xrioQ/H-|FaWӌe]F+	s$fv؂rs\'fU.׃k\r0pUhS*K\0\0\0\0\0\0\0\0\0\0\0\0\0\0\0\0\0\0\0\0\0\0\0\0\0\0\0\0\0\0\0\0\0\0\0\0\0\0\0\0\0\0ݪjU+ʛOv\04\ZsU\0g?7ms`Rj.[&k\\.&c968.>e[=ciIڛ}^}\0w`)*i==\0*1#TK~e\'EK<5(g+Q՟$n\"Xd#ūCl+1SN#qwoө\ZtN(իIPQ͵Ryg~oXTh-XQqs&Ek%\0ڌkR*ՍVIaTQjQ|8}=8aR)+E$\n1P.X{c(YA\Zyed\"V`eQSM,WRI\"\ng{DhZ/ԥKkiI\\؃Wc%f)QmY%n\0\0\0\0\0\0\0\0\0\0\0\0\0\0\0\0\0\0\0\0\0\0\0\0\0\0\0\0\0\0\0\0\0\0\0\0\0\0\0\0\0\nK<\nUi뇥~A8,*X>U%OrIe\\*UI6D\'yO+G\re\"xJOoBfQn{.yK0\re%tIlw7G[8e}-4l-kU5D\'b	yGfOD$r^@`\\=Ʀop̩TmfM9$ZxFɦt6uƌuwRSQQ2\0\'q)*u)ѐeDt]J55)*K\"׵U\"\0-}H!S,Mm]\n⳴SLnTy2ÊkEhGp.԰eʪIϞFO;̢ʉ8>ܰEZ(ޭsz?Tfhlzg_ٷj~yv%@\0\0\0\0\0\0\0\0\0\0\0\0\0\0\0\0\0\0\0\0\0\0\0\0\0\0\0\0\0\0\0\0\0\0\0\0\0\0\0\0\0_u~ԧVTeN2\02F-%uhXآtRqKöPEZSrY)R5۔ZTV6L,/;a)Ly.H\"~[)t8\"o`-+s(yi[X߇g`(=|xr=J[d\0K)x۟Ǚ(uZN9]J66t%N\\[u.#o{C6sj9RǞNdjY^ÈP.tG=bqp.ՔtBSyc?~\Zn/V{~%64/.R[z2$RǘTzA\Zvi=)ŷQ^$ѯ)c=VsE`\0ՎXD}\r~~YM`Ty4,A78r]\0J/\'\Zk%X]CK^+՞}Oj\0ŘpT\0\0\0\0\0\0\0\0\0\0\0\0\0\0\0\0\0\0\0\0\0\0\0\0\0\0\0\0\0\0\0\0\0\0\0\0\0\0\0\0\0\0[VJ4\'E<u)uF1^\\=|/DV߫SM?Ԃ-bQ}\n1r^qҶ[7]|cQ5/`cu4yoAtcmn$9 aC8O\r^)7i56M&,EgllO6;Ecvij̰\"~.#jjިYTyi\':sᏻvA6궫YSA10WjԠNa_ac7=eyua?Ujt\nT&Tm-ҷ? \'н҂06/moU-VTԒ`a/00ΜᗾШ[8x3R/0P(QlU9{dtСNXo V̗k4 ](le.\03Q\0\0\0\0\0\0\0\0\0\0\0\0\0\0\0\0\0\0\0\0\0\0\0\0\0\0\0\0\0\0\0\0\0\0\0\0\0\0\0\0\0\0 ꎏ%\ZK|BYijm͵>D_EMg@[hr|h(m\'qbr\\Mi ,7>9%NXǼ8r@VS~^i_<Q~Ҩo	VKŕ@c9Ўs>YH\\IB	7,m+9{(Gox+}ՂQ};8<v<+6\\NuFŸTn)7ImQV{R=ȩ<fUS\ZN\0Cܢ5Z,#jNݼb]>첰ѿK\"o H\\..~3SdVΌ_ 0Ά2@dV-Fh*ayr1\nCr-ܣNX+Q]~n_4a^\0UYLb\0\0\0\0\0\0\0\0\0\0\0\0\0\0\0\0\0\0\0\0\0\0\0\0\0\0\0\0\0\0\0\0\0\0\0\0\0\0\0\0\0\04*}pxoBk~3\raVRfiԔs2+\"s\'ebLk{픞\0o*K-?+yKRݬQ	g4r^9&Ql&un@imܾI~63RZ)j|<cי=񅏈M4#XY$\"^`I1V4CLW=pTI=gȢlnQA\nd^Z? Ծ)}|SJχwT#s[Ec+QFʏR ֹs]UҖ۵̴ݧ5m|Z9\ruJSlQWzk O%	8|:>{<wQm~a? -г9)A^|rc6ܗȂ_\'\n-QF4UK?S5^ 04JJ\0\0\0\0\0\0\0\0\0\0\0\0\0\0\0\0\0\0\0\0\0\0\0\0\0\0\0\0\0\0\0\0\0\0\0\0\0\0\0\0\0SmnԌ~bwFrkeG)*:-5)8u^v/]ނsK),miFI-y>{yT}yҊmF\Zo)_[<d50)rΘu\n- 4n@]>@NEdFA|)dA)PKb8n\\jN{7Up\n|W[PYic>Inȑ\\.pYع\\=o?<鸝iSqk]IAu}+zTJp~O\nNK,2]((:+V$K jkZsir(0q~>K~yvy\0pT䢞(MqWe߈rkN[QXc\nEc5e$׼\"赜r\0,\"7kIV=-Oof\\<W,\0\0\0\0\0\0\0\0\0\0\0\0\0\0\0\0\0\0\0\0\0\0\0\0\0\0\0\0\0\0\0\0\0\0\0\0\0\0\0\0\0UCT9\\GdNl5GByϹ2WJ[J=Zmu6A	vJM-|\0mMP%M+<0))>7(99? F9neI\',pnKY4t$$E;@]t@VMmI>י-!OQ\"\n)a~]*j+j3ZN1)-\'_1+k!NYʵXŷն_S5ÉU1KmuFiqW^`\\귐,oȃBB$hr\0a+|N+\0bh )MT<@Hs8헷	I@JKx?Z3m~q䊤Ժ=&ERKQKI\rr\"\'cof%ř\"WlT\0\0\0\0\0\0\0\0\0\0\0\0\0\0\0\0\0\0\0\0\0\0\0\0\0\0\0\0\0\0\0\0\0\0\0\0\0\0\0\0\0\0|<8u,)\02v9*.Qn:POcwExUltZT]\0Qm$ܨCop.,qz8eS8Aa%H*If1ybQ[]^)(,,g[t01̞z&Q.;H6\"Iԓp\ZުiEK|`Iֹ\'b\0Aqe%Ƥ~k|R¶sK?D_BNΙ4ߙjZjd[F^r)IdB8E`(:\08%DSTr$	A}#%\ZP\\v(*lA9{.s5&%Qk2怙Fg^CaYhQҦ伀W?/aogp\\իM=M\0\0\0\0\0\0\0\0\0\0\0\0\0\0\0\0\0\0\0\0\0\0\0\0\0\0\0\0\0\0\0\0\0\0\0\0\0\0\0\0\0\0n\0jp;ۧ9og2IMx_C]oȉn\'԰n-e;dG\"5ubr\\Z&qR)F$\0zlP ilV\0wiEMTГ*(rsF	vأ[=R}H\"V|\"IN:cϟ:\0򶧝Y8\'Y4q_\r\":)p	Ul/\n]^EW(fTZy)ʌjylTK?j9:k<MmUBqTL\\BEzZs	rJ@HOQ27Ȣm\Z|% Yp݁[W-9P2	[-F\nQoȂ4nMVr9PpMc\0YRmSiЫV[?BW\n}ލP`\0\0\0\0\0\0\0\0\0\0\0\0\0\0\0\0\0\0\0\0\0\0\0\0\0\0\0\0\0\0\0\0\0\0\0\0\0\0\0\0\0\0|یXX?plysB^(!o˃ǼZrĲ p<ixmo)J2P6ti&\0Iiϟ4)ԄSyDs\\Gv_%9]ǫ\\B	lר+qC|tV߆,\r-jojM)iyqXu@YSVk[u\\噶ߨWQ5\"yupR)5f*ME֛\"5Nnu;=ã&ܩFT^,/\Zsۣ{XZy\\;fBM4@sR!kR-a>vX\Z~oU(a +9(, Uu\'`#Ec(ʤI\"|(4UAʞ&p0TV(JJROg*%Q4T\"j}媄S@\0\0\0\0\0\0\0\0\0\0\0\0\0\0\0\0\0\0\0\0\0\0\0\0\0\0\0\0\0\0\0\0\0\0\0\0\0\0\0\0\0\0|{۽-hhRB57dHNQX[ <uf_EO%ׅfRId:Vr l)n[tF݁O}sP{dKN0Z+%My<a= yU-QO/хj8ЈԻSdD&yY{\r	x[UlXOJ\Z\\=k\nTc%(Lh8+ŧʰ)EZʥGߒE	ǻ|6szM)Iaa/pN+<R5[uQpD R]\Z^iRTaAIk6A>i`ӠSY0o!Yq#֚Y%W4*R;CJ4vR_@\0\0\0\0\0\0\0\0\0\0\0\0\0\0\0\0\0\0\0\0\0\0\0\0\0\0\0\0\0\0\0\0\0\0\0\0\0\0\0\0\0\0|۝ykSܨKDk_IЖ7MiF0\' ~HZjlvbO%:0\\\0Z1ʋ\r?e(D\Z;I$@5& $֛qLe9Kq\\`_UK\rEU*؊-\\\"A;6%Fixa@UQR2QsH8B+8x`I4Z>(ży5Ȣr6o|GZהE/\0kfZ 7qʥr*nΕdP[\Z)AI?:zX%l)`JE\'*&Т\0\nxh\Z i\\Vr_U	5=bwiGLrL@޴qNQKs[()E2ι=*Z ｄ{}^~*QOC\0\0\0\0\0\0\0\0\0\0\0\0\0\0\0\0\0\0\0\0\0\0\0\0\0\0\0\0\0\0\0\0\0\0\0\0\0\0\0\0\0\0y%x2q*m\0fVӉB2vq8)[=Ȩf,Mf8\'McLw7RPXN9zO?\0Fr\"ԥ*>QAҶi+\0@3F$\'5EalQ㼋IgȂ*Y<F/w&ѷɦN	K}%:	M-pqPt{Vx|\0\Zug3V*&Ãтr5II#wx<?իHxN\'JUmxd`N\rTYJ~x8cc)^.ո&*Rn-g}KȊc)ECTg+¤U*~M*TSo\rnmQ8ب\Zk`.\"(gWR,nlTWBXL\'ȃ\nƾS\"ڜ[&-<T,<0:c?\0&ؼuW/I=4V@\0\0\0\0\0\0\0\0\0\0\0\0\0\0\0\0\0\0\0\0\0\0\0\0\0\0\0\0\0\0\0\0\0\0\0\0\0\0\0\0\0`SϟxbNFD?6]EI=z\ZSIIbROEgذmTsX*(یM g¤PxoUEtآ	Gl-*	tY\n+Xo .1 )+8ac9Y^c0|OP1T@Fe-Qb#Ns\'woFMkzVۄߺIM*7\\ނMlp-w\"#JԞ\0.RXr&Dq^ڸ:4Z$\0,Gǝ/i/-µS|ANPR1NoT1\\:I$\"%tdE0QKQIKJio0\"\\Vː\Z$r*QoV7y`,=1dVoT]3PW({[V7u$@GjQ}x ^yk`:bðU\0\"U\0\0\0\0\0\0\0\0\0\0\0\0\0\0\0\0\0\0\0\0\0\0\0\0\0\0\0\0\0\0\0\0\0\0\0\0\0\0\0\0\0\0O:|cj*?\'&\0#:ewi.Ke6c4Wo\Z[~`hkIsyx\"Ab,xYcb$W&\0 0+)N5%IEM%EE73oܘ<\\ª⳶q@[eecE..]\ZdE!OF]@Y[[]׻:T\0sGnis̐m$J(BI	Cf\\͗g/W#ED.3c\'®cMjnkO%VV.3jQ}\ZxhF[@](M%6@p9N\Z\r#ah?\\IkA>Upj~-SG$odE2{oMB</ri9TXa@V˘Ug,&TYbn Q00}\'c`{s}>aU\0$E\0\0\0\0\0\0\0\0\0\0\0\0\0\0\0\0\0\0\0\0\0\0\0\0\0\0\0\0\0\0\0\0\0\0\0\0\0\0\0\0\0\0׶h%5?#wk++\\J4mGO~Po!\"i_@:5QԨMIne-dЂaG/ _ݬ|>D?hKI%(a`/Q̃&5ru*NV>QDhQҌʍ}M<z\\\'J4=_zHLϜP\r7\\N_iV[\0\"WJPNM}~|$j{|\Zt0g\'JPr۠FKRktj\r,ä́`󔰞*uJ2N4#9	x]7ʕ(Q1>~52+-M%d`\"|\n-{agPdʬj/,P-Ϛg\no*5rOɹF?\"ף\0\0\0\0\0\0\0\0\0\0\0\0\0\0\0\0\0\0\0\0\0\0\0\0\0\0\0\0\0\0\0\0\0\0\0\0\0\0\0\0\0آ;mC	Gʨ\'Ok;Ee5o\nwmkh^PF	TOͅtvjXxL\"Jo㟑Ee\r\0ǯ (@IrNS*ףIQm<XȀy*ӒAuy(G/	y\0JUN+qTx=Jw7\rS0,TXs9ݗ62ruV0>){*5+KZ6 F8ErQK	P\0r8,xbxUSum+8^-U7Qo~fU6ɵ(\ZkIS}Y6IK):QYkP39$:`	[zlV7%M)*SQ\r(EEyiMzR;`S\n)lDYɼdU\nV)_ٲ[ƕ(/tH\0\0\0\0\0\0\0\0\0\0\0\0\0\0\0\0\0\0\0\0\0\0\0\0\0\0\0\0\0\0\0\0\0\0\0\0\0\0\0\0\0Wq-p|P$n25뷻YaBJpR\\GVyl,maMjk/o4QG</*XC^[d匔_Zc2m@5AX\r_hGJK\nrƋX݄eXP-~EW\0gI\0y[4mS%|oM0\0JQimGOj\nZT.>X#NiJQ}8as^*hqM-k^pi<WFvyTt=)e&XmM`j+IԩpEe<I~EyT޹I$zLFM[skU*TӰD(m©*^s(6ٮ\Z*vuJ\0\nx@\0\0\0\0\0\0\0\0\0\0\0\0\0\0\0\0\0\0\0\0\0\0\0\0\0\0\0\0\0\0\0\0\0\0\0\0\0\0\0\0\0%\0<EJ\0x֊owYC\ZxIzX\"Eެ\r(bfRX R CwzĢ|VreK -]YEHVJ4+!N<h+FP8mȃf8EjGi%V~9/O܌֣:Ώ\nT$&i@\0\0>	]#vi%Ru[ӏqu~SOBյMm&RJ(\"c(a`VVV@^I+ oS9\0ULbڿukL2y*ҒEE:\nRorzZYro~aPjf^e=Urn[**S__\0G\0\0\0\0\0\0\0\0\0\0\0\0\0\0\0\0\0\0\0\0\0\0\0\0\0\0\0\0\0\0\0\0\0\0\0\0\0\0\0\0\0\0ojo\0Z9	9#ƭY4-HgJV1׎<)mKx>e\'umQ_y?%At7|(<yf)-Q>l\nI\'!my.BN:ObNUӂqo6i\Z1_7>ٙ_~/\'.a4ZϹ!z}p\0\0W^Gpz5:a<}.L>=mqєkS|)/4kg\'gM)&:PtՂOO{<gOȊur}VBm4^l<<QJͦ kj DtP~l\nwb<\'ET)~|ȈΦe\'V	ZufAڞ\"\"2_[u{Hߝ\0\0\0\0\0\0\0\0\0\0\0\0\0\0\0\0\0\0\0\0\0\0\0\0\0\0\0\0\0\0\0\0\0\0\0\0\0\0\0\0\0\0T_9-(Iz$|R^/YY5^\0Q-Q~m\0Zźqͬ2豖)U\"AnY{\n=sݔe :&Jre&EFy|0\ZS;ث\nu:}]	xZc?l*7caG.h<gK3V=í)pmgo4hS(/$\0\0\0\0\0n\'kڎ\Z$MѭOy2\':5\"QxhKGuSN=eOʩi7Ql/oB+My Rn=F;/	5,䊢睳+q-T!JA7k..IQ*W\'[-\0RnOЂPsQ7Oƽf}{jy}\0Z\0%} \0\0\0\0\0\0\0\0\0\0\0\0\0\0\0\0\0\0\0\0\0\0\0\0\0\0\0\0\0\0\0\0\0\0\0\0\0\0\0\0\0?%~Rh)fNQoD7:|\')h{oԃmeIKli4}bu<-<k@u6j?2\n\"r6 *OoAm/F2Ri}?P!q*лTl$JF+?ȂcArqe*pbU0gn}];8T[[:[19[=m\0\0\0\0\0^RӍ2cb&qQ\"ݷ})q-*]*{c_2Ⱗ4A92%:uzDzr{ ϟ2B(UP:1QCJ9߳B\0j\0}\0\0\0\0\0\0\0\0\0\0\0\0\0\0\0\0\0\0\0\0\0\0\0\0\0\0\0\0\0\0\0\0\0\0\0\0\0\0\0\0\0\0\'mӃ9qu)IZ_>MV:(;	7u*[8Dlhq:xnQ%\0wc	\"c>\Z\\ 0;᷶B^\0J)-so\n[\"^I$oڵiҥ-^(G*F=@WeNw3BDn\'RS|.gV9ԩc,I$-j=_3QG:{.u%eiw]1P\0\0\0\0\0\0Ƕ\Z\0l8:V~[~cuTj4qi]yZM!U])\nӫH/BlmOlQ\\p6ރQ>k;B֬E}j7h*%*R)\02NRT\0\0\0\0\0\0\0\0\0\0\0\0\0\0\0\0\0\0\0\0\0\0\0\0\0\0\0\0\0\0\0\0\0\0\0\0\0\0\0\0\0\0|G`Ds	7䚒vJ8坂aXo\n(4EȨE(%2>R^&cR©<XٴߨZ]\0+e\\^ \\I%>)(C62SRr{]q?wuFӃFww.|,xU\'VRV(g67|^K]At&]P\0\0\0\0\0\0]}yY:nSʌ61q\\*VLRP%FI+p<+w<Ln-l2< $PXAJ0rY(\nNZDTRkaS	g\"^R(eI%͐\'/xnbs\no|BռpϚc\02D\0\0\0\0\0\0\0\0\0\0\0\0\0\0\0\0\0\0\0\0\0\0\0\0\0\0\0\0\0\0\0\0\0\0\0\0\0\0\0\0\0\0g*j(;\0GkEƴS]5Q-V)+;A$n\0j%9I%q6O*Sm<utjS.>Sw@UYT05$E7Ԃ|^=L9o*5IUuSyK;u~թmR賱G}*xEzJOSi\0\0\0\0\0\0\0&(Щu)Ԕ-hC3n֤iX;e7`Bzad*17<M9X@-0t4\',E\'ARIC~l\"UaT,%(Xdodx\\#kjj?\0%} \0\0\0\0\0\0\0\0\0\0\0\0\0\0\0\0\0\0\0\0\0\0\0\0\0\0\0\0\0\0\0\0\0\0\0\0\0\0\0\0\0}$@<לl)VEK!U_W/Vqlc8I-񈬰/vPxKo a|2w8%i[A&BeR+e5GL@Iib+ejMo[WRQm:]eTp(;\'jJ_e\0\\:R|(9ƥ8\rJI\0\0\0\0\0\0\0vjdҫ8b5Z{S8/HcML/ã\'>aWSIAgB,[;,\';vA*\"@Urj8]B3h/O(6DE_,S;[)/am\0 ǃ\0\0\Zb\0\0\0\0\0\0\0\0\0\0\0\0\0\0\0\0\0\0\0\0\0\0\0\0\0\0\0\0\0\0\0\0\0\0\0\0\0\0\0\0\0\0rԿ{\0!c1d(ԛ]0j_ÏF:Tgz/.>@#e5%^. 2e=/:n*/%X\r-li~\n>LkHGn+x9JT`o|D잮BoJN\"|ac)ޝ7,\'\0\0\0\0\0\0\0k|QqZSDU|{7nH+MMR&$ܣ#^aYW宻z]TrUΖˠFXI\'7cw]{I,<OI9e,R:\0\0?fHWpT\0\0\0\0\0\0\0\0\0\0\0\0\0\0\0\0\0\0\0\0\0\0\0\0\0\0\0\0\0\0\0\0\0\0\0\0\0\0\0\0\0\0r{aBǘﰪ<rNr*E,~AS)KŎ	IMj8A󷽁Rj;[s(>\\A_\"d6 I8@WN(ၰB1\\-Hѥ)K%:VZmꜳ\\(#wkhחV\0\0\0\0\0\0\0g\nIԜkxIV<92*)^c$#(;z0BBFEat .KeiǨK`(9UY\"<eVU̶a	Sxsh\nJ*Q-7\'\0V\\W,\n\n\0\0\0\0\0\0\0\0\0\0\0\0\0\0\0\0\0\0\0\0\0\0\0\0\0\0\0\0\0\0\0\0\0\0\0\0\0\0\0\0\0_jb8\0~$_Qk}!Rz0^h#ZSaYK:wK8}<r[p0yGN\0Q,cfl圿RO-ۮUɥ̣g#9$Y(⮞!fUp\n)lmUw%Nꮈ8Cn_\"%}(\0\0\0\0\0\0\0\0\0<>?NJ)WWѢtӇVM/Ԩ^Z5?0*\"e\ZmG,vy\nYER4)(QZ9u?ytaT>mS_VaZe5oXVke6@_\01p\0\0\0\0\0\0\0\0\0\0\0\0\0\0\0\0\0\0\0\0\0\0\0\0\0\0\0\0\0\0\0\0\0\0\0\0\0\0\0\0\0cg/^Dq\"~Y*FHZ]|51ZO\nAme[meF4+Ismǟ,U(J+%*bN9d	n/깩JٙՖd/\0yqMם_Zi(Q_Vȍ\0\0\0\0\0\0\0\0\0y7QsJ?#]>Y\njKRp24o(R[YH\rҌZur^V)yz/Ke	cF2\n`*IiLy*R[Q[.Dmg-+H),a,Pvθ$AQ\nB\0\0\0\0\0\0\0\0\0\0\0\0\0\0\0\0\0\0\0\0\0\0\0\0\0\0\0\0\0\0\0\0\0\0\0\0\0\0\0\0\0\09hu;9|E/,q6D:1S{%4b-a\rwN2[/u.p\nxVMo\ZFzƤA^F\rUQ	lCJxֳQKt4\0A2T׹q=s^4oqpFU)iy9-_L[-\0\0\0\0\0\0\0\0\0:bgNO̗Pu*ӎMzRE+*=<)RJL.Mfi95 g)o6\ZRccDR}c\'˖!5b7O^콯{5­ZãkJ$H̨\0\0\0\0\0\0\0\0\0\0\0\0\0\0\0\0\0\0\0\0\0\0\0\0\0\0\0\0\0\0\0\0\0\0\0\0\0\0\0\0\0\0ٮ)\0Tx\\yyI*J^ED)O]v4!Pzw<b~/ռ;smyۧA%41^|(4[OvJ/=Q{jÌ6eV]n*s\Zh_Y\r#ԁ\0\0\0\0\0\0\0\0\0\0eW6+/\",yRJMJ3Pui5r/	+Eb(KFRY{Hg:G<nvz)A6,J^-RKF*ldmh*5_qk[h,ʥh{H\\,H1IrKT\0\0\0\0\0\0\0\0\0\0\0\0\0\0\0\0\0\0\0\0\0\0\0\0\0\0\0\0\0\0\0\0\0\0\0\0\0\0\0\0\0\0{MeNB:14ՌiSqV^=D;1`9˗lʖ1Z+(t4ҼQqO@Ox@#c6Y~+5I6ٽ񂊿5 pF-pԒĪ\\MFV4K~H=%07IE~p\"K\0\0\0\0\0\0\0\0\0GjJ)/yzҒ^Eڴ+@f_i	K@3R{\'3S[]ȼ|̮b5, /wyXyѹZ	&UIJ~A6XQ|Y0S{50\\VMKk&jpi\0\0\0\0\0\0\0\0\0\0\0\0\0\0\0\0\0\0\0\0\0\0\0\0\0\0\0\0\0\0\0\0\0\0\0\0\0\0\0\0\0\0YM\n߈Jk޵5y@氱l\'r[ %pz8*<=-OvH,~EqD5ՁY/E;c5kZӋL#\\jsZRORyd[g\\jh}\Zr\n\0\0\0\0\0\0\0\0\0r^գ\\M%wOhd\n\rά)4֖V .W-lOI,d\n}^eE2+,n[Yql\"s,\nd^E[oA7lǾԢmd_=2\0\0\0\0\0\0\0\0\0\0\0\0\0\0\0\0\0\0\0\0\0\0\0\0\0\0\0\0\0\0\0\0\0\0\0\0\0\0\0\0\0\0\0̝vÌcqS2#U˛՜D+wB\r5LɾY\nJ^5\":z{GQmEp:FI/opV\n4 9x@Sұ\rWhU!	V8+,]rEl;jpA=U\r+,H5[ЧFTiӊb$4 \0\0\0\0\0\0\0\0\0\0₸YżZJjjk-\\y(XUטDNMѶumt+8hR<*q\\Xpl\05a\Zj)6w )]*d\nklk&=U٦ÅqֶZ)\0\0\0\0\0\0\0\0\0\0\0\0\0\0\0\0\0\0\0\0\0\0\0\0\0\0\0\0\0\0\0\0\0\0\0\0\0\0\0\0\0\0\0{AK\nz\'DFp5ja5cQIg^jk<(L+TbOdQ`-d,AeVR6`tA\ZPR*}Bq>Gѭx,KqQQ-l)|LՎZ\0\n)~WeϪCqm趶-aXJ\0\0\0\0\0\0\0\0\0\0#q**]P|R>i??Ju&mm}\rt\nR*63\'L0BhƝ<$FUOlQM<*E\">EeB2\'nE*/p*lֳ1WagЂ7\\\n_=S\0S#5\0\0\0\0\0\0\0\0\0\0\0\0\0\0\0\0\0\0\0\0\0\0\0\0\0\0\0\0\0\0\0\0\0\0\0\0\0\0\0\0\0\0\0nz,T[\Z&,h9x+\r*i>y:Q5g$\\Fo;k+ޯAEK~`knx~O\rEI+]^ns`e\\hy2.!;~Smr	kKФמer=ބ؉c<8i^i>t˗nT\0\0\0\0\0\0\0\0\0\0%^5%FѰ/?֑wx]	5?ȧT^єckJM\\|2risXn.T`\"w7=W/\ZfU[ay\Zڜm$E+>Ǩ84Zpu$\0Ro.Ȩ\0\0\0\0\0\0\0\0\0\0\0\0\0\0\0\0\0\0\0\0\0\0\0\0\0\0\0\0\0\0\0\0\0\0\0\0\0\0\0\0\0\0\0>*_H~q\r jrR&	2{sEr 죊4|OQ\n\r(RO|e5.t7/\Z닭M\nw-\\X<s\0]y|0txuj(E@2ʵ)$1YSdМp\Zb\rg8D8n8EU74Qz9$rkom*QRK\0\0\0\0\0\0\0\0\0\0\0\0y=+^F뻈5<K\"q9|:/e\n#pi6\0~lAsY4-v_P1JR(uEbUB(VBWwR|!l[`_	tDɥUIK*oK[NҒkJԳo-P\0\0\0\0\0\0\0\0\0\0\0\0\0\0\0\0\0\0\0\0\0\0\0\0\0\0\0\0\0\0\0\0\0\0\0\0\0\0\0\0\0\0\0QzR˧pN2H,y덯iiE\Z\nT	ZT$焊wf5%(^Diqt{.Qdce<7[nƄ~{NKp6ynQ\ruE qZ/Ӵ:EꥥŏUhN54\0AxW8U.%-/hҍh?I$J\0\0\0\0\0\0\0\0\0\0\0\0yᒥ	J%jV^b:+b^((x\"]象PHʕT^[	op\"WI\ZkqnX`~;\ZwqHkJsoȢ -rqIr@mleFz6oԌmj=N\n8+I\Zap\0\0\0\0\0\0\0\0\0\0\0\0\0\0\0\0\0\0\0\0\0\0\0\0\0\0\0\0\0\0\0\0\0\0\0\0\0\0\0\0\0\0\0\0r^i*xJBǛp!Ɯ$IovNM;yE#&I\"%NkVXy-;ŤE$@JMF,x}@\n~@G\Zpm\ZGyMͨsGM/TAVnֵtt(jҭÀssj$<.\\cL\0\0\0\0\0\0\0\0\0\09ks()JT0c`qRB\n#Ja\'Yyw}n^cSKB1,*@\n~\\\Z.Kgͮ@LnQ>8R\\E\rs٭i%BOS#-=|i\0\0\0\0\0\0\0\0\0\0\0\0\0\0\0\0\0\0\0\0\0\0\0\0\0\0\0\0\0\0\0\0\0\0\0\0\0\0\0\0\0\0\0\04]Wdx?*Z\0ԿB,.#Y}q)= Sڎ_uH=6Q4QIow \ZjSj=7oGR~@l-%Q\"VU@RUJůV^Y5{5q^a8l]~Īc2vWw?ĕ^{*{b\0Ƙ]P\0\0\0\0\0\0\0\0\0\0\09k:\ZW<Vx@@Y+\Z_qm_yvܱjRU%Ȥ(Y g]2T\\2ѱ{Dw$RRP&1X@\'Bdq$/}^-tS\0kxzx \0\0\0\0\0\0\0\0\0\0\0\0\0\0\0\0\0\0\0\0\0\0\0\0\0\0\0\0\0\0\0\0\0\0\0\0\0\0\0\0\0\0\0\0`ՅͼU(?#W\\:qUԗ[Myn\nV\"XxoFXV\\RldpFE]+ §)\\Q|oNr873\r#^6sT-t6\ZQZGf╅lza6M+^^RU\01 \0\0\0\0\0\0\0\0\0\0\0q\0\0;ѣ)K\rL+L́LduYO8Dvj1*XH[-(ZJ0Ym%?2m\"ۖR{bxw<|\n1b4v\\g]tmNfrL\0\0\0\0\0\0\0\0\0\0\0\0\0\0\0\0\0\0\0\0\0\0\0\0\0\0\0\0\0\0\0\0\0\0\0\0\0\0\0\0\0\0\0\0\0]v=tכo+jROF\n9Oy/SK8O#(]Pxᦔ}۔Hr݁\ZwN]6ūqUa\rMTažTn.5xycOcmIuO_&\\\0\0\0\0\0\0\0\0\0\0\0r>{W?\\˔XH+_ERI<cDhG*)|R@;xc;z[VJ4r\Zk;``F[([Ű*mmΖbpO<ٶPn\rJ\0FacL\0\0\0\0\0\0\0\0\0\0\0\0\0\0\0\0\0\0\0\0\0\0\0\0\0\0\0\0\0\0\0\0\0\0\0\0\0\0\0\0\0\0\0\0^{:msF>+5KoԨo\'OW>^^GC2@7mk;8[&C9\r4߼\r\Z$7%ܪIWC{NJovU([A23U;J8Ǉ,4M9]$3jǳ;?km|\'	yO*\0\0\0\0\0\0\0\0\0\0\0#e<O׻_%k^]UO\r[B0Z:Qi0ȦY\"Alvk@QO,Q-Sϑ~*#\n؃M?4[5;lEFe*ǥ}WWujVy^W&aF\0\0\0\0\0\0\0\0\0\0\0\0\0\0\0\0\0\0\0\0\0\0\0\0\0\0\0\0\0\0\0\0\0\0\0\0\0\0\0\0\0\0\0\0\0}W?vS\'IcN	{F7^HSKñJlMQ榚`r<^5ZdKAp:?fma9^/1oM&{_vy%sx:QK2KMc1XKX4 \0\0\0\0\0\0\0\0\0\0\0?`8?Em\0}9pws/UKWkF΍b; \'SSI$BoӘi&5BMJ-=U}amSM2MS^\r2\"+Mn-b^\"ܴBӥҵ/iY䓄@\0\0\0\0\0\0\0\0\0\0\0\0\0\0\0\0\0\0\0\0\0\0\0\0\0\0\0\0\0\0\0\0\0\0\0\0\0\0\0\0\0\0\0\0\0p٭ի=hT?#X\0\'&Ѝ,(R\"1Evs㞠J`%Iw_{ /j\"۸AX)ahjW)nRrfzh߫(gĽpJ9yNR_ٌ?fkO``\0\0\0\0\0\0\0\0\0\0\0\0r~i+-*r*o3\r\0gn7H^05_\"gKMlQQm6̨JA{(x|\"tA|*J0ӆTbdEZߛ`]8wk/Tlm$Eo;1akܫV4g%lE(ErKeP\0\0\0\0\0\0\0\0\0\0\0\0\0\0\0\0\0\0\0\0\0\0\0\0\0\0\0\0\0\0\0\0\0\0\0\0\0\0\0\0\0\0\0\0\0kqz^TO5/ЕyyEBob[?qBsHߘZN[O MJ	{V]G)YOe[>SLJx^Og뼾5(NCd#lWkBokӦ\0\0\0\0\0\0\0\0\0\0\0\0\ZnGd>Ү6-e7FrkQnk+˚vO \nqQx݁cVt@+BpxPz{>e\\>DTM>Atb]ݧUt)F8oFzu!kGMhO?+ \0\0\0\0\0\0\0\0\0\0\0\0\0\0\0\0\0\0\0\0\0\0\0\0\0\0\0\0\0\0\0\0\0\0\0\0\0\0\0\0\0\0\0\0\0nmkP\npk\0A(UJѦ\'\r^WF5%ϓ[gԢs/X^J-6WTy[ldtݏWS[#q{__MIHؚJ<*WO\"p.RnM|Yo\ZF4Eܛ\0ur\0\0\0\0\0\0\0\0\0\0\0\0{MVIӔ_<9%}L+kjTT|i{*mRSyLs.(S\n0R\\^2B9u1hAo@ՙa^jZe.1O	A07+oT};spᴳORW/+хd\0\0\0\0\0\0\0\0\0\0\0\0\0\0\0\0\0\0\0\0\0\0\0\0\0\0\0\0\0\0\0\0\0\0\0\0\0\0\0\0\0\0\0\0\0\0\0yŒ\\V]Ԕձ\ZJ)c\Z*+]aI\nF\"	 2809N#=rMUvu$#SJ叙fiw|圳H%.i9￳qثGcQ!d\0\0\0\0\0\0\0\0\0\0\0\0Rr^<;S\\iÔ&$Hu64ǻ_x+k.W|P.I:YH\0,.Mi{`7K9 4FUYI)[z/-@G\0xbn|ٚ0)ҧ?/}L\0\0\0\0\0\0\0\0\0\0\0\0\0\0\0\0\0\0\0\0\0\0\0\0\0\0\0\0\0\0\0\0\0\0\0\0\0\0\0\0\0\0\0\0\0\0~6᷸J5i:mſHv>SkWeͨL9o\\5\\J1^=2A$VE}wc.oiwjjZcB4!\r#RUjO䈯W{\'|;%N|\0n\'	.\0\0\0\0\0\0\0\0\0\0\0\0)/y6ҋFnovb4®yTT;dk[>O(Im\r4O!Xݯ;F+@i+mQ3*^B-G@\".nFy<#_`NwH-LL\0\0\0\0\0\0\0\0\0\0\0\0\0\0\0\0\0\0\0\0\0\0\0\0\0\0\0\0\0\0\0\0\0\0\0\0\0\0\0\0\0\0\0\0\0\0~67ioqI\Z5e(MG\rcp!]qizZW{gb+g\Z_y\"hnc5z=]=Oj_i\nkt39Fh\0h@8\ZvuV4rՏa[Q*bJ#% \0\0\0\0\0\0\0\0\0\0\0\0%_#v1xVE6vx6w-<RPX|^9y`Ej|hɷ&\0B\ZܐܰlʡQI\Z;LDm3qūmᝓj*.8kJ/-P\0\0\0\0\0\0\0\0\0\0\0\0\0\0\0\0\0\0\0\0\0\0\0\0\0\0\0\0\0\0\0\0\0\0\0\0\0\0\0\0\0\0\0\0\0\0\0slWwK__rm\ZM	vUuC\r 3Wn4uwTo]w^fj٭W;VK-l|;J[)\rQM)K0v\Zam(}yuR9E\'}D\0\0\0\0\0\0\0\0\0\0\0\0\0R_unOi;I;\nI-WTYYN{~YO{cA6YF\ZUVyUo>07tR^5Q\nu@YQ\0MxTZތr)(FTaI`\n\0\0\0\0\0\0\0\0\0\0\0\0\0\0\0\0\0\0\0\0\0\0\0\0\0\0\0\0\0\0\0\0\0\0\0\0\0\0\0\0\0\0\0\0\0\0\0YZkQJk0\\ZL\\:\nN9{I}5gTrܙmbtbן<5|fU#-G7Zylʯ5S5^o\r<F+j\'#e#(d\00zӄS}gGi;j3[e)g_3;׭V@\0\0\0\0\0\0\0\0\0\0\0\0\nKp/Xm _Zk$TkC7*0??\'[O}YbQe^YquJr^\\Өd[@\\&E*Y\\Oc\\ZI]V6J/)|^j]{z\0\0\0\0\0\0\0\0\0\0\0\0\0\0\0\0\0\0\0\0\0\0\0\0\0\0\0\0\0\0\0\0\0\0\0\0\0\0\0\0\0\0\0\0\0\0\0\0\03{r_gEQ+b=u-f5}IJ/>ʎzi熥5[lXӴ$ݐm([*峓47R}v\0 %SNTYcb=rudEJ݊ҼĖ(8JӰqWhӎpQwhJ>!)[T{[\r0\0\0\0\0\0\0\0\0\0\0\0\0\0&Sx{epe8guƢ-aM]I4U;tvDN1sN\'9,H+A[J_woq5kʫno R%.䀌mK{l^8sPKEi?~O?W\0\0\0\0\0\0\0\0\0\0\0\0\0\0\0\0\0\0\0\0\0\0\0\0\0\0\0\0\0\0\0\0\0\0\0\0\0\0\0\0\0\0\0\0\0\0\0\0\0>A\0)XqtFRNڜ<OWWıJ%	g\Z,C=O܌b{/Q\nW4R^[j.曏\n:R8_uxp|qNPNINM6M%WwèXp(a摩iTmS5WV5}N~\'\0y#ƙ\0\0\0\0\0\0\0\0\0\0\0\0\0\0xԕh\Zw`_xo&uoXKj2qX/\\Es<c)Avc)%2O)\\Ihdfh-Q6Me$XeɥՁ{?P]5{w(\'II$XT\0\0\0\0\0\0\0\0\0\0\0\0\0\0\0\0\0\0\0\0\0\0\0\0\0\0\0\0\0\0\0\0\0\0\0\0\0\0\0\0\0\0\0\0\0\0\0\0\0KڟOQM<\0uy]+W_u/ck#\Z1zjΚZƤ])q%ظjV$(jQwQeS9,D7q)ۙu׼ګ^c{	ھsRQ\ZT#84q)\\֝}\\1H?ӔhUߦr\0\0\0\0\0\0\0\0\0\0\0\0\0\0[ov׊(\'UT^?fgm#eUnZF)vKP,8kY8qwDGmnUhsH[硚7Z\\؂=Jm&HIPImᶮSZWZ]IUԗzz2\0\0\0\0\0\0\0\0\0\0\0\0\0\0\0\0\0\0\0\0\0\0\0\0\0\0\0\0\0\0\0\0\0\0\0\0\0\0\0\0\0\0\0\0\0\0\0\0\0mZqJtEJN2OL${D[\r8D{3Uˆq;^s8/5Ƚ\"-685Ӕ,yȢÍQ\'NSu%*=;>adWc\'|\"gR{A[\\=ZuiY^Ir:Ѵ▭	y\r:3~9jߛ}H>1X\0}vTlNS{/K\0\0\0\0\0\0\0\0\0\0\0\0\0?i.[o4&{n_N\'oJrOLg(5Z{NsP\\Z̐(?R\"Xvr:SJX&j-m%ˡx炏2~N&i[S9\'/g=V@\0\0\0\0\0\0\0\0\0\0\0\0\0\0\0\0\0\0\0\0\0\0\0\0\0\0\0\0\0\0\0\0\0\0\0\0\0\0\0\0\0\0\0\0\0\0\0\0\0\0|kTeŢ3S޷WRuZ>qzD{7o}ŨEfE\0r,6aFUlWWt*J1jI,;~*\\jO<KY4fjm6܉UhBpu%R)KorXpu!-Q^q,e[*:iq\\E7USNQR	?~M#?\ry.9OCm}\'=L\0\0\0\0\0\0\0\0\0\0\0\0\0>oӁǊvZtT뤕.[!?T3Bp[u\nޢDrwqNkDWIiԼEآ*Z`\rX5^Nݖ+B奞GXM8-L[zM\02ysNJ\ZbɾHS:>vb(~kT|d+\0\0\0\0\0\0\0\0\0\0\0\0\0\0\0\0\0\0\0\0\0\0\0\0\0\0\0\0\0\0\0\0\0\0\0\0\0\0\0\0\0\0\0\0\0\0\0\0\0\0f	+g\Z.x+Xo%[ί.{6Tk]U+QtNpi7/7>\nt{k:b$\".[׸{^uѦN ~oJKD*jT1L){	]ʹQT:{F2|)/\"h[ZKj7B\nU-a/]ƅm-T{ʎv/&\"$F⦚u\\֡RO[`}lT;yV{Yԇxz| \0\0\0\0\0\0\0\0\0\0\0\0\0n-.#h:s^`q_!ayN6:m\'j)¿\r&\')QV[8jIA*RGi(EGգ5:NIzF hU{G_BUBjd溁n\'d[}Q[U̩/Ŏ`mvEh;B\nM5%B+m%\0\0\0\0\0\0\0\0\0\0\0\0\0\0\0\0\0\0\0\0\0\0\0\0\0\0\0\0\0\0\0\0\0\0\0\0\0\0\0\0\0\0\0\0\0\0\0\0\0\0\034\'I\0PG!*qitTvr^qEJ^j./+ԭGĵUp%Mmf-(%ѷ9+`LZЅM՜9cs@cS<Jꢣ9ӓĴ	?\Zju.M*0	UZIGuHVڍZxQa{Xe>lNI;j2bvX_O^4\0\0\0\0\0\0\0\0\0\0\0\0\0\0=Z%aiΜ$g5p+jt:sTaOYZ^7m[]Io(Rx{g}oSniׇs	]4,@VU~m:Tej)=YJ}JQ5,5ON	ERyYƌ_[g	zN)J9Q>ExIѣZ+[Zsy>a{.#I|\0k2D\0\0\0\0\0\0\0\0\0\0\0\0\0\0\0\0\0\0\0\0\0\0\0\0\0\0\0\0\0\0\0\0\0\0\0\0\0\0\0\0\0\0\0\0\0\0\0\0\0\0\0\0#{HtWl\'F\n\0XŅsQʭRUy[)%?VOnL	-\0;3JIZ)\rUsvr}~NJ!FYU5/teJmUI%Ɂ!+џY<cH6\\>?kמ\'&댰\"u%+7Q%J/v(ԽcqQVߒpptYY\0\0\0\0\0\0\0\0\0\0\0\0\0\0\0omkĕ,O`2F|ڻmxZ#Gn Qbܢ4lfgNKDey}4duJ}Wษ?G\'z\0-jownT\0q!B])~KetErJx(ՔtZNqMgiۀӗ7AJNK+*\0\0\0\0\0\0\0\0\0\0\0\0\0\0\0\0\0\0\0\0\0\0\0\0\0\0\0\0\0\0\0\0\0\0\0\0\0\0\0\0\0\0\0\0\0\0\0\0\0\0\0\0ŸTPuEjg\rݬ%+t_wTRyJQ\'m\rftڌʓ<F6jpkb;TҔZoq\ZV}J[<7=vÈN*pԗk鹷xhvݦ6MSqFt*OT5ṾorM;%u(J3kF))oَp>ѝ>éZ),rɶ鐍\0\0\0\0\0\0\0\0\0\0\0\0\0\0\0>	EFWo+gA4E}$wt)8jyO\rݭ\\ҭ*yyoVǇїY;%Ȩ^ms%o:J)t/o\nZ<59?\nvE)>XY\r\nIVq-U(w{5h¬i4N.X\Z8gT*q^ԃ\\pì+kztBO\0\0\0\0\0\0\0\0\0\0\0\0\0\0\0\0\0\0\0\0\0\0\0\0\0\0\0\0\0\0\0\0\0\0\0\0\0\0\0\0\0\0\0\0\0\0\0\0\0\0\0\0\0\0\0ay \0\0\0\0\0\0\0\0\0\0\0\0\0\0\0\0\0\0\0\0\0\0|ۧgxf.U/xm¸8,PI.<s);JE*\'n/{kMMXNެ5Ofw6NMPNu{%I?]ԚO.*M5Q *S7LfeZƬR*n_.*	LFrOKWGJQCMc]g__ֵvrUWL(>yB%z\0\0\0\0\0\0\0\0\0\0\0\0\0\0\0\0\0\0\0\0\0\0\0\0\0\0\0\0\0\0\0\0\0\0\0\0\0\0\0\0\0\0\0\0\0\0\0\0\0\0\0\0\0\0\0\0\0\0\0\0\0\0\0\0\0\0\0\0\0\0\0\0\0\0\0\0\0\04$L|i\r1?¾@4W\ny \0\0\0\0\0\0\0\0\0\0\0\0\0\0\0\0\0\0\0\0\0\0\0\0\0\0\0\0\0\0\0\0\0\0\0\0\0\0\0\0\0\0\0\0\0\0\0\0\0\0\0\0\0\0\0\0\0\0\0\0\0\0\0\0\0\0\0\0\0\0\0\0\0\0\0\0\0\0\0\0\0\0\0\0\0\0\0\0\0\0\0\0\0\0\0\0\0\0\0\0\0\0\0\0\0\0\0\0\0\0\0\0\0\0\0\0\0\0\0\0\0\0\0\0\0\0\0\0\0\0\0\0\0\0\0\0\0\0\0\0\0\0\0\0\0\0\0\0\0\0\0\0\0\0\0\0\0\0\0\0\0\0\0\0\0\0\0\0\0\0\0\0\0\0\0\0\0\0\0\0\0\0\0\0\0\0\0\0\0\0\0\0\0\0\0\0\0\0\0\0\0\0\0','1.png','image/png',NULL,NULL,'褲子',32,2),
(3,3,'潮外套','坎寧安說，wiki的構想來自他自己在1980年代晚期利用蘋果電腦HyperCard程式作出的一個小功能。HyperCard類似名片整理程式，可用來紀錄人物與相關事物。HyperCard管理許多稱為「卡片」的資料，每張卡片上都可劃分欄位、加上圖片、有樣式的文字或按鈕等等，而且這些內容都可在查閱卡片的同時修改編輯。HyperCard類似於後來的網頁，但是缺乏一些重要特徵。','這件外套是最棒的',299,'\0JFIF\0\0\0\0\0\0\0\0			\n\n\n\n\n\n	\n\n\n\n\n\n\n\n\n\n\n\n\n\n\n\n\n\n\n\n\n\n\n\n\n\n\n\n\n\n\n\n\n\n\n\n\n\n\n\n\n\n\n\n\n\n\n\n\n\n\n\n\n\n\0Z\"\0\06\0\0\0\0\0\0\0\0\0\0\0\0\0	\n\0\0\0\0\0\0\0\0\0\0\0\0\0\0\0\0\0\0\0\0\0\0\0\0\0\0\0\0\0\0\0\0\0\0\0\0\0\0\0\0\0\0\0\0\0\0\0\0\0\0\0\0\0\0\0\0\0\0\0\0\0\0\0\0\0\0\0\0\0\0\0\0#*wы<G~u>9kv=\0\0\0\0\0\0\0\0\0\0&7uC~f7\\m{H\\w#\nv=짽$Wۏ+Aϴ\0\0\0\0\0\0\0탋=mݣpj\Z<=Xoz<Wa|6#OgpϲsEQFJtk<w_=t\0\0\0\0\0枕S{\ZȾMϝף~,\'bQ,Öp Տd1SR~yM}[\Z5jJÛ%3^>-\\\0\0\0Net몾\'b6SJlVl[Qۖ yg2q?[6cyd%۾u3&U.Kq/ݨywzV|\0\0\0\0W/[?ҝɡ欝2j\\\nm㾳^Вc<<}\\/4mrL?:u%&;غQ)cY0+.K=Tq+}\0\0\0|>r#Dk*b짪7SyHnkG.Bo)0~Wjf\\_(Ky?];;[!\'8ohرic>;\r\0\0\0\0u	Կ4x?S0F\\l3 NAqLSkL1E6UUq\0?`fgHQar9ҍmٮqIbU.\0k}zV\0\0\r:^pf\'(USeF9\'u5ϿuN!>v>|o|k=\\C6E_cY#\ZgՀdI\0oS(c%^vz\0\0\01Ǿ=G05,cMjI|_}rF7zU1j&o߸/\Z2\\y\n-l{9o%c~wNH#^ɸ3b\ZR)Fwٟ:\0\0su\n>A}q׃=C{VAseq;mSH<ʉd,ǉ>}F%uWmz^DǜIƹ/\n\r5bь%^9KUb|(濍xp\0\0<?gAf_45|Or*NS~QOI!TYf8|QGNQ\"۝!ǹe/{c6ƦeH#ҿi&e\0\07fӨ/T5|Ă)*Ilw8\'4BVIcx[e.g}ib\\?NY3>YފR(	>a|mydZ)3\"ৠ\0/xPt;K+6CrN}iZ:+*6]_(qW,\Zvk&I.!z餚C&NtO*iL2U{9F7\"m\Zy\0\0|yge,>f㢻}[9y?Й7I}͢rvK;[eE\'!blMzj6;93#Ǘ&C<\0<S)Gh/w܅2D{=\0ӢSM|5n,<3|Qِ\"7vGY̑}Lֻ{!5eS8.Pį^7Z)a=6\0\0uӏ_.<d8%پ[2[O1fVŪScsc׫kQdMkYՎdp(~\\)w)VG<{~pׯǱm绗޼<zj\0\0q˷o$xL\'bCO],bɻ(D\'WF)\'%xz~di<2xkl,7$5xe\'.ۇiR^vo][}Jy`\05ϓN%/zMmQl:ۧݦf1w\0e3>-٥_AC2><hg\0˜lT}飳ϹoBBi\n\0ߢN5C^Cvd<-ԪV_-+d{K]]FRM۫-:\\}1uy_m:=*ꪌzݒ\0\0\0A׊gݷFkn߷Q,$0eVPܪkNN }_~Tp`ktFw\\-۹Y9pcoE%o֗Nw/2\0\0\0yM늃]c$8\nt[Tg_#Sk}~Q>>.ݔ?Z;9oU.,]V4en;w9Է.\0\0\0\0\0\0\0\0\0\0\0\0\0\0\0\0\0\0\0\0\0\0\0\0\0\0\0\0\0\0\0\0\0\0\0\0\0\0\0\0\0\0\0\0\0\0\0\0\0\0\0\0\0\0\0\0\0\0\0\0\0\0\0\0\0\0\0\0\0\0\0\0\0\0\0\0\0\0\0\0\0\0\0\0\0\0\0\0\0\0\0\0\0\0\0\0\0\0\0\0\0\0\0\0\0\0\0\0\0\0\0\0\0\0\0\0\0^\0\0	\0\0\0\0!12A\"Qa#03Bq$Rbr4@C%STcsu 57DPUVdet&6E\0\0?\0JJ4R*(Pg<H/i(_h[w\\~b܂Z\n3.V\0?W\0Oj̧W)?euOE+3SEAqxPaA,!hq$FFW#.?=!*FR]奘֣irkeu	Sp#(py?8n3v\0`꓋rzH\rWs8KjM겷~VK,I<tX\'q:NUPFnH^kɪj64JGyV>tFԉ9#0ϞR,7&WnQ+%\"Uܣ@#QkZr7\Zy8v%]4]ZCtX:^~}]ZB:~Vu[}EkÔAJUϟR~eB[<:뫹+V#-\"Y)CR(*ܔy\Z\\ugTyiLF^	3;ДmIԅvErTF%\Z/̂a2RZăpҏrĔܒ\\^B71t툿1wPS9FI|!~h0CDށ=_S	lW_RGRcql]]9MtcN_O+IXX=%mq	MBO7~UFUӘ6bT))\0>lHGk=<GT5MT\ZpRPz]vҾI\Zm5Mek%fA}m+#.z\\%֜2c WiyW]_mXYF5sMthPyuZqe9lj\Z	3\rPI\0U\\}e5ϣ:\n̟+K?|=Nu+癶G&kZ338SDwِ\\>kHFw\"MJ+k\"Vd)KSB1lkI..\ZV#lf1qdoq\ZI&.RqQoI6Þ}򀃹xRLo[;Ji>!^TGBqfU:ZKǷ~MBZ+:=SjTw6-l>皎ҟ}BWRy\rm,ܠhLig\'}GĉJyffRH$ 9c<ɑ~IB*%fBQ%ē۴:FAul*>y	[0|¹|}gt=,!dit5+lȥQOazZ\rKmy-ҾJbeuŒR|-t-5\'Ymn\'&HϥBxdbؔj ù\nFDjNxUIRi&>mm8OW.ҸS6Bq[,i*UulͶGRЅȇIf$6\\|TåԮU:ȪJYDjҚE}e\"fdfpۨ%6G\r{WB291dz5}bcByfE߲M(%l0Vn[@aA|~5|@Jm^.1s²ZKt}Pq4IHpXo:A6u)qu,#h<Ja3Ϩ6wQyOƈx0*k0GBdEÒ昫Ij6K9s}9TU\nBWÏ(fI/5|$`t4\'>kW/PF Qx{(q3Q0yω\nIS1P{Bt]\"T	OR3Bp׺͟C_YJW?PnK\"ĵ\ZH3/e^aۊa8)\nY.!*,	vZG_<%3/=e[@t(j¼	K5;ؑV^)F#lmd,Xt:s5іS6-Mgdܓ\r(ꮍ7Ϻ5a9r#.I7if|DDHA9+v׉5$\ntgU\Z\rhS4D?iu]*+ˏy2ҝp씕ƝU?.2pbK/XG\Z6h[p$G!p9+͇hBۊyZ ℣EE!Q$-7#+)4ހ7yGۇyԻ\0ר8~6P4&]<8\'0Mw֯(Y#Ψq\Zo^5*7{#ymgվ\Z@e5%>u~^<0H3*Hh;AwrX+tHl\n^NkJ!iu8-;^1_?X/n5n&-)f Gع	^p@#h~(>yEVbO1FFoRj,ɒw+#Kr=	bdԑyDlixe$Ğ[\nS#|3a{NY=Dt9vbNn󉿪L\'5QMu]v(hӎyB[a\np\"5xEX8 <ىwB{<nRh3*)2$SeBּXxuU؋/-eiP\n.m]\0\Zy:$zIEv(6rz~O?x^]p{J	̇#+lpl̖FA b\"<7Ϗpi)(2̋gx%S$t+G1FD?F%hF?	Kh<+jPi!,5tfΧeUZcqW}F+N2fJ)v+10,	I>IQR+Hm%չoHF\0SK]&FHcO`zuGګ{%jڜ9JH\n7;-9lJ?0ĔT>kin0+SͮJ~\"{^#`lOAѨJ\Z,2ןI\\)bdGÞ)`V[ŖIϼjZ\"}\ZK\ZZs#yC٘ڳu\'V9;)X	%D4%sΤ:v$Z##ƃu\\߫q6Qbm]s\0idaÞpE\rl8	!͢\"r~++]^)]}ȔjE\r0=3xA\r{\nEr˃&B6|;GiW\0@ˬW/h[TFYE<)5?ZT#\r$퐂Pۧ6J1Jq)ÿ+>;LTBXL8.$4lXs`$AYsM(+/]^\";\\]d-uX!8#=9X+pKw{6a\0>El\"eEΌ\0P-ulAK?r:)%єK*)z)ڴ9`e\'n9D0Sb_\Z%մhbIB\";YB\Z=۵f)L>.cxG8tUu\no_-q_86WxaܐD#n{ow+4V|4nVI\';^&2W##\"#SWJ\nNŶ95ʕq8&R\\ryNS\\-%?#Q+5KMu-i8*g@I2_j]lqQ[g7	lHE񐣤BAYa9Y	CGcU)eԕqB)cF\"!%B8V!ox$nV|S!LC^Gl\\=Ohm*\nK@Ppb.>hrc\'NѫhiJ)O5PhXܯOVYȯ2<ᫍ5h_>,JƿtE4Gbi\'l)&ym2u2X)\\EJxv		;	Ec\r`(\0x?q{.33%[<7LMF9	IzY\'=\rPbĪix|/tKg2CĴp3\0	3Rq()H<h<ә\r\"r	=/\'Mlm\0xyY	GN(f]|I (^4\nQÚ(\\[#w܂·DktB{?LN\nj~W6\ZS*J`$l}Y}%YĢ(?$[!ЭpFR¿ce\'p CzXOG\n|~^3 u7j؟n~Ij$ |\n\'eRQ!,/释38H#x1=V1J;ȷp1v:V蓼\"6^vvbW),EIzd+ؓ%msv2eVPyK033za)__Oǿk/|+tI1|	6~7>@F\r:IZpsػ}KY:&VVl05|]_H(L+9Y(b6h;h<f-JGmB0^1Hyy?;oI:6^)dtmWՕ}Rj&QZ{]m vA*:\"w($ĂC&G%%\n*oF\\Ua5vN<Phgΐqv[mgK\\9-qYMZ%	W Ke]qS3yD^rðw ^)nsrdý=%,Vg{	n%e@QfpTw0\"wŏ0zBj\ZnjW<FofbRg96#΍EjIyK,ӫ%T\Z(:P{`s|ûG˰Ĕ(V^XPw!(M,c\nQ\r_0T3?_\'hI\"a[]ANj5<UMQ,~	\\8w]ƦOx\0ҍ<ǰ>q& 0ct,B94Ĝ~[\0ChA\rxh?XuQVgyg3C` )(qg|\rNu]6h3\00OT*!\n	;)y܀FXM>?B1Y!~L+$ya1H]c(݁\'}a腆Cl!6g߈H.D¤A.s?4/M3ڡ6E+%9\\(gGpkdi3Jb@MP]~H++%7YUT8^_!	]a~VЀяm (H/ȂMd\rAs$DFXje8l(=^%&l狴T#\\PS&9l˰SG[r ~+,<؅\"\n$!%<J eD]/iT%FCIAiY\'I!cQ-ܠd^0[<(\ZdєџIa0\r9bS\\3y}#L?0au\"\\UQQco|<md%XRCI;&\\r||Ӯ\Z%\0t`y{)\Ze,OY%&181W\0n_(GWT_8#7+`C/+AjŘf>\rbB\'\n߶Dw\ZxcyzMXRE,]knAjZ,x9;Tt^_g֤Cr{3]VHҞ芍ERUŃJ[n.#$sC?5G[FڱoGĂ(<Y\n<1g4:`MSXuE1ҝ=|RAJp^V!!Ioڛ\n9h,ҤwL\\9nH*=2\rWݸ`Hp	[FXSՁ=8h\0aeEj5{g`t7:a1Ҟ.m$%yFsI5|95	\0/R>ef;Q	iJKǏNevAf@D+i.B>qSnc?nV @#	|IwIp JS.BqDR\"u=l0 J?b!n?6KK]f[|eƝE?iO{E8>~џt1zzX)8,24U)ðR{ _ BOJr|ل$pBv	<K,owJ$0Fw%	,͉\'s2 v7ek؇HG!&cjpx\0\'ʢs5e\\L,]Y[N~HZć6dAB Fv5`,w 9¢χx\rN9Qn2W\'6/Ǵ\ZmQ 6{N%}bX9mu{bPilJf$\Z;Øڔi}ԶQSb&=(+,^=gKt^vTu +l4$<(/\ZIeuz!srH7ճ=25E͛XvDu31&Y()ԑoA\n\nZ~PR>##3#yąf\\r_1\Z35mQ0v[ZTV\nM^GZRHF}[\r6zƮqiU|a{R^GRtV,x?&^+^.#NJ`G=\r)\\)=U9\'<+Cc!^Fc\nR[Ǽ?s)H6XF.UĨT$6|h%/6>\0d1WxHbH.^\0	<XI|CHE֕nm5\rwrXOICs1?3M,ƀP\nћi) 4KWh\'\\=AHM%\r\0)vɺG6`ab+#oXjE:gf,M.K{{GC	@\"Z\'jiѥ/XkV/Ԧ+p\\5=<%\nbiRw\"s&M7O{Ca($:)dͨ*[:Im+ZWTz:DWDM\n\ZN()F.~{x%}`ҪR5>T7\ZN#朂90Gb:EI.b_j#T_^D4ok\'^6RVԎ2VF̔%_(g#:%\'M4d.^BG#Z40#}*?s柑\ZQI>.9 /HY\0O\nWO#=Z5%*KuW-#\0䃬6)}_p\'&Н/cJ6<Gģ34\\<XdR}3!\\H#=#5(\06lR}r:\'AIw?\0	qoi5$|4~Ki,cDUzI7NY4Ēǈd4홊*W`ilDFrmFP:Z{`r3F\nHO\')R%DNJe\0O\0,\0\0\0\0\0\0!1AQaq0@P \0\0?!\04ȿz[%\ZX>hA_SC\r/(*\rlɌ6Zr\0fWH|qLIc]W57jYqE?\nX\\h;#K\0FCid[+ULb*1J#ɞ!ǒe/ސB*vQ5y˴n+$0	r3@bb!.\0\\qϐc\rp\"9dAߛd*=blce;@}\r)dj%3ߟ̅8\'3XYnԥ&	r\nK&K,97(\0xs(5`pV_\ZّpVT\Z=Cek<LƏ_CkE|_!]W;Pk@O_55qy`\rM\r||&癰g EK;v^#U-o&\0?@KGnղ[ <o}n˫?x&b?=GMe߶<t,a0aXnQU3aUqWF\Z6v@uh~ĶPvv6_b8$VQV>/b:PnOEp%!Lfd 0d9k:1TI|>ɤYҌz譟Im	)}W1YUooiE(a3UBZv	gOD֏#k% eA_l3Q1ҷnQ()z	+d_%j6%Ý4;0J;EXT<E^/HKlI*Da\0/T_:f8ډlOKKiZ\\jW.	v#Zz;t-zLP\Z7na! 1Q=fdG\\t22@tƬe߼}*\0@=ei	i.Jj)}w:{ћ\\W৿g-`\nǯ%/\\!C2tA`\0OV>R\0v32),pLm\nDԲ`]wG8\\*U \\!V&[\":)*G8,^dx_gS4@kw^\0n\";`%\"j{iWEkq`_к`sI`uo8ګRcyr)xuggX\0b(ϟ̈́ث蔷OB\n.J׼0>K\'(r!E~Fm@c}D)YZFۂi\n՞5._\n2//~CT6fGf0:+טMG!_n\r\\r,GF\\X֝|(P\0@H3gXYTZ~~.n\nA]\n$:K_\'Y(Y\"Ftۂ\\Z5@adtf^rϤ9\ZP} \0D6\"n;z\0	Nc\nk2ճVlR$-7o sTENCBը\rݽxzk$4e2f^,h4sU~_%W3fGfG&d<@X=7V8Oixq$~l-GWVG +je1QkAQ$?\r[p\0&t釣=IЬȯdG8龿\"(\0Je@A.u1 \n-}c@M1c\"fx\\\\o\\MgN<</UCʳe;AQzD,PI(~kG??|*B6j`\"nG*2LFbJT[P0k>8Iԟwa̤yiNsoE/qFU\r@#e$,\rXT??J_&c%<asea.:YcWbnb	p2K @9GHw^Jys)Vl{QձiKtk|UV`idwOADLZTk-t3FeN}5\r+z]KFb:y[ѱܹq}b\\	~I&Oa}e~;>MÓ4C0Nxc+MLWRn?L_S3L1^ \0Qrn%aT7-\'>dKț:nҴ$QiBb\0+:hl#.SG	KN,D8ㆮhjwȎ<J]2,X1dʋ`ɇCXg\\{kG4&10{za\\9ޗ[K2L	mY0\'A^EWqF%ď}1%\\ܡD\ZkkoHU)?tEXԵ,\\ޘpZef|ѻ|Aq_1O2K%AmU@sP;$[G@e̖gF;J\Z,V&*\"*yd y>_eM]P߲=X\0\"OC-*b/ne\0ldp:	D~M~?)?e?rmԫxLOZVcIw$̩OBt-;vg-yxg`\"AO3I1T\\Zj2)4+iGUGauޙIxj:@w./	alFAne%(R>#xf=3	|qSf-n\n?r*ĩhOG\'؟+Q\ZK牅R?e~Z[sb;e:4j_\\~ڰ2{Ǫ|&7qxVm\ZQw&:q2rfsMFw*Q@f`JVy~g76јXr&PIc4-_0v66#01SǠM1^@[t	4UwSy i)?^أ\'sϠ*)\Z&튠QJ\0V6`;rl+Y~bd=Q?51Z~gldT$q>ǫ|4XZ\r$kңʝkL+ҙz~5˩ٔ>&PϱEVCE!2\\DXFqG`ڈY#Y<˥AyjrՈeÜN^\r0w59[s]L;_dwTP{DTg3pNRiqb	;ҁJ&wl\'\"ةJ1nEweф҉vH=sj\0*2@-u-uJ+;APW4^gVz160\r\"\0\'hYhp:ѫT\\r-{0пoԣ:Pltϼ2aL\\00vY{ĸQJæ?\0q-Zo2\Z\"-<DkkcB٘{2?^4<?aG VeXUvϩXmq1O,݈|07.JݣS/V`#aRs<Jd3Wٛ\0LrN~f]1		ȣM\"W8/Myu)Ƒ}Ca?p?7^Q2m|@Zrs#72s0b\r-G$Vϒh\'<s̈\"^/>eMіE.9\\أC@Pn)@&(Nyj03rac΋K|~6gUS[ffeFp7$G<щ|QGQVh@U\\^^%]hWo@֥\"q@28ErOikl!	ߴM{bi\rr$đ+V]Z|a\0\nw/hD$![$I`:B5\Zـ0ԈJE/$rP_L	@֥%J8U<Dq\rwD(EdmŞP&_:3_ks:2خ\'ݟ!xEOp4CV%@}`W\"\ro\01w{GO˛`0oj1\ZEhe\rG\0Y]GS\0ļ65J~u?5\0+\0\0\0\0!1AQaq0@P\0\0?\0˓1	BF`<Ug&\0P\0\ra1nkh Ks\nvb̵-H+\"\"a\0\Z;$IZC]P͇%s\0L\Zn\"6)HKiR_A\"lL\0`\0ڰ\0B\Z۴\Z6mc \0Tҷ,:JI!ʆu4S3+{qW#m\"jRj\03[a7UҏP)SV<ٍ՛ceËmq0<_%$qGT֍ϘXkVYq\"2\r亨娤=\'/TZn-;#VyBzF0]8QxԶU U3:H!IIp?|]p*\n풀,U-k>\"W\0*P8>*֠|֠\0)*	R;|B\rx]v49nLlgB9fe\n%T\rN(⛄YإLc8Z5ux1m7WbUql8\ZL<bs|=\\Z#oej\r*@,%`5fFHr\0-tynޡ%Wf#ӗK5jxAWmwb<Gbֲ\"ppzemad\Z~G%e|撏BWn+V\\U8lRPuQShe`	IJ	+ф*gJh(hP1`Di\0ND\n\0]nTÆWskտ1W{n[{/Q1ChKU\Z5,,ޠrEn^:	-8F<7.IXdZc0Z`8v7vc2+KWRdG\0kLWJs]Bː3%Y(& \0=\"?\"9A\0b):LS/f¨w<l))\0!0˛g0$kު\rAZ,iq9P3uuz\ZH83pD]K0-${:1TijT!rpk5i[M.DA%dPЫ&DI8dd\rsֹ\0]p/\'%DʀFһyӆ  QQu{#E/yl^2@Uֳ4j<x$\0{g!5JʻTB _L`ˉ	jn/%Cl)u\0]+rFnR	M{\\y؈YwÏ/P/SՔYý(h#	fHCEuzYJmkk-,Efw54Lv\"<£,t(Wk\r0xxZNp,<c^ަ 鍌QKp)0P}*l+U<].8hu7*\0|pB}q3A\nl`q+Yk\ZF:T)<b*}MQ뛶/p@B$%Qu#gE>7z$\\;\"ٜ<zYnQ%vḅCu08hxQyCQ	퐏Wi	7TzN_I&XSF%c\nL`PUKw\"dLuBڼw\ZT\r/>g\ZJQKsLeU0/oA%,QS$ҵ}NE\0l[N|K@nRl,]s=?LhiOR^V(Dĉk5\nxq)F]% =׀.QV\'	@b=ڛ;Q#	tL*\\b\".\0D^ D.JM|(@\'`(qDq/\0~e<`q68*M%8O$CLfFt\\sa0f1# j*h\"oK@^\\!A@!K|b LL%݁/->O_\0&Yb5m+ #Oaxs476psM^D\nE\0ދZң\Zɭ)\nn\00\rSۀ\0m\Zlul]\\>%`rQk\Z&X;vuJz/3R2Գ\04\"!\rǢk_[CVZ4u)R1\n`EPF.d-K=Df|A\\4+<yͷL֠,Hf\r;\r?YqqSok8X*m7\0Uqhj⍹pR*[+\'2W\rGn!f\0<oLGxI]^ST.9Ss[sDGi~\0Z`Qpm|qBvuktfPx-܆H_pCN	MɦVLSA\r{qE\r$+h:./k^e)Ha/]AHj AfD\n7{Cc)nc\'ByP!$;OO8	DVweSMb64伸eh\Zy?,\0RZ﶐&{r(u(.цu-ֱ#ytWB}\\E{Kr:BJP\ZfVH8s7jgF=۫cKFNsv\0S2Jf\"N	K0fX#_.5A?cNj7m Qf	^s4*W [Yq/0\r*rD%wW:.VF\0ojԁ0`<)hP+[g!XAk\\G}b}};as\0\rל+2A<cXV= Π: {{P+D .Ts|;,\rX@p0qLJXvm\n>QS)Bbs\0;B>:wv8p7edJ.jɫ1|9e^&,v9>mH(N슢۰X}0*o1a+pm2^:,Q8<ZK/.#r@hl\\rTP[LS2gYj2=PX8Զw/HBK@͎mJQ@R\\\0hDn2=D!&/kNUpȞ[\n0sP,N#&k]e1(fcё[bbT5yP\r\n;0?܌8ff7	j$͔ xya b\'D<)`D~n\rpe,Gl=s*=\\KZr\"\"y|{$;[;#Y(b̵\rbPL(`Dgx~Gfӌndzk>嘑g+\nQNCK\0b\0p0xjI=HSr~dZ`W<KE]78w؏9\nW=\\Q7\n0z.N\"Q\'b\n\0?(2AJWf\n\0>%%^>1\nvf1 Ҹ\nqɄƷ9o\ZEQ-X\\\"]QzKy!.?؎\0,D4Vvʂ]wtߺ.D1D\ZܭL\"fr␳->P\Z4,^\nb[\0*ƞF\'Ҫ)ѱxb\\ʽ6WV2KPv ]2cW}ƶ\Zk1	Nߴ5r%Z Tk;ZG|DP,0\01KTF+WCu>-ɲ{p<N7aaRBUhUmTLrsTbZrh\")]#nzk8J\n}}~bH?1]n&)f,:k\'WW^e{yA_5-z\0`rc\0V7#[X *fGgorM/,vϣW\0co[]C^a629R|X{Q2lWq#vMV=aaFPYyڟ\\*bCLx^N%[0;GPpL4`8э3IvO&`Rx#Vs(UJ&p(W;ʖ7re,Xx̋!H-j]mw\0.AucFY<ޥ I@cpUm75Hߔt\rv@3d)ŜB\ZڶPoT>W]K}C	dܮs>cYKܦEKlӃw\nϬJ\"jG4se0%kـ\ZxXSFCj\Z^eҌs4Bqɲ%W\02:&z0j]ecOkA^D\\)E071\r&H#@۫\\/9nU}}Y\Z5vGTrb!TyDy)͝VcY-W?$\r(53k1@jt%v\Z9\\I9B\\KkAwL	eʉit.\n`rFy7-]էqԡ\\iG=dZop&zSgX@-e[0#y w-po2tFge/\n(\"u0L{&z{boE/?4\'1UEҦ\0g(ڽL(jz.kk% \Z*yz̴]\rՖ笿\'T[QW_aÞRjt5G$crx&Yñ\\1iSSm\0~aZbKڲkc.ceh&i&t7E<Nj\"T`\\Nvۗ.42TFJXJL=ɱNCah*Nf\\㘔0TEK!w|MN^D\0q)RFCG>`޳%gKߙ{^h)49fST;ǡh0s6YUx)ϲ}?.Vuqxpr቙c\r\'9!T.G7yn;XB*	#eQfbpy->6o>c8AaG\'\0)c+eCS׿iG6v9.\"_c{=>t䩥~#Z0O/H6j\"{%v\r[סQ~іj\nTyx^йGjIWGf\np\Z7l@GD\nHoVW.CtLKTy.mu*h@g]yBq8 @!^Y,.TV-`QGrġ	bFӀ&?cӈAw)G\0X:V΍ uU|@*y:[q({Mg$_2jӌ47mY\ZeGԅ&O\00M5\\QE00K\';*ը#[X1K>~Q#Z?TԌP鬕6\0V#X>\"v5$/tN0.k>*k#^\0\rEF7B.\ZZ<X)o@4u.6q*LBd嫂-2-3*t= 96H*jz\0@)ebl}#Q mwU`\n\"yfdpL+EN5&**A^]v\01!NAZI-s$` J\'}8hD5bcd^!S9KFeK.+nXuq\0+~	\\F{}<7FzoxcU``ֆ.Ya\'A%b{ˑv\Z{1iG,Hն\r_DT\03c\n>GXM\0qU^ItWymXcV#\Zf~w)^rqЦmW\n&)ʠ\"W.nP~\"`R(@Urkƞeph`%&AS@xjHI<ZJ}5vVޱk/@M\rtx_m*\">\"\0o%in-S6ea-u ڢfScbH]S(J\nFrSfx<cr˴_s~Բō- 0eyJ%0d\rٙ^!P<4UR|fH<	W+mEC8~P5/eBV܋Lj]Ea%+k+_mmb,3ă>!`nc\0NcZ1.1BUn75>z5@3W𷃩žH8>RP ެORaat%XQ!Sj\\ZAoPQ*≠cB압qr %\n	!+\r/}^(hRm1i/aмi>shH\\\0C$0q$(I;\nZY{l3[/K=ԩaL/,b\0VVR1qZn\\  \0h>5&jsM_5^ǡ^>d:K}EKd(3E`4KHN@NX߿2e:Z+9h8PQ\";ѹhQe:X4\rmU+\nQ;%45dNSev6CL.\n`u\nÕl_|$VQAhKQe8xO	Ez<|ŝ[eY]j؁EAN:5\07\0\0\0\0\0\0\0!1A \"2Qaq#30B$@C`p\0?\0\0ehՠ\'6\rIZo\Z\rBu2ag( K`ˑ;7Qc\0f6Z6\n7\0\Z`R7nݔ~V\0cD\r\0ΏRc\'ԱqD@Am)SBi0Н0AKQ2?ɑk<XHC^(pwJ! ,<Byӌ\n0do%ur*wV<i*@mh1R3+CO9B0	ֱ/-*aO#F}8v)Fٷ8@- 6S3_,aY\02 бBdGRn(scn49\\jF<b\\I	AeX-p=b0Vg,BLJ\"ShD)Y585#	!5ǙJ2RpS026\0loX5)3l/\'^\0!@EOeB5N6%֍k~CCOvH9\0*klSHYa@FYX~Pz,?GEbѐ2|\0N\0wI\">SEⲖ/K,\Zr~~ˋ,>\'Ic,V7u(\")vz|Ǹz}b#V>\'xH\Z+3y`z;,v4?cbVAZTЭowY\'TS)fmITq+y0<ʌȲ|bx\ns?\0)e\nS\'gcĖ)|1Ntމ6Nݦ;,*BCco\'P+$\r)̄2cj*aK\'v\08Fpz!MptZAO6PIlଋ2d@\nrKB(jX)iMxb\09Ȧo!l@l2<1-<{(\\Ch f4xB|gE+\';=k*xqpNՎ+G-Ibti̔Zq4g8z`OJE4kKB WgXGnU\"GO,BDxV<&n=cϛU	\0暲]x<80JN)ѱeji\n&)wfOc9!h2ȧoTCk1][\Z<f)糄2tG!<@{)<_7߂+HPN2=S&A 9)3\\`n!u׻P:I4+)|_\"H*w6FRQǊdiدN?)mWKdJ\"(JWi|1ԥqF\0,\0\0\0\0\0\0\0!12A \"0B#Qq3@`ap\0?\0\0NN\0StN%%)\'e1SQ#T\'$;FMLYyBi)tCӯH^W.PE_N6jW4N5IЦZ\"iGMN|gcmZ?Li~]$\'j.^ҌzH]I~d4-=; 76̎&˸hIؔ!}lIJ=ϦXۖ~*1rٕ+#4Bzv;юݙD	wsrQ\nx2TAT.&[U/5?b&D{?`ᙻ\rV٥9$;C̗qM*ndSRRFF5H[VOqKɍTIjD&EcDpGoԷԑF#%v(Td!UɓZd<9#{DDRRɫKX<u\"_(-{YE|R nhq]mdw%c;T-z0WhM^BWZbf;jWDN6I(2NDxqV.IXZ0<ԓ5V\"J )2wdnmdBS\"\'LJĈ]Ir%D M{F&JI==R&j/uu/푵WȮ$aѕi$.>H# QiEpFXQKd,I\"BTfLJMxk6()Z1ץ\0 ','3.png','image/png',NULL,NULL,'外套',632,1);

/*Table structure for table `shipping_method` */

DROP TABLE IF EXISTS `shipping_method`;

CREATE TABLE `shipping_method` (
  `id` int NOT NULL AUTO_INCREMENT,
  `name` varchar(32) CHARACTER SET utf8mb4 COLLATE utf8mb4_0900_ai_ci DEFAULT NULL,
  PRIMARY KEY (`id`)
) ENGINE=InnoDB AUTO_INCREMENT=5 DEFAULT CHARSET=utf8mb4 COLLATE=utf8mb4_0900_ai_ci;

/*Data for the table `shipping_method` */

insert  into `shipping_method`(`id`,`name`) values 
(1,'宅配'),
(2,'宅配到付'),
(3,'超商取貨'),
(4,'超商取付');

/*Table structure for table `size` */

DROP TABLE IF EXISTS `size`;

CREATE TABLE `size` (
  `id` int NOT NULL AUTO_INCREMENT,
  `size_name` varchar(16) CHARACTER SET utf8mb4 COLLATE utf8mb4_0900_ai_ci DEFAULT NULL,
  PRIMARY KEY (`id`)
) ENGINE=InnoDB AUTO_INCREMENT=5 DEFAULT CHARSET=utf8mb4 COLLATE=utf8mb4_0900_ai_ci;

/*Data for the table `size` */

insert  into `size`(`id`,`size_name`) values 
(1,'S'),
(2,'M'),
(3,'L'),
(4,'XL');

/*Table structure for table `used_cart` */

DROP TABLE IF EXISTS `used_cart`;

CREATE TABLE `used_cart` (
  `id` int NOT NULL AUTO_INCREMENT,
  `createTime` datetime(6) DEFAULT NULL,
  `memberId` int DEFAULT NULL,
  `status` tinyint DEFAULT NULL,
  PRIMARY KEY (`id`)
) ENGINE=InnoDB AUTO_INCREMENT=69 DEFAULT CHARSET=utf8mb4 COLLATE=utf8mb4_0900_ai_ci;

/*Data for the table `used_cart` */

insert  into `used_cart`(`id`,`createTime`,`memberId`,`status`) values 
(29,'2022-10-04 17:31:45.465000',1,0),
(30,'2022-10-04 17:51:46.008000',4,0),
(32,'2022-10-05 11:56:47.710000',4,0),
(33,'2022-10-05 14:31:58.152000',4,0),
(39,'2022-10-06 00:46:25.804000',4,0),
(40,'2022-10-06 01:14:25.898000',4,0),
(48,'2022-10-06 22:44:25.451000',4,0),
(49,'2022-10-08 17:02:09.393000',4,0),
(50,'2022-10-09 16:22:38.337000',NULL,1),
(51,'2022-10-09 23:15:10.097000',NULL,1),
(52,'2022-10-09 23:17:10.408000',NULL,1),
(53,'2022-10-09 23:22:03.831000',NULL,1),
(54,'2022-10-09 23:27:43.109000',NULL,1),
(55,'2022-10-09 23:28:14.269000',NULL,1),
(56,'2022-10-10 00:13:22.214000',NULL,1),
(57,'2022-10-10 00:27:48.074000',4,0),
(58,'2022-10-11 01:04:46.813000',NULL,1),
(59,'2022-10-11 01:20:51.516000',4,0),
(60,'2022-10-11 09:30:36.504000',4,0),
(61,'2022-10-11 10:30:09.777000',4,0),
(62,'2022-10-11 14:46:20.864000',4,1),
(63,'2022-10-11 17:29:16.221000',7,1),
(64,'2022-10-11 18:01:59.554000',8,0),
(65,'2022-10-11 18:25:57.186000',8,0),
(66,'2022-10-11 21:35:19.589000',8,1),
(67,'2022-10-12 13:25:07.375000',9,0),
(68,'2022-10-12 17:42:55.677000',9,0);

/*Table structure for table `used_cartdetail` */

DROP TABLE IF EXISTS `used_cartdetail`;

CREATE TABLE `used_cartdetail` (
  `id` int NOT NULL AUTO_INCREMENT,
  `cartId` int DEFAULT NULL,
  `createTime` datetime(6) DEFAULT NULL,
  `productId` int DEFAULT NULL,
  `productQty` int DEFAULT NULL,
  PRIMARY KEY (`id`)
) ENGINE=InnoDB AUTO_INCREMENT=169 DEFAULT CHARSET=utf8mb4 COLLATE=utf8mb4_0900_ai_ci;

/*Data for the table `used_cartdetail` */

insert  into `used_cartdetail`(`id`,`cartId`,`createTime`,`productId`,`productQty`) values 
(88,29,'2022-10-04 17:32:37.914000',3,1),
(90,29,'2022-10-04 17:48:26.770000',7,1),
(91,30,'2022-10-04 17:51:46.015000',4,1),
(92,30,'2022-10-04 17:51:51.225000',5,1),
(94,32,'2022-10-05 11:56:47.751000',5,1),
(95,32,'2022-10-05 11:56:57.963000',6,1),
(127,33,'2022-10-05 22:10:02.077000',2,1),
(128,39,'2022-10-06 00:47:39.348000',4,1),
(129,39,'2022-10-06 00:48:07.074000',5,1),
(134,40,'2022-10-06 22:17:10.014000',6,1),
(135,48,'2022-10-06 22:44:29.241000',2,1),
(137,48,'2022-10-06 22:45:17.271000',4,1),
(144,49,'2022-10-10 00:14:26.085000',1,1),
(145,49,'2022-10-10 00:14:28.584000',2,1),
(152,57,'2022-10-10 20:57:44.254000',1,1),
(153,59,'2022-10-11 01:21:00.070000',2,1),
(156,59,'2022-10-11 01:21:17.550000',3,1),
(157,60,'2022-10-11 09:30:57.049000',2,1),
(158,60,'2022-10-11 09:31:00.278000',3,1),
(159,61,'2022-10-11 14:23:29.469000',3,1),
(160,61,'2022-10-11 14:23:33.633000',4,1),
(161,64,'2022-10-11 18:01:59.653000',1,1),
(162,64,'2022-10-11 18:03:15.643000',2,1),
(163,65,'2022-10-11 21:21:19.922000',2,1),
(164,65,'2022-10-11 21:21:25.159000',4,1),
(165,67,'2022-10-12 13:25:07.384000',2,1),
(167,67,'2022-10-12 13:25:39.278000',3,1),
(168,68,'2022-10-12 17:43:05.063000',6,1);

/*Table structure for table `used_category` */

DROP TABLE IF EXISTS `used_category`;

CREATE TABLE `used_category` (
  `id` int NOT NULL AUTO_INCREMENT,
  `createTime` datetime(6) DEFAULT NULL,
  `name` varchar(255) DEFAULT NULL,
  `parentId` int DEFAULT NULL,
  PRIMARY KEY (`id`)
) ENGINE=InnoDB AUTO_INCREMENT=10 DEFAULT CHARSET=utf8mb4 COLLATE=utf8mb4_0900_ai_ci;

/*Data for the table `used_category` */

insert  into `used_category`(`id`,`createTime`,`name`,`parentId`) values 
(1,'2022-09-23 18:53:43.000000','上衣',NULL),
(2,'2022-09-23 18:53:43.000000','下著',NULL),
(3,'2022-09-23 18:53:43.000000','配件',NULL),
(4,'2022-09-23 18:53:43.000000','T恤',1),
(5,'2022-09-23 18:53:43.000000','襯衫',1),
(6,'2022-09-23 18:53:43.000000','褲子',2),
(7,'2022-09-23 18:53:43.000000','裙子',2),
(8,'2022-09-23 18:53:43.000000','帽子',3),
(9,'2022-09-23 18:53:43.000000','耳環',3);

/*Table structure for table `used_chat` */

DROP TABLE IF EXISTS `used_chat`;

CREATE TABLE `used_chat` (
  `id` int NOT NULL AUTO_INCREMENT,
  `content` varchar(255) DEFAULT NULL,
  `createTime` datetime(6) DEFAULT NULL,
  `fromId` int DEFAULT NULL,
  `toId` int DEFAULT NULL,
  PRIMARY KEY (`id`)
) ENGINE=InnoDB DEFAULT CHARSET=utf8mb4 COLLATE=utf8mb4_0900_ai_ci;

/*Data for the table `used_chat` */

/*Table structure for table `used_collect` */

DROP TABLE IF EXISTS `used_collect`;

CREATE TABLE `used_collect` (
  `id` int NOT NULL AUTO_INCREMENT,
  `createTime` datetime(6) DEFAULT NULL,
  `memberId` int DEFAULT NULL,
  `productId` int DEFAULT NULL,
  PRIMARY KEY (`id`)
) ENGINE=InnoDB AUTO_INCREMENT=22 DEFAULT CHARSET=utf8mb4 COLLATE=utf8mb4_0900_ai_ci;

/*Data for the table `used_collect` */

insert  into `used_collect`(`id`,`createTime`,`memberId`,`productId`) values 
(5,'2022-10-04 17:32:12.887000',1,5),
(6,'2022-10-04 17:55:42.780000',4,5),
(7,'2022-10-04 17:55:46.107000',4,6),
(8,'2022-10-04 18:06:50.495000',2,2),
(11,'2022-10-08 17:18:26.558000',4,1),
(20,'2022-10-12 13:24:39.925000',9,1);

/*Table structure for table `used_order` */

DROP TABLE IF EXISTS `used_order`;

CREATE TABLE `used_order` (
  `id` int NOT NULL AUTO_INCREMENT,
  `createTime` datetime(6) DEFAULT NULL,
  `memberId` int DEFAULT NULL,
  `shippingFee` int DEFAULT NULL,
  `totalPrice` int DEFAULT NULL,
  `email` varchar(100) CHARACTER SET utf8mb3 COLLATE utf8_general_ci DEFAULT NULL,
  `address` varchar(100) CHARACTER SET utf8mb3 COLLATE utf8_general_ci DEFAULT NULL,
  `phone` varchar(100) CHARACTER SET utf8mb3 COLLATE utf8_general_ci DEFAULT NULL,
  PRIMARY KEY (`id`)
) ENGINE=InnoDB AUTO_INCREMENT=66 DEFAULT CHARSET=utf8mb4 COLLATE=utf8mb4_0900_ai_ci;

/*Data for the table `used_order` */

insert  into `used_order`(`id`,`createTime`,`memberId`,`shippingFee`,`totalPrice`,`email`,`address`,`phone`) values 
(45,'2022-10-04 17:50:46.879000',1,60,610,'tarokun@gmail.com','台北市大安區忠孝東路三段1號','0956781264'),
(46,'2022-10-04 17:53:40.240000',4,60,460,'white164@gmail.com','台南市中西區樹林街二段33號','0965852221'),
(47,'2022-10-05 11:57:48.311000',4,60,325,'white164@gmail.com','台南市中西區樹林街二段33號','0965852221'),
(48,'2022-10-06 00:46:07.037000',4,60,210,'white164@gmail.com','台南市中西區樹林街二段33號','0965852221'),
(49,'2022-10-06 00:48:32.144000',4,60,460,'white164@gmail.com','台南市中西區樹林街二段33號','0965852221'),
(55,'2022-10-06 22:40:58.434000',4,60,215,'white164@gmail.com','台南市中西區樹林街二段33號','0965852221'),
(56,'2022-10-06 22:45:45.422000',4,60,500,'white164@gmail.com','台南市中西區樹林街二段33號','0965852221'),
(57,'2022-10-10 00:15:15.490000',4,60,299,'white164@gmail.com','台南市中西區樹林街二段33號','0965852221'),
(58,'2022-10-11 01:19:53.741000',4,60,149,'white164@gmail.com','台南市中西區樹林街二段33號','0965852221'),
(59,'2022-10-11 01:21:30.854000',4,60,460,'white164@gmail.com','台南市中西區樹林街二段33號','0965852221'),
(60,'2022-10-11 09:36:57.931000',4,60,460,'white164@gmail.com','台南市中西區樹林街二段33號','0965852221'),
(61,'2022-10-11 14:23:52.794000',4,60,600,'white164@gmail.com','台南市中西區樹林街二段33號','0965852221'),
(62,'2022-10-11 18:16:55.665000',8,60,299,'bbb@gmail.com','台南市中西區樹林街二段33號','0988888888'),
(63,'2022-10-11 21:21:51.218000',8,60,500,'white164@gmail.com','台南市中西區樹林街二段33號','0937088775'),
(64,'2022-10-12 13:26:08.551000',9,60,460,'wendy@gmail.com','台北市大安區忠孝東路三段1號','0937088775'),
(65,'2022-10-12 18:04:07.938000',9,60,215,'wendy@gmail.com','台北市大安區忠孝東路三段1號','0937088775');

/*Table structure for table `used_orderdetail` */

DROP TABLE IF EXISTS `used_orderdetail`;

CREATE TABLE `used_orderdetail` (
  `id` int NOT NULL AUTO_INCREMENT,
  `createTime` datetime(6) DEFAULT NULL,
  `orderId` int DEFAULT NULL,
  `productId` int DEFAULT NULL,
  `productQty` int DEFAULT NULL,
  PRIMARY KEY (`id`)
) ENGINE=InnoDB AUTO_INCREMENT=84 DEFAULT CHARSET=utf8mb4 COLLATE=utf8mb4_0900_ai_ci;

/*Data for the table `used_orderdetail` */

insert  into `used_orderdetail`(`id`,`createTime`,`orderId`,`productId`,`productQty`) values 
(56,'2022-10-04 17:50:46.958000',45,3,1),
(57,'2022-10-04 17:50:46.960000',45,7,1),
(58,'2022-10-04 17:53:40.346000',46,4,1),
(59,'2022-10-04 17:53:40.349000',46,5,1),
(60,'2022-10-05 11:57:48.319000',47,5,1),
(61,'2022-10-05 11:57:48.321000',47,6,1),
(62,'2022-10-06 00:46:07.138000',48,2,1),
(63,'2022-10-06 00:48:32.158000',49,4,1),
(64,'2022-10-06 00:48:32.159000',49,5,1),
(65,'2022-10-06 22:40:58.471000',55,6,1),
(66,'2022-10-06 22:45:45.432000',56,2,1),
(67,'2022-10-06 22:45:45.435000',56,4,1),
(68,'2022-10-10 00:15:15.499000',57,1,1),
(69,'2022-10-10 00:15:15.500000',57,2,1),
(70,'2022-10-11 01:19:53.775000',58,1,1),
(71,'2022-10-11 01:21:30.863000',59,2,1),
(72,'2022-10-11 01:21:30.864000',59,3,1),
(73,'2022-10-11 09:36:57.942000',60,2,1),
(74,'2022-10-11 09:36:57.944000',60,3,1),
(75,'2022-10-11 14:23:52.805000',61,3,1),
(76,'2022-10-11 14:23:52.806000',61,4,1),
(77,'2022-10-11 18:16:55.709000',62,1,1),
(78,'2022-10-11 18:16:55.710000',62,2,1),
(79,'2022-10-11 21:21:51.231000',63,2,1),
(80,'2022-10-11 21:21:51.232000',63,4,1),
(81,'2022-10-12 13:26:08.563000',64,2,1),
(82,'2022-10-12 13:26:08.565000',64,3,1),
(83,'2022-10-12 18:04:07.947000',65,6,1);

/*Table structure for table `used_product` */

DROP TABLE IF EXISTS `used_product`;

CREATE TABLE `used_product` (
  `id` int NOT NULL AUTO_INCREMENT,
  `createTime` datetime NOT NULL,
  `name` varchar(100) NOT NULL,
  `price` int NOT NULL,
  `content` varchar(200) CHARACTER SET utf8mb3 COLLATE utf8_general_ci NOT NULL,
  `memberId` int NOT NULL,
  `categoryId` int NOT NULL,
  `cover` varchar(200) CHARACTER SET utf8mb3 COLLATE utf8_general_ci NOT NULL,
  `status` varchar(100) CHARACTER SET utf8mb3 COLLATE utf8_general_ci NOT NULL,
  PRIMARY KEY (`id`)
) ENGINE=InnoDB AUTO_INCREMENT=21 DEFAULT CHARSET=utf8mb4 COLLATE=utf8mb4_0900_ai_ci;

/*Data for the table `used_product` */

insert  into `used_product`(`id`,`createTime`,`name`,`price`,`content`,`memberId`,`categoryId`,`cover`,`status`) values 
(1,'2022-09-30 01:04:56','淺灰圓領T恤',89,'無污漬，商品狀況良好',1,4,'https://i.imgur.com/sXhnA1T.jpeg','published'),
(2,'2022-09-30 23:33:32','金色燙字白帽',150,'潮好看 還很新喔',4,8,'https://i.imgur.com/ln3B1Ea.jpeg','published'),
(3,'2022-10-03 21:38:23','淺咖長袖襯衫',250,'多口袋 商品完整 鈕扣沒有鬆落',4,5,'https://i.imgur.com/StBvjcC.jpeg','published'),
(4,'2022-10-03 23:12:06','抽繩寬版短褲',290,'純白無污漬 透氣涼爽',1,6,'https://i.imgur.com/fe1zl33.jpeg','published'),
(5,'2022-10-03 23:22:35','黑色花個性T',110,'圖案完整 好看 舒適',2,4,'https://i.imgur.com/1LOWVIz.jpeg','published'),
(6,'2022-10-03 23:27:09','黑色圓領T恤',155,'簡約個性的圖案 很百搭',2,4,'https://i.imgur.com/w1ZCjHv.jpeg','published'),
(7,'2022-10-03 23:30:26','棕色長袖襯衫',200,'連帽襯衫 可以當薄外套 也可單穿',3,5,'https://i.imgur.com/Qbjh9VZ.jpeg','published');

/*Table structure for table `wear_share` */

DROP TABLE IF EXISTS `wear_share`;

CREATE TABLE `wear_share` (
  `id` int unsigned NOT NULL AUTO_INCREMENT,
  `prod_id` int unsigned NOT NULL,
  `member_photo` blob NOT NULL,
  `member_id` int unsigned NOT NULL,
  PRIMARY KEY (`id`)
) ENGINE=InnoDB DEFAULT CHARSET=utf8mb4 COLLATE=utf8mb4_0900_ai_ci;

/*Data for the table `wear_share` */

/*Table structure for table `cart_detail_view` */

DROP TABLE IF EXISTS `cart_detail_view`;

/*!50001 DROP VIEW IF EXISTS `cart_detail_view` */;
/*!50001 DROP TABLE IF EXISTS `cart_detail_view` */;

/*!50001 CREATE TABLE  `cart_detail_view`(
 `id` int ,
 `cartId` int ,
 `productId` int ,
 `productQty` int ,
 `name` varchar(100) ,
 `price` int 
)*/;

/*Table structure for table `order_detail_view` */

DROP TABLE IF EXISTS `order_detail_view`;

/*!50001 DROP VIEW IF EXISTS `order_detail_view` */;
/*!50001 DROP TABLE IF EXISTS `order_detail_view` */;

/*!50001 CREATE TABLE  `order_detail_view`(
 `id` int ,
 `orderId` int ,
 `productId` int ,
 `productQty` int ,
 `name` varchar(100) ,
 `price` int 
)*/;

/*Table structure for table `used_cartdetail_view` */

DROP TABLE IF EXISTS `used_cartdetail_view`;

/*!50001 DROP VIEW IF EXISTS `used_cartdetail_view` */;
/*!50001 DROP TABLE IF EXISTS `used_cartdetail_view` */;

/*!50001 CREATE TABLE  `used_cartdetail_view`(
 `id` int ,
 `cartId` int ,
 `productId` int ,
 `productQty` int ,
 `name` varchar(100) ,
 `price` int ,
 `cover` varchar(200) 
)*/;

/*Table structure for table `used_collect_view` */

DROP TABLE IF EXISTS `used_collect_view`;

/*!50001 DROP VIEW IF EXISTS `used_collect_view` */;
/*!50001 DROP TABLE IF EXISTS `used_collect_view` */;

/*!50001 CREATE TABLE  `used_collect_view`(
 `id` int ,
 `memberId` int ,
 `productId` int ,
 `name` varchar(100) ,
 `price` int ,
 `cover` varchar(200) ,
 `status` varchar(100) 
)*/;

/*Table structure for table `used_orderdetail_view` */

DROP TABLE IF EXISTS `used_orderdetail_view`;

/*!50001 DROP VIEW IF EXISTS `used_orderdetail_view` */;
/*!50001 DROP TABLE IF EXISTS `used_orderdetail_view` */;

/*!50001 CREATE TABLE  `used_orderdetail_view`(
 `id` int ,
 `orderId` int ,
 `productId` int ,
 `productQty` int ,
 `name` varchar(100) ,
 `price` int ,
 `cover` varchar(200) 
)*/;

/*Table structure for table `used_product_view` */

DROP TABLE IF EXISTS `used_product_view`;

/*!50001 DROP VIEW IF EXISTS `used_product_view` */;
/*!50001 DROP TABLE IF EXISTS `used_product_view` */;

/*!50001 CREATE TABLE  `used_product_view`(
 `id` int ,
 `createTime` datetime ,
 `name` varchar(100) ,
 `price` int ,
 `content` varchar(200) ,
 `memberId` int ,
 `categoryId` int ,
 `cover` varchar(200) ,
 `status` varchar(100) ,
 `categoryName` varchar(255) ,
 `parentId` int 
)*/;

/*View structure for view cart_detail_view */

/*!50001 DROP TABLE IF EXISTS `cart_detail_view` */;
/*!50001 DROP VIEW IF EXISTS `cart_detail_view` */;

/*!50001 CREATE ALGORITHM=UNDEFINED DEFINER=`root`@`localhost` SQL SECURITY DEFINER VIEW `cart_detail_view` AS select `cd`.`id` AS `id`,`cd`.`cartId` AS `cartId`,`cd`.`productId` AS `productId`,`cd`.`productQty` AS `productQty`,`p`.`name` AS `name`,`p`.`price` AS `price` from (`used_cartdetail` `cd` left join `used_product` `p` on((`cd`.`productId` = `p`.`id`))) */;

/*View structure for view order_detail_view */

/*!50001 DROP TABLE IF EXISTS `order_detail_view` */;
/*!50001 DROP VIEW IF EXISTS `order_detail_view` */;

/*!50001 CREATE ALGORITHM=UNDEFINED DEFINER=`root`@`localhost` SQL SECURITY DEFINER VIEW `order_detail_view` AS select `od`.`id` AS `id`,`od`.`orderId` AS `orderId`,`od`.`productId` AS `productId`,`od`.`productQty` AS `productQty`,`p`.`name` AS `name`,`p`.`price` AS `price` from (`used_orderdetail` `od` left join `used_product` `p` on((`od`.`productId` = `p`.`id`))) */;

/*View structure for view used_cartdetail_view */

/*!50001 DROP TABLE IF EXISTS `used_cartdetail_view` */;
/*!50001 DROP VIEW IF EXISTS `used_cartdetail_view` */;

/*!50001 CREATE ALGORITHM=UNDEFINED DEFINER=`root`@`localhost` SQL SECURITY DEFINER VIEW `used_cartdetail_view` AS select `cd`.`id` AS `id`,`cd`.`cartId` AS `cartId`,`cd`.`productId` AS `productId`,`cd`.`productQty` AS `productQty`,`p`.`name` AS `name`,`p`.`price` AS `price`,`p`.`cover` AS `cover` from (`used_cartdetail` `cd` left join `used_product` `p` on((`cd`.`productId` = `p`.`id`))) */;

/*View structure for view used_collect_view */

/*!50001 DROP TABLE IF EXISTS `used_collect_view` */;
/*!50001 DROP VIEW IF EXISTS `used_collect_view` */;

/*!50001 CREATE ALGORITHM=UNDEFINED DEFINER=`root`@`localhost` SQL SECURITY DEFINER VIEW `used_collect_view` AS select `c`.`id` AS `id`,`c`.`memberId` AS `memberId`,`c`.`productId` AS `productId`,`p`.`name` AS `name`,`p`.`price` AS `price`,`p`.`cover` AS `cover`,`p`.`status` AS `status` from (`used_collect` `c` left join `used_product` `p` on((`c`.`productId` = `p`.`id`))) */;

/*View structure for view used_orderdetail_view */

/*!50001 DROP TABLE IF EXISTS `used_orderdetail_view` */;
/*!50001 DROP VIEW IF EXISTS `used_orderdetail_view` */;

/*!50001 CREATE ALGORITHM=UNDEFINED DEFINER=`root`@`localhost` SQL SECURITY DEFINER VIEW `used_orderdetail_view` AS select `od`.`id` AS `id`,`od`.`orderId` AS `orderId`,`od`.`productId` AS `productId`,`od`.`productQty` AS `productQty`,`p`.`name` AS `name`,`p`.`price` AS `price`,`p`.`cover` AS `cover` from (`used_orderdetail` `od` left join `used_product` `p` on((`od`.`productId` = `p`.`id`))) */;

/*View structure for view used_product_view */

/*!50001 DROP TABLE IF EXISTS `used_product_view` */;
/*!50001 DROP VIEW IF EXISTS `used_product_view` */;

/*!50001 CREATE ALGORITHM=UNDEFINED DEFINER=`root`@`localhost` SQL SECURITY DEFINER VIEW `used_product_view` AS select `p`.`id` AS `id`,`p`.`createTime` AS `createTime`,`p`.`name` AS `name`,`p`.`price` AS `price`,`p`.`content` AS `content`,`p`.`memberId` AS `memberId`,`p`.`categoryId` AS `categoryId`,`p`.`cover` AS `cover`,`p`.`status` AS `status`,`c`.`name` AS `categoryName`,`c`.`parentId` AS `parentId` from (`used_product` `p` left join `used_category` `c` on((`p`.`categoryId` = `c`.`id`))) */;

/*!40101 SET SQL_MODE=@OLD_SQL_MODE */;
/*!40014 SET FOREIGN_KEY_CHECKS=@OLD_FOREIGN_KEY_CHECKS */;
/*!40014 SET UNIQUE_CHECKS=@OLD_UNIQUE_CHECKS */;
/*!40111 SET SQL_NOTES=@OLD_SQL_NOTES */;
